[debug] [2023-02-06T18:30:31.574Z] ----------------------------------------------------------------------
[debug] [2023-02-06T18:30:31.575Z] Command:       /usr/local/bin/node /usr/local/bin/firebase functions:shell
[debug] [2023-02-06T18:30:31.576Z] CLI Version:   11.15.0
[debug] [2023-02-06T18:30:31.577Z] Platform:      darwin
[debug] [2023-02-06T18:30:31.577Z] Node Version:  v18.12.1
[debug] [2023-02-06T18:30:31.578Z] Time:          Mon Feb 06 2023 12:30:31 GMT-0600 (Central Standard Time)
[debug] [2023-02-06T18:30:31.579Z] ----------------------------------------------------------------------
[debug] 
[debug] [2023-02-06T18:30:31.673Z] > command requires scopes: ["email","openid","https://www.googleapis.com/auth/cloudplatformprojects.readonly","https://www.googleapis.com/auth/firebase","https://www.googleapis.com/auth/cloud-platform"]
[debug] [2023-02-06T18:30:31.675Z] > authorizing via signed-in user (psides.sunsouth@gmail.com)
[debug] [2023-02-06T18:30:31.675Z] [iam] checking project rodeo-daily for permissions ["firebase.projects.get"]
[debug] [2023-02-06T18:30:31.677Z] >>> [apiv2][query] POST https://cloudresourcemanager.googleapis.com/v1/projects/rodeo-daily:testIamPermissions [none]
[debug] [2023-02-06T18:30:31.678Z] >>> [apiv2][(partial)header] POST https://cloudresourcemanager.googleapis.com/v1/projects/rodeo-daily:testIamPermissions x-goog-quota-user=projects/rodeo-daily
[debug] [2023-02-06T18:30:31.679Z] >>> [apiv2][body] POST https://cloudresourcemanager.googleapis.com/v1/projects/rodeo-daily:testIamPermissions {"permissions":["firebase.projects.get"]}
[debug] [2023-02-06T18:30:32.015Z] <<< [apiv2][status] POST https://cloudresourcemanager.googleapis.com/v1/projects/rodeo-daily:testIamPermissions 200
[debug] [2023-02-06T18:30:32.019Z] <<< [apiv2][body] POST https://cloudresourcemanager.googleapis.com/v1/projects/rodeo-daily:testIamPermissions {"permissions":["firebase.projects.get"]}
[debug] [2023-02-06T18:30:32.024Z] >>> [apiv2][query] GET http://127.0.0.1:4400/emulators [none]
[debug] [2023-02-06T18:30:32.036Z] <<< [apiv2][status] GET http://127.0.0.1:4400/emulators 200
[debug] [2023-02-06T18:30:32.037Z] <<< [apiv2][body] GET http://127.0.0.1:4400/emulators {"hub":{"listen":[{"address":"127.0.0.1","family":"IPv4","port":4400},{"address":"::1","family":"IPv6","port":4400}],"name":"hub","host":"127.0.0.1","port":4400},"ui":{"listen":[{"address":"127.0.0.1","family":"IPv4","port":4000},{"address":"::1","family":"IPv6","port":4000}],"name":"ui","host":"127.0.0.1","port":4000,"pid":27612},"logging":{"listen":[{"address":"127.0.0.1","family":"IPv4","port":4500}],"name":"logging","host":"127.0.0.1","port":4500},"functions":{"name":"functions","host":"127.0.0.1","port":5001},"eventarc":{"name":"eventarc","host":"127.0.0.1","port":9299}}
[debug] [2023-02-06T18:30:32.037Z] Running emulators:  {"hub":{"listen":[{"address":"127.0.0.1","family":"IPv4","port":4400},{"address":"::1","family":"IPv6","port":4400}],"name":"hub","host":"127.0.0.1","port":4400},"ui":{"listen":[{"address":"127.0.0.1","family":"IPv4","port":4000},{"address":"::1","family":"IPv6","port":4000}],"name":"ui","host":"127.0.0.1","port":4000,"pid":27612},"logging":{"listen":[{"address":"127.0.0.1","family":"IPv4","port":4500}],"name":"logging","host":"127.0.0.1","port":4500},"functions":{"name":"functions","host":"127.0.0.1","port":5001},"eventarc":{"name":"eventarc","host":"127.0.0.1","port":9299}}
[warn] ⚠  functions: You are already running the Cloud Functions emulator on port 5001. Running the emulator and the Functions shell simultaenously can result in unexpected behavior. 
[warn] ⚠  functions: Functions Emulator unable to start on port 5000, starting on 5002 instead. {"metadata":{"emulator":{"name":"functions"},"message":"Functions Emulator unable to start on port 5000, starting on 5002 instead."}}
[debug] [2023-02-06T18:30:32.437Z] [functions] Functions Emulator only supports listening on one address (127.0.0.1). Not listening on ::1
[warn] ⚠  Your requested "node" version "16" doesn't match your global version "18". Using node@18 from host. {"metadata":{"emulator":{"name":"functions"},"message":"Your requested \"node\" version \"16\" doesn't match your global version \"18\". Using node@18 from host."}}
[debug] [2023-02-06T18:30:32.453Z] defaultcredentials: writing to file /Users/Payton/.config/firebase/psides_sunsouth_gmail.com_application_default_credentials.json
[debug] [2023-02-06T18:30:32.455Z] DEBUG: Setting GAC to /Users/Payton/.config/firebase/psides_sunsouth_gmail.com_application_default_credentials.json
[debug] [2023-02-06T18:30:32.456Z] >>> [apiv2][query] GET https://firebase.googleapis.com/v1beta1/projects/rodeo-daily/adminSdkConfig [none]
[debug] [2023-02-06T18:30:32.876Z] <<< [apiv2][status] GET https://firebase.googleapis.com/v1beta1/projects/rodeo-daily/adminSdkConfig 200
[debug] [2023-02-06T18:30:32.878Z] <<< [apiv2][body] GET https://firebase.googleapis.com/v1beta1/projects/rodeo-daily/adminSdkConfig {"projectId":"rodeo-daily","storageBucket":"rodeo-daily.appspot.com"}
[debug] [2023-02-06T18:30:32.903Z] [functions] Watching "/Users/Payton/web-development/wpra-api/functions" for Cloud Functions...
[debug] [2023-02-06T18:30:32.914Z] Validating nodejs source
[warn] ⚠  functions: package.json indicates an outdated version of firebase-functions. Please upgrade using npm install --save firebase-functions@latest in your functions directory. 
[warn] ⚠  functions: Please note that there will be breaking changes when you upgrade. 
[debug] [2023-02-06T18:30:34.374Z] > [functions] package.json contents: {
  "name": "functions",
  "description": "Cloud Functions for Firebase",
  "scripts": {
    "serve": "firebase emulators:start --only functions",
    "shell": "firebase functions:shell",
    "start": "npm run shell",
    "deploy": "firebase deploy --only functions",
    "logs": "firebase functions:log"
  },
  "engines": {
    "node": "16"
  },
  "main": "index.js",
  "dependencies": {
    "axios": "^1.3.2",
    "cheerio": "^1.0.0-rc.12",
    "express": "^4.18.2",
    "firebase-admin": "^10.0.2",
    "firebase-functions": "^3.18.0",
    "moment": "^2.29.4"
  },
  "devDependencies": {
    "firebase-functions-test": "^0.2.0"
  },
  "private": true
}
[debug] [2023-02-06T18:30:34.374Z] Building nodejs source
[debug] [2023-02-06T18:30:34.374Z] Analyzing nodejs backend spec
[debug] [2023-02-06T18:30:34.377Z] Could not find functions.yaml. Must use http discovery
[debug] [2023-02-06T18:30:34.612Z] Serving at port 9005

[debug] [2023-02-06T18:30:34.733Z] Got response from /__/functions.yaml {"endpoints":{"helloWorld":{"platform":"gcfv1","httpsTrigger":{},"entryPoint":"helloWorld"}},"specVersion":"v1alpha1","requiredAPIs":[]}
[debug] [2023-02-06T18:30:34.746Z] shutdown requested via /__/quitquitquit

[debug] [2023-02-06T18:30:34.753Z] [functions] Loaded functions definitions from source: helloWorld.
[debug] [2023-02-06T18:30:34.753Z] [functions[us-central1-helloWorld]] http function initialized (http://127.0.0.1:5002/rodeo-daily/us-central1/helloWorld).
[info] i  functions: Loaded functions: helloWorld 
[info] i  functions: Connected to running eventarc emulator at 127.0.0.1:9299, calls to this service will affect the emulator 
[warn] ⚠  functions: The following emulators are not running, calls to these services will affect production: firestore, database, pubsub, storage 
[debug] [2023-02-06T18:30:57.812Z] Functions emulator received unknown request at path /
[debug] [2023-02-06T18:30:57.942Z] Functions emulator received unknown request at path /favicon.ico
[debug] [2023-02-06T18:34:28.512Z] DEBUG: File /Users/Payton/web-development/wpra-api/functions/package.json changed, reloading triggers
[debug] [2023-02-06T18:34:29.521Z] Validating nodejs source
[debug] [2023-02-06T18:42:44.604Z] ----------------------------------------------------------------------
[debug] [2023-02-06T18:42:44.605Z] Command:       /usr/local/bin/node /usr/local/bin/firebase emulators:start --only functions
[debug] [2023-02-06T18:42:44.606Z] CLI Version:   11.15.0
[debug] [2023-02-06T18:42:44.606Z] Platform:      darwin
[debug] [2023-02-06T18:42:44.607Z] Node Version:  v18.12.1
[debug] [2023-02-06T18:42:44.608Z] Time:          Mon Feb 06 2023 12:42:44 GMT-0600 (Central Standard Time)
[debug] [2023-02-06T18:42:44.608Z] ----------------------------------------------------------------------
[debug] 
[debug] [2023-02-06T18:42:44.748Z] > command requires scopes: ["email","openid","https://www.googleapis.com/auth/cloudplatformprojects.readonly","https://www.googleapis.com/auth/firebase","https://www.googleapis.com/auth/cloud-platform"]
[debug] [2023-02-06T18:42:44.749Z] > authorizing via signed-in user (psides.sunsouth@gmail.com)
[info] i  emulators: Starting emulators: functions {"metadata":{"emulator":{"name":"hub"},"message":"Starting emulators: functions"}}
[debug] [2023-02-06T18:42:45.298Z] [logging] Logging Emulator only supports listening on one address (127.0.0.1). Not listening on ::1
[debug] [2023-02-06T18:42:45.299Z] assigned listening specs for emulators {"user":{"hub":[{"address":"127.0.0.1","family":"IPv4","port":4400},{"address":"::1","family":"IPv6","port":4400}],"ui":[{"address":"127.0.0.1","family":"IPv4","port":4000},{"address":"::1","family":"IPv6","port":4000}],"logging":[{"address":"127.0.0.1","family":"IPv4","port":4500}]},"metadata":{"message":"assigned listening specs for emulators"}}
[debug] [2023-02-06T18:42:45.312Z] [hub] writing locator at /var/folders/jj/x_17k9fj1_92c55ddbkw8p4c0000gn/T/hub-rodeo-daily.json
[debug] [2023-02-06T18:42:45.684Z] [functions] Functions Emulator only supports listening on one address (127.0.0.1). Not listening on ::1
[debug] [2023-02-06T18:42:45.686Z] [eventarc] Eventarc Emulator only supports listening on one address (127.0.0.1). Not listening on ::1
[debug] [2023-02-06T18:42:45.686Z] late-assigned ports for functions and eventarc emulators {"user":{"hub":[{"address":"127.0.0.1","family":"IPv4","port":4400},{"address":"::1","family":"IPv6","port":4400}],"ui":[{"address":"127.0.0.1","family":"IPv4","port":4000},{"address":"::1","family":"IPv6","port":4000}],"logging":[{"address":"127.0.0.1","family":"IPv4","port":4500}],"functions":[{"address":"127.0.0.1","family":"IPv4","port":5001}],"eventarc":[{"address":"127.0.0.1","family":"IPv4","port":9299}]},"metadata":{"message":"late-assigned ports for functions and eventarc emulators"}}
[warn] ⚠  functions: The following emulators are not running, calls to these services from the Functions emulator will affect production: auth, firestore, database, hosting, pubsub, storage {"metadata":{"emulator":{"name":"functions"},"message":"The following emulators are not running, calls to these services from the Functions emulator will affect production: \u001b[1mauth, firestore, database, hosting, pubsub, storage\u001b[22m"}}
[info] ✔  functions: Using node@18 from host. {"metadata":{"emulator":{"name":"functions"},"message":"Using node@18 from host."}}
[debug] [2023-02-06T18:42:45.730Z] defaultcredentials: writing to file /Users/Payton/.config/firebase/psides_sunsouth_gmail.com_application_default_credentials.json
[debug] [2023-02-06T18:42:45.744Z] Setting GAC to /Users/Payton/.config/firebase/psides_sunsouth_gmail.com_application_default_credentials.json {"metadata":{"emulator":{"name":"functions"},"message":"Setting GAC to /Users/Payton/.config/firebase/psides_sunsouth_gmail.com_application_default_credentials.json"}}
[debug] [2023-02-06T18:42:45.747Z] >>> [apiv2][query] GET https://firebase.googleapis.com/v1beta1/projects/rodeo-daily/adminSdkConfig [none]
[debug] [2023-02-06T18:42:46.102Z] <<< [apiv2][status] GET https://firebase.googleapis.com/v1beta1/projects/rodeo-daily/adminSdkConfig 200
[debug] [2023-02-06T18:42:46.106Z] <<< [apiv2][body] GET https://firebase.googleapis.com/v1beta1/projects/rodeo-daily/adminSdkConfig {"projectId":"rodeo-daily","storageBucket":"rodeo-daily.appspot.com"}
[debug] [2023-02-06T18:42:46.163Z] Ignoring unsupported arg: auto_download {"metadata":{"emulator":{"name":"ui"},"message":"Ignoring unsupported arg: auto_download"}}
[debug] [2023-02-06T18:42:46.163Z] Ignoring unsupported arg: port {"metadata":{"emulator":{"name":"ui"},"message":"Ignoring unsupported arg: port"}}
[debug] [2023-02-06T18:42:46.163Z] Starting Emulator UI with command {"binary":"node","args":["/Users/Payton/.cache/firebase/emulators/ui-v1.11.1/server/server.js"],"optionalArgs":[],"joinArgs":false} {"metadata":{"emulator":{"name":"ui"},"message":"Starting Emulator UI with command {\"binary\":\"node\",\"args\":[\"/Users/Payton/.cache/firebase/emulators/ui-v1.11.1/server/server.js\"],\"optionalArgs\":[],\"joinArgs\":false}"}}
[info] i  ui: Emulator UI logging to ui-debug.log {"metadata":{"emulator":{"name":"ui"},"message":"Emulator UI logging to \u001b[1mui-debug.log\u001b[22m"}}
[debug] [2023-02-06T18:42:46.275Z] Web / API server started at 127.0.0.1:4000
 {"metadata":{"emulator":{"name":"ui"},"message":"Web / API server started at 127.0.0.1:4000\n"}}
[debug] [2023-02-06T18:42:46.275Z] Web / API server started at ::1:4000
 {"metadata":{"emulator":{"name":"ui"},"message":"Web / API server started at ::1:4000\n"}}
[info] i  functions: Watching "/Users/Payton/web-development/wpra-api/functions" for Cloud Functions... {"metadata":{"emulator":{"name":"functions"},"message":"Watching \"/Users/Payton/web-development/wpra-api/functions\" for Cloud Functions..."}}
[error] ⬢  functions: Failed to load function definition from source: FirebaseError: package.json in functions directory has an engines field which is unsupported. Valid choices are: {"node": 10|12|14|16}

Deploys to runtimes below Node.js 10 are now disabled in the Firebase CLI. Existing Node.js 8 functions will stop executing at a future date. Update existing functions to Node.js 10 or greater as soon as possible. {"metadata":{"emulator":{"name":"functions"},"message":"Failed to load function definition from source: FirebaseError: \u001b[1mpackage.json in functions directory has an engines field which is unsupported. Valid choices are: \u001b[1m{\"node\": 10|12|14|16}\u001b[22m\u001b[1m\u001b[22m\n\nDeploys to runtimes below Node.js 10 are now disabled in the Firebase CLI. \u001b[1mExisting Node.js 8 functions \u001b[4mwill stop executing at a future date\u001b[24m\u001b[22m. Update existing functions to Node.js 10 or greater as soon as possible."}}
[info] 
┌─────────────────────────────────────────────────────────────┐
│ ✔  All emulators ready! It is now safe to connect your app. │
│ i  View Emulator UI at http://127.0.0.1:4000/               │
└─────────────────────────────────────────────────────────────┘

┌───────────┬────────────────┬─────────────────────────────────┐
│ Emulator  │ Host:Port      │ View in Emulator UI             │
├───────────┼────────────────┼─────────────────────────────────┤
│ Functions │ 127.0.0.1:5001 │ http://127.0.0.1:4000/functions │
└───────────┴────────────────┴─────────────────────────────────┘
  Emulator Hub running at 127.0.0.1:4400
  Other reserved ports: 4500

Issues? Report them at https://github.com/firebase/firebase-tools/issues and attach the *-debug.log files.
 
[debug] [2023-02-06T18:43:03.215Z] File /Users/Payton/web-development/wpra-api/functions/package.json changed, reloading triggers {"metadata":{"emulator":{"name":"functions"},"message":"File /Users/Payton/web-development/wpra-api/functions/package.json changed, reloading triggers"}}
[debug] [2023-02-06T18:43:04.223Z] Validating nodejs source
[warn] ⚠  functions: package.json indicates an outdated version of firebase-functions. Please upgrade using npm install --save firebase-functions@latest in your functions directory. 
[warn] ⚠  functions: Please note that there will be breaking changes when you upgrade. 
[debug] [2023-02-06T18:43:05.740Z] > [functions] package.json contents: {
  "name": "functions",
  "description": "Cloud Functions for Firebase",
  "scripts": {
    "serve": "firebase emulators:start --only functions",
    "shell": "firebase functions:shell",
    "start": "npm run shell",
    "deploy": "firebase deploy --only functions",
    "logs": "firebase functions:log"
  },
  "engines": {
    "node": "16"
  },
  "main": "index.js",
  "dependencies": {
    "axios": "^1.3.2",
    "cheerio": "^1.0.0-rc.12",
    "express": "^4.18.2",
    "firebase-admin": "^10.0.2",
    "firebase-functions": "^3.18.0",
    "moment": "^2.29.4"
  },
  "devDependencies": {
    "firebase-functions-test": "^0.2.0"
  },
  "private": true
}
[debug] [2023-02-06T18:43:05.741Z] Building nodejs source
[debug] [2023-02-06T18:43:05.741Z] Analyzing nodejs backend spec
[debug] [2023-02-06T18:43:05.743Z] Could not find functions.yaml. Must use http discovery
[debug] [2023-02-06T18:43:05.979Z] Serving at port 9005

[debug] [2023-02-06T18:43:06.031Z] Got response from /__/functions.yaml Failed to generate manifest from function source: ReferenceError: express is not defined
[debug] [2023-02-06T18:43:06.035Z] Failed to parse functions.yamlincomplete explicit mapping pair; a key node is missed; or followed by a non-tabulated empty line at line 1, column 65:
     ...  function source: ReferenceError: express is not defined
                                         ^ {"name":"YAMLException","reason":"incomplete explicit mapping pair; a key node is missed; or followed by a non-tabulated empty line","mark":{"name":null,"buffer":"Failed to generate manifest from function source: ReferenceError: express is not defined\n\u0000","position":64,"line":0,"column":64},"message":"incomplete explicit mapping pair; a key node is missed; or followed by a non-tabulated empty line at line 1, column 65:\n     ...  function source: ReferenceError: express is not defined\n                                         ^"}
[debug] [2023-02-06T18:43:06.044Z] shutdown requested via /__/quitquitquit

[error] ⬢  functions: Failed to load function definition from source: FirebaseError: Failed to load function definition from source: Failed to generate manifest from function source: ReferenceError: express is not defined {"metadata":{"emulator":{"name":"functions"},"message":"Failed to load function definition from source: FirebaseError: Failed to load function definition from source: Failed to generate manifest from function source: ReferenceError: express is not defined"}}
[debug] [2023-02-06T18:43:44.189Z] File /Users/Payton/web-development/wpra-api/functions/package.json changed, reloading triggers {"metadata":{"emulator":{"name":"functions"},"message":"File /Users/Payton/web-development/wpra-api/functions/package.json changed, reloading triggers"}}
[debug] [2023-02-06T18:43:45.192Z] Validating nodejs source
[warn] ⚠  functions: package.json indicates an outdated version of firebase-functions. Please upgrade using npm install --save firebase-functions@latest in your functions directory. 
[warn] ⚠  functions: Please note that there will be breaking changes when you upgrade. 
[debug] [2023-02-06T18:43:46.639Z] > [functions] package.json contents: {
  "name": "functions",
  "description": "Cloud Functions for Firebase",
  "scripts": {
    "serve": "firebase emulators:start --only functions",
    "shell": "firebase functions:shell",
    "start": "npm run shell",
    "deploy": "firebase deploy --only functions",
    "logs": "firebase functions:log"
  },
  "engines": {
    "node": "16"
  },
  "main": "index.js",
  "dependencies": {
    "axios": "^1.3.2",
    "cheerio": "^1.0.0-rc.12",
    "express": "^4.18.2",
    "firebase-admin": "^10.0.2",
    "firebase-functions": "^3.18.0"
  },
  "devDependencies": {
    "firebase-functions-test": "^0.2.0"
  },
  "private": true
}
[debug] [2023-02-06T18:43:46.639Z] Building nodejs source
[debug] [2023-02-06T18:43:46.639Z] Analyzing nodejs backend spec
[debug] [2023-02-06T18:43:46.641Z] Could not find functions.yaml. Must use http discovery
[debug] [2023-02-06T18:43:46.866Z] Serving at port 9005

[debug] [2023-02-06T18:43:46.918Z] Got response from /__/functions.yaml Failed to generate manifest from function source: ReferenceError: express is not defined
[debug] [2023-02-06T18:43:46.919Z] Failed to parse functions.yamlincomplete explicit mapping pair; a key node is missed; or followed by a non-tabulated empty line at line 1, column 65:
     ...  function source: ReferenceError: express is not defined
                                         ^ {"name":"YAMLException","reason":"incomplete explicit mapping pair; a key node is missed; or followed by a non-tabulated empty line","mark":{"name":null,"buffer":"Failed to generate manifest from function source: ReferenceError: express is not defined\n\u0000","position":64,"line":0,"column":64},"message":"incomplete explicit mapping pair; a key node is missed; or followed by a non-tabulated empty line at line 1, column 65:\n     ...  function source: ReferenceError: express is not defined\n                                         ^"}
[debug] [2023-02-06T18:43:46.925Z] shutdown requested via /__/quitquitquit

[error] ⬢  functions: Failed to load function definition from source: FirebaseError: Failed to load function definition from source: Failed to generate manifest from function source: ReferenceError: express is not defined {"metadata":{"emulator":{"name":"functions"},"message":"Failed to load function definition from source: FirebaseError: Failed to load function definition from source: Failed to generate manifest from function source: ReferenceError: express is not defined"}}
[debug] [2023-02-06T18:43:53.298Z] File /Users/Payton/web-development/wpra-api/functions/package-lock.json changed, reloading triggers {"metadata":{"emulator":{"name":"functions"},"message":"File /Users/Payton/web-development/wpra-api/functions/package-lock.json changed, reloading triggers"}}
[debug] [2023-02-06T18:43:54.301Z] Validating nodejs source
[warn] ⚠  functions: package.json indicates an outdated version of firebase-functions. Please upgrade using npm install --save firebase-functions@latest in your functions directory. 
[warn] ⚠  functions: Please note that there will be breaking changes when you upgrade. 
[debug] [2023-02-06T18:43:55.884Z] > [functions] package.json contents: {
  "name": "functions",
  "description": "Cloud Functions for Firebase",
  "scripts": {
    "serve": "firebase emulators:start --only functions",
    "shell": "firebase functions:shell",
    "start": "npm run shell",
    "deploy": "firebase deploy --only functions",
    "logs": "firebase functions:log"
  },
  "engines": {
    "node": "16"
  },
  "main": "index.js",
  "dependencies": {
    "axios": "^1.3.2",
    "cheerio": "^1.0.0-rc.12",
    "express": "^4.18.2",
    "firebase-admin": "^10.0.2",
    "firebase-functions": "^3.18.0"
  },
  "devDependencies": {
    "firebase-functions-test": "^0.2.0"
  },
  "private": true
}
[debug] [2023-02-06T18:43:55.884Z] Building nodejs source
[debug] [2023-02-06T18:43:55.884Z] Analyzing nodejs backend spec
[debug] [2023-02-06T18:43:55.885Z] Could not find functions.yaml. Must use http discovery
[debug] [2023-02-06T18:43:56.105Z] Serving at port 9005

[debug] [2023-02-06T18:43:56.157Z] Got response from /__/functions.yaml Failed to generate manifest from function source: ReferenceError: express is not defined
[debug] [2023-02-06T18:43:56.159Z] Failed to parse functions.yamlincomplete explicit mapping pair; a key node is missed; or followed by a non-tabulated empty line at line 1, column 65:
     ...  function source: ReferenceError: express is not defined
                                         ^ {"name":"YAMLException","reason":"incomplete explicit mapping pair; a key node is missed; or followed by a non-tabulated empty line","mark":{"name":null,"buffer":"Failed to generate manifest from function source: ReferenceError: express is not defined\n\u0000","position":64,"line":0,"column":64},"message":"incomplete explicit mapping pair; a key node is missed; or followed by a non-tabulated empty line at line 1, column 65:\n     ...  function source: ReferenceError: express is not defined\n                                         ^"}
[debug] [2023-02-06T18:43:56.164Z] shutdown requested via /__/quitquitquit

[error] ⬢  functions: Failed to load function definition from source: FirebaseError: Failed to load function definition from source: Failed to generate manifest from function source: ReferenceError: express is not defined {"metadata":{"emulator":{"name":"functions"},"message":"Failed to load function definition from source: FirebaseError: Failed to load function definition from source: Failed to generate manifest from function source: ReferenceError: express is not defined"}}
[debug] [2023-02-06T18:44:56.715Z] File /Users/Payton/web-development/wpra-api/functions/package.json changed, reloading triggers {"metadata":{"emulator":{"name":"functions"},"message":"File /Users/Payton/web-development/wpra-api/functions/package.json changed, reloading triggers"}}
[debug] [2023-02-06T18:44:57.719Z] Validating nodejs source
[warn] ⚠  functions: package.json indicates an outdated version of firebase-functions. Please upgrade using npm install --save firebase-functions@latest in your functions directory. 
[warn] ⚠  functions: Please note that there will be breaking changes when you upgrade. 
[debug] [2023-02-06T18:44:59.206Z] > [functions] package.json contents: {
  "name": "functions",
  "description": "Cloud Functions for Firebase",
  "scripts": {
    "serve": "firebase emulators:start --only functions",
    "shell": "firebase functions:shell",
    "start": "npm run shell",
    "deploy": "firebase deploy --only functions",
    "logs": "firebase functions:log"
  },
  "engines": {
    "node": "16"
  },
  "main": "index.js",
  "dependencies": {
    "axios": "^1.3.2",
    "cheerio": "^1.0.0-rc.12",
    "express": "^4.18.2",
    "firebase-admin": "^10.0.2",
    "firebase-functions": "^3.18.0"
  },
  "devDependencies": {
    "firebase-functions-test": "^0.2.0"
  },
  "type": "module",
  "private": true
}
[debug] [2023-02-06T18:44:59.206Z] Building nodejs source
[debug] [2023-02-06T18:44:59.207Z] Analyzing nodejs backend spec
[debug] [2023-02-06T18:44:59.208Z] Could not find functions.yaml. Must use http discovery
[debug] [2023-02-06T18:44:59.448Z] Serving at port 9005

[debug] [2023-02-06T18:44:59.479Z] Got response from /__/functions.yaml Failed to generate manifest from function source: ReferenceError: require is not defined in ES module scope, you can use import instead
This file is being treated as an ES module because it has a '.js' file extension and '/Users/Payton/web-development/wpra-api/functions/package.json' contains "type": "module". To treat it as a CommonJS script, rename it to use the '.cjs' file extension.
[debug] [2023-02-06T18:44:59.479Z] Failed to parse functions.yamlincomplete explicit mapping pair; a key node is missed; or followed by a non-tabulated empty line at line 1, column 65:
     ...  function source: ReferenceError: require is not defined in ES m ... 
                                         ^ {"name":"YAMLException","reason":"incomplete explicit mapping pair; a key node is missed; or followed by a non-tabulated empty line","mark":{"name":null,"buffer":"Failed to generate manifest from function source: ReferenceError: require is not defined in ES module scope, you can use import instead\nThis file is being treated as an ES module because it has a '.js' file extension and '/Users/Payton/web-development/wpra-api/functions/package.json' contains \"type\": \"module\". To treat it as a CommonJS script, rename it to use the '.cjs' file extension.\n\u0000","position":64,"line":0,"column":64},"message":"incomplete explicit mapping pair; a key node is missed; or followed by a non-tabulated empty line at line 1, column 65:\n     ...  function source: ReferenceError: require is not defined in ES m ... \n                                         ^"}
[debug] [2023-02-06T18:44:59.504Z] shutdown requested via /__/quitquitquit

[error] ⬢  functions: Failed to load function definition from source: FirebaseError: Failed to load function definition from source: Failed to generate manifest from function source: ReferenceError: require is not defined in ES module scope, you can use import instead
This file is being treated as an ES module because it has a '.js' file extension and '/Users/Payton/web-development/wpra-api/functions/package.json' contains "type": "module". To treat it as a CommonJS script, rename it to use the '.cjs' file extension. {"metadata":{"emulator":{"name":"functions"},"message":"Failed to load function definition from source: FirebaseError: Failed to load function definition from source: Failed to generate manifest from function source: ReferenceError: require is not defined in ES module scope, you can use import instead\nThis file is being treated as an ES module because it has a '.js' file extension and '/Users/Payton/web-development/wpra-api/functions/package.json' contains \"type\": \"module\". To treat it as a CommonJS script, rename it to use the '.cjs' file extension."}}
[debug] [2023-02-06T18:46:22.292Z] File /Users/Payton/web-development/wpra-api/functions/index.js changed, reloading triggers {"metadata":{"emulator":{"name":"functions"},"message":"File /Users/Payton/web-development/wpra-api/functions/index.js changed, reloading triggers"}}
[debug] [2023-02-06T18:46:23.297Z] Validating nodejs source
[warn] ⚠  functions: package.json indicates an outdated version of firebase-functions. Please upgrade using npm install --save firebase-functions@latest in your functions directory. 
[warn] ⚠  functions: Please note that there will be breaking changes when you upgrade. 
[debug] [2023-02-06T18:46:24.834Z] > [functions] package.json contents: {
  "name": "functions",
  "description": "Cloud Functions for Firebase",
  "scripts": {
    "serve": "firebase emulators:start --only functions",
    "shell": "firebase functions:shell",
    "start": "npm run shell",
    "deploy": "firebase deploy --only functions",
    "logs": "firebase functions:log"
  },
  "engines": {
    "node": "16"
  },
  "main": "index.js",
  "dependencies": {
    "axios": "^1.3.2",
    "cheerio": "^1.0.0-rc.12",
    "express": "^4.18.2",
    "firebase-admin": "^10.0.2",
    "firebase-functions": "^3.18.0"
  },
  "devDependencies": {
    "firebase-functions-test": "^0.2.0"
  },
  "private": true
}
[debug] [2023-02-06T18:46:24.834Z] Building nodejs source
[debug] [2023-02-06T18:46:24.834Z] Analyzing nodejs backend spec
[debug] [2023-02-06T18:46:24.835Z] File /Users/Payton/web-development/wpra-api/functions/package.json changed, reloading triggers {"metadata":{"emulator":{"name":"functions"},"message":"File /Users/Payton/web-development/wpra-api/functions/package.json changed, reloading triggers"}}
[debug] [2023-02-06T18:46:24.835Z] Could not find functions.yaml. Must use http discovery
[debug] [2023-02-06T18:46:25.094Z] Serving at port 9005

[debug] [2023-02-06T18:46:25.172Z] Got response from /__/functions.yaml Failed to generate manifest from function source: SyntaxError: Unexpected token 'export'
[debug] [2023-02-06T18:46:25.176Z] Failed to parse functions.yamlincomplete explicit mapping pair; a key node is missed; or followed by a non-tabulated empty line at line 1, column 62:
     ... rom function source: SyntaxError: Unexpected token 'export'
                                         ^ {"name":"YAMLException","reason":"incomplete explicit mapping pair; a key node is missed; or followed by a non-tabulated empty line","mark":{"name":null,"buffer":"Failed to generate manifest from function source: SyntaxError: Unexpected token 'export'\n\u0000","position":61,"line":0,"column":61},"message":"incomplete explicit mapping pair; a key node is missed; or followed by a non-tabulated empty line at line 1, column 62:\n     ... rom function source: SyntaxError: Unexpected token 'export'\n                                         ^"}
[debug] [2023-02-06T18:46:25.190Z] shutdown requested via /__/quitquitquit

[error] ⬢  functions: Failed to load function definition from source: FirebaseError: Failed to load function definition from source: Failed to generate manifest from function source: SyntaxError: Unexpected token 'export' {"metadata":{"emulator":{"name":"functions"},"message":"Failed to load function definition from source: FirebaseError: Failed to load function definition from source: Failed to generate manifest from function source: SyntaxError: Unexpected token 'export'"}}
[debug] [2023-02-06T18:46:25.840Z] Validating nodejs source
[warn] ⚠  functions: package.json indicates an outdated version of firebase-functions. Please upgrade using npm install --save firebase-functions@latest in your functions directory. 
[warn] ⚠  functions: Please note that there will be breaking changes when you upgrade. 
[debug] [2023-02-06T18:46:27.268Z] > [functions] package.json contents: {
  "name": "functions",
  "description": "Cloud Functions for Firebase",
  "scripts": {
    "serve": "firebase emulators:start --only functions",
    "shell": "firebase functions:shell",
    "start": "npm run shell",
    "deploy": "firebase deploy --only functions",
    "logs": "firebase functions:log"
  },
  "engines": {
    "node": "16"
  },
  "main": "index.js",
  "dependencies": {
    "axios": "^1.3.2",
    "cheerio": "^1.0.0-rc.12",
    "express": "^4.18.2",
    "firebase-admin": "^10.0.2",
    "firebase-functions": "^3.18.0"
  },
  "devDependencies": {
    "firebase-functions-test": "^0.2.0"
  },
  "private": true
}
[debug] [2023-02-06T18:46:27.268Z] Building nodejs source
[debug] [2023-02-06T18:46:27.268Z] Analyzing nodejs backend spec
[debug] [2023-02-06T18:46:27.270Z] Could not find functions.yaml. Must use http discovery
[debug] [2023-02-06T18:46:27.471Z] Serving at port 9005

[debug] [2023-02-06T18:46:27.514Z] Got response from /__/functions.yaml Failed to generate manifest from function source: SyntaxError: Unexpected token 'export'
[debug] [2023-02-06T18:46:27.514Z] Failed to parse functions.yamlincomplete explicit mapping pair; a key node is missed; or followed by a non-tabulated empty line at line 1, column 62:
     ... rom function source: SyntaxError: Unexpected token 'export'
                                         ^ {"name":"YAMLException","reason":"incomplete explicit mapping pair; a key node is missed; or followed by a non-tabulated empty line","mark":{"name":null,"buffer":"Failed to generate manifest from function source: SyntaxError: Unexpected token 'export'\n\u0000","position":61,"line":0,"column":61},"message":"incomplete explicit mapping pair; a key node is missed; or followed by a non-tabulated empty line at line 1, column 62:\n     ... rom function source: SyntaxError: Unexpected token 'export'\n                                         ^"}
[debug] [2023-02-06T18:46:27.520Z] shutdown requested via /__/quitquitquit

[error] ⬢  functions: Failed to load function definition from source: FirebaseError: Failed to load function definition from source: Failed to generate manifest from function source: SyntaxError: Unexpected token 'export' {"metadata":{"emulator":{"name":"functions"},"message":"Failed to load function definition from source: FirebaseError: Failed to load function definition from source: Failed to generate manifest from function source: SyntaxError: Unexpected token 'export'"}}
[debug] [2023-02-06T18:46:38.888Z] File /Users/Payton/web-development/wpra-api/functions/package-lock.json changed, reloading triggers {"metadata":{"emulator":{"name":"functions"},"message":"File /Users/Payton/web-development/wpra-api/functions/package-lock.json changed, reloading triggers"}}
[debug] [2023-02-06T18:46:39.892Z] Validating nodejs source
[warn] ⚠  functions: package.json indicates an outdated version of firebase-functions. Please upgrade using npm install --save firebase-functions@latest in your functions directory. 
[warn] ⚠  functions: Please note that there will be breaking changes when you upgrade. 
[debug] [2023-02-06T18:46:41.288Z] > [functions] package.json contents: {
  "name": "functions",
  "description": "Cloud Functions for Firebase",
  "scripts": {
    "serve": "firebase emulators:start --only functions",
    "shell": "firebase functions:shell",
    "start": "npm run shell",
    "deploy": "firebase deploy --only functions",
    "logs": "firebase functions:log"
  },
  "engines": {
    "node": "16"
  },
  "main": "index.js",
  "dependencies": {
    "axios": "^1.3.2",
    "cheerio": "^1.0.0-rc.12",
    "express": "^4.18.2",
    "firebase-admin": "^10.0.2",
    "firebase-functions": "^3.18.0"
  },
  "devDependencies": {
    "firebase-functions-test": "^0.2.0"
  },
  "private": true
}
[debug] [2023-02-06T18:46:41.288Z] Building nodejs source
[debug] [2023-02-06T18:46:41.288Z] Analyzing nodejs backend spec
[debug] [2023-02-06T18:46:41.289Z] Could not find functions.yaml. Must use http discovery
[debug] [2023-02-06T18:46:41.510Z] Serving at port 9005

[debug] [2023-02-06T18:46:41.564Z] Got response from /__/functions.yaml Failed to generate manifest from function source: SyntaxError: Unexpected token 'export'
[debug] [2023-02-06T18:46:41.564Z] Failed to parse functions.yamlincomplete explicit mapping pair; a key node is missed; or followed by a non-tabulated empty line at line 1, column 62:
     ... rom function source: SyntaxError: Unexpected token 'export'
                                         ^ {"name":"YAMLException","reason":"incomplete explicit mapping pair; a key node is missed; or followed by a non-tabulated empty line","mark":{"name":null,"buffer":"Failed to generate manifest from function source: SyntaxError: Unexpected token 'export'\n\u0000","position":61,"line":0,"column":61},"message":"incomplete explicit mapping pair; a key node is missed; or followed by a non-tabulated empty line at line 1, column 62:\n     ... rom function source: SyntaxError: Unexpected token 'export'\n                                         ^"}
[debug] [2023-02-06T18:46:41.571Z] shutdown requested via /__/quitquitquit

[error] ⬢  functions: Failed to load function definition from source: FirebaseError: Failed to load function definition from source: Failed to generate manifest from function source: SyntaxError: Unexpected token 'export' {"metadata":{"emulator":{"name":"functions"},"message":"Failed to load function definition from source: FirebaseError: Failed to load function definition from source: Failed to generate manifest from function source: SyntaxError: Unexpected token 'export'"}}
[debug] [2023-02-06T18:46:43.459Z] File /Users/Payton/web-development/wpra-api/functions/index.js changed, reloading triggers {"metadata":{"emulator":{"name":"functions"},"message":"File /Users/Payton/web-development/wpra-api/functions/index.js changed, reloading triggers"}}
[debug] [2023-02-06T18:46:44.463Z] Validating nodejs source
[warn] ⚠  functions: package.json indicates an outdated version of firebase-functions. Please upgrade using npm install --save firebase-functions@latest in your functions directory. 
[warn] ⚠  functions: Please note that there will be breaking changes when you upgrade. 
[debug] [2023-02-06T18:46:45.953Z] > [functions] package.json contents: {
  "name": "functions",
  "description": "Cloud Functions for Firebase",
  "scripts": {
    "serve": "firebase emulators:start --only functions",
    "shell": "firebase functions:shell",
    "start": "npm run shell",
    "deploy": "firebase deploy --only functions",
    "logs": "firebase functions:log"
  },
  "engines": {
    "node": "16"
  },
  "main": "index.js",
  "dependencies": {
    "axios": "^1.3.2",
    "cheerio": "^1.0.0-rc.12",
    "express": "^4.18.2",
    "firebase-admin": "^10.0.2",
    "firebase-functions": "^3.18.0"
  },
  "devDependencies": {
    "firebase-functions-test": "^0.2.0"
  },
  "private": true
}
[debug] [2023-02-06T18:46:45.954Z] Building nodejs source
[debug] [2023-02-06T18:46:45.954Z] Analyzing nodejs backend spec
[debug] [2023-02-06T18:46:45.955Z] Could not find functions.yaml. Must use http discovery
[debug] [2023-02-06T18:46:46.152Z] Serving at port 9005

[debug] [2023-02-06T18:46:46.197Z] Got response from /__/functions.yaml Failed to generate manifest from function source: SyntaxError: Unexpected token 'export'
[debug] [2023-02-06T18:46:46.199Z] Failed to parse functions.yamlincomplete explicit mapping pair; a key node is missed; or followed by a non-tabulated empty line at line 1, column 62:
     ... rom function source: SyntaxError: Unexpected token 'export'
                                         ^ {"name":"YAMLException","reason":"incomplete explicit mapping pair; a key node is missed; or followed by a non-tabulated empty line","mark":{"name":null,"buffer":"Failed to generate manifest from function source: SyntaxError: Unexpected token 'export'\n\u0000","position":61,"line":0,"column":61},"message":"incomplete explicit mapping pair; a key node is missed; or followed by a non-tabulated empty line at line 1, column 62:\n     ... rom function source: SyntaxError: Unexpected token 'export'\n                                         ^"}
[debug] [2023-02-06T18:46:46.208Z] shutdown requested via /__/quitquitquit

[error] ⬢  functions: Failed to load function definition from source: FirebaseError: Failed to load function definition from source: Failed to generate manifest from function source: SyntaxError: Unexpected token 'export' {"metadata":{"emulator":{"name":"functions"},"message":"Failed to load function definition from source: FirebaseError: Failed to load function definition from source: Failed to generate manifest from function source: SyntaxError: Unexpected token 'export'"}}
[debug] [2023-02-06T18:47:02.604Z] File /Users/Payton/web-development/wpra-api/functions/wpra.js changed, reloading triggers {"metadata":{"emulator":{"name":"functions"},"message":"File /Users/Payton/web-development/wpra-api/functions/wpra.js changed, reloading triggers"}}
[debug] [2023-02-06T18:47:03.613Z] Validating nodejs source
[warn] ⚠  functions: package.json indicates an outdated version of firebase-functions. Please upgrade using npm install --save firebase-functions@latest in your functions directory. 
[warn] ⚠  functions: Please note that there will be breaking changes when you upgrade. 
[debug] [2023-02-06T18:47:05.140Z] > [functions] package.json contents: {
  "name": "functions",
  "description": "Cloud Functions for Firebase",
  "scripts": {
    "serve": "firebase emulators:start --only functions",
    "shell": "firebase functions:shell",
    "start": "npm run shell",
    "deploy": "firebase deploy --only functions",
    "logs": "firebase functions:log"
  },
  "engines": {
    "node": "16"
  },
  "main": "index.js",
  "dependencies": {
    "axios": "^1.3.2",
    "cheerio": "^1.0.0-rc.12",
    "express": "^4.18.2",
    "firebase-admin": "^10.0.2",
    "firebase-functions": "^3.18.0"
  },
  "devDependencies": {
    "firebase-functions-test": "^0.2.0"
  },
  "private": true
}
[debug] [2023-02-06T18:47:05.141Z] Building nodejs source
[debug] [2023-02-06T18:47:05.141Z] Analyzing nodejs backend spec
[debug] [2023-02-06T18:47:05.143Z] Could not find functions.yaml. Must use http discovery
[debug] [2023-02-06T18:47:05.367Z] Serving at port 9005

[debug] [2023-02-06T18:47:05.484Z] Got response from /__/functions.yaml {"endpoints":{"widgets":{"platform":"gcfv1","httpsTrigger":{},"entryPoint":"widgets"}},"specVersion":"v1alpha1","requiredAPIs":[]}
[debug] [2023-02-06T18:47:05.495Z] shutdown requested via /__/quitquitquit

[info] ✔  functions: Loaded functions definitions from source: widgets. {"metadata":{"emulator":{"name":"functions"},"message":"Loaded functions definitions from source: widgets."}}
[info] ✔  functions[us-central1-widgets]: http function initialized (http://127.0.0.1:5001/rodeo-daily/us-central1/widgets). {"metadata":{"emulator":{"name":"functions"},"message":"\u001b[1mhttp\u001b[22m function initialized (http://127.0.0.1:5001/rodeo-daily/us-central1/widgets)."}}
[debug] [2023-02-06T18:47:14.720Z] File /Users/Payton/web-development/wpra-api/functions/index.js changed, reloading triggers {"metadata":{"emulator":{"name":"functions"},"message":"File /Users/Payton/web-development/wpra-api/functions/index.js changed, reloading triggers"}}
[debug] [2023-02-06T18:47:15.725Z] Validating nodejs source
[warn] ⚠  functions: package.json indicates an outdated version of firebase-functions. Please upgrade using npm install --save firebase-functions@latest in your functions directory. 
[warn] ⚠  functions: Please note that there will be breaking changes when you upgrade. 
[debug] [2023-02-06T18:47:17.973Z] > [functions] package.json contents: {
  "name": "functions",
  "description": "Cloud Functions for Firebase",
  "scripts": {
    "serve": "firebase emulators:start --only functions",
    "shell": "firebase functions:shell",
    "start": "npm run shell",
    "deploy": "firebase deploy --only functions",
    "logs": "firebase functions:log"
  },
  "engines": {
    "node": "16"
  },
  "main": "index.js",
  "dependencies": {
    "axios": "^1.3.2",
    "cheerio": "^1.0.0-rc.12",
    "express": "^4.18.2",
    "firebase-admin": "^10.0.2",
    "firebase-functions": "^3.18.0"
  },
  "devDependencies": {
    "firebase-functions-test": "^0.2.0"
  },
  "private": true
}
[debug] [2023-02-06T18:47:17.974Z] Building nodejs source
[debug] [2023-02-06T18:47:17.974Z] Analyzing nodejs backend spec
[debug] [2023-02-06T18:47:17.975Z] Could not find functions.yaml. Must use http discovery
[debug] [2023-02-06T18:47:18.216Z] Serving at port 9005

[debug] [2023-02-06T18:47:18.344Z] Got response from /__/functions.yaml {"endpoints":{"wpra":{"platform":"gcfv1","httpsTrigger":{},"entryPoint":"wpra"}},"specVersion":"v1alpha1","requiredAPIs":[]}
[debug] [2023-02-06T18:47:18.354Z] shutdown requested via /__/quitquitquit

[info] ✔  functions: Loaded functions definitions from source: wpra. {"metadata":{"emulator":{"name":"functions"},"message":"Loaded functions definitions from source: wpra."}}
[info] ✔  functions[us-central1-wpra]: http function initialized (http://127.0.0.1:5001/rodeo-daily/us-central1/wpra). {"metadata":{"emulator":{"name":"functions"},"message":"\u001b[1mhttp\u001b[22m function initialized (http://127.0.0.1:5001/rodeo-daily/us-central1/wpra)."}}
[debug] [2023-02-06T18:47:38.638Z] [work-queue] {"queueLength":1,"workRunningCount":0}
[debug] [2023-02-06T18:47:38.643Z] [work-queue] {"queueLength":0,"workRunningCount":1}
[debug] [2023-02-06T18:47:38.644Z] Accepted request GET /rodeo-daily/us-central1/wpra/br/world/2023 --> us-central1-wpra
[debug] [2023-02-06T18:47:38.668Z] [functions] Runtime ready! Sending request! {"metadata":{"emulator":{"name":"functions"},"message":"[functions] Runtime ready! Sending request!"}}
[debug] [2023-02-06T18:47:38.670Z] [functions] Got req.url=/rodeo-daily/us-central1/wpra/br/world/2023, mapping to path=/br/world/2023 {"metadata":{"emulator":{"name":"functions"},"message":"[functions] Got req.url=/rodeo-daily/us-central1/wpra/br/world/2023, mapping to path=/br/world/2023"}}
[debug] [2023-02-06T18:47:38.704Z] [worker-pool] addWorker(us-central1-wpra) {"metadata":{"emulator":{"name":"functions"},"message":"[worker-pool] addWorker(us-central1-wpra)"}}
[debug] [2023-02-06T18:47:38.704Z] [worker-pool] Adding worker with key us-central1-wpra, total=1 {"metadata":{"emulator":{"name":"functions"},"message":"[worker-pool] Adding worker with key us-central1-wpra, total=1"}}
[debug] [2023-02-06T18:47:39.592Z] [runtime-status] [28904] Resolved module firebase-admin {"declared":true,"installed":true,"version":"10.3.0","resolution":"/Users/Payton/web-development/wpra-api/functions/node_modules/firebase-admin/lib/index.js"} {"metadata":{"emulator":{"name":"functions"},"function":{"name":"us-central1-wpra"},"extension":{},"message":"[runtime-status] [28904] Resolved module firebase-admin {\"declared\":true,\"installed\":true,\"version\":\"10.3.0\",\"resolution\":\"/Users/Payton/web-development/wpra-api/functions/node_modules/firebase-admin/lib/index.js\"}"}}
[debug] [2023-02-06T18:47:39.595Z] [runtime-status] [28904] Resolved module firebase-functions {"declared":true,"installed":true,"version":"3.24.1","resolution":"/Users/Payton/web-development/wpra-api/functions/node_modules/firebase-functions/lib/index.js"} {"metadata":{"emulator":{"name":"functions"},"function":{"name":"us-central1-wpra"},"extension":{},"message":"[runtime-status] [28904] Resolved module firebase-functions {\"declared\":true,\"installed\":true,\"version\":\"3.24.1\",\"resolution\":\"/Users/Payton/web-development/wpra-api/functions/node_modules/firebase-functions/lib/index.js\"}"}}
[debug] [2023-02-06T18:47:39.595Z] [runtime-status] [28904] Outgoing network have been stubbed. [{"name":"http","status":"mocked"},{"name":"http","status":"mocked"},{"name":"https","status":"mocked"},{"name":"https","status":"mocked"},{"name":"net","status":"mocked"}] {"metadata":{"emulator":{"name":"functions"},"function":{"name":"us-central1-wpra"},"extension":{},"message":"[runtime-status] [28904] Outgoing network have been stubbed. [{\"name\":\"http\",\"status\":\"mocked\"},{\"name\":\"http\",\"status\":\"mocked\"},{\"name\":\"https\",\"status\":\"mocked\"},{\"name\":\"https\",\"status\":\"mocked\"},{\"name\":\"net\",\"status\":\"mocked\"}]"}}
[debug] [2023-02-06T18:47:39.598Z] [runtime-status] [28904] Resolved module firebase-functions {"declared":true,"installed":true,"version":"3.24.1","resolution":"/Users/Payton/web-development/wpra-api/functions/node_modules/firebase-functions/lib/index.js"} {"metadata":{"emulator":{"name":"functions"},"function":{"name":"us-central1-wpra"},"extension":{},"message":"[runtime-status] [28904] Resolved module firebase-functions {\"declared\":true,\"installed\":true,\"version\":\"3.24.1\",\"resolution\":\"/Users/Payton/web-development/wpra-api/functions/node_modules/firebase-functions/lib/index.js\"}"}}
[debug] [2023-02-06T18:47:39.635Z] [runtime-status] [28904] Checked functions.config() {"config":{}} {"metadata":{"emulator":{"name":"functions"},"function":{"name":"us-central1-wpra"},"extension":{},"message":"[runtime-status] [28904] Checked functions.config() {\"config\":{}}"}}
[debug] [2023-02-06T18:47:39.635Z] [runtime-status] [28904] firebase-functions has been stubbed. {"functionsResolution":{"declared":true,"installed":true,"version":"3.24.1","resolution":"/Users/Payton/web-development/wpra-api/functions/node_modules/firebase-functions/lib/index.js"}} {"metadata":{"emulator":{"name":"functions"},"function":{"name":"us-central1-wpra"},"extension":{},"message":"[runtime-status] [28904] firebase-functions has been stubbed. {\"functionsResolution\":{\"declared\":true,\"installed\":true,\"version\":\"3.24.1\",\"resolution\":\"/Users/Payton/web-development/wpra-api/functions/node_modules/firebase-functions/lib/index.js\"}}"}}
[debug] [2023-02-06T18:47:39.637Z] [runtime-status] [28904] Resolved module firebase-functions {"declared":true,"installed":true,"version":"3.24.1","resolution":"/Users/Payton/web-development/wpra-api/functions/node_modules/firebase-functions/lib/index.js"} {"metadata":{"emulator":{"name":"functions"},"function":{"name":"us-central1-wpra"},"extension":{},"message":"[runtime-status] [28904] Resolved module firebase-functions {\"declared\":true,\"installed\":true,\"version\":\"3.24.1\",\"resolution\":\"/Users/Payton/web-development/wpra-api/functions/node_modules/firebase-functions/lib/index.js\"}"}}
[debug] [2023-02-06T18:47:39.638Z] [runtime-status] [28904] Resolved module firebase-admin {"declared":true,"installed":true,"version":"10.3.0","resolution":"/Users/Payton/web-development/wpra-api/functions/node_modules/firebase-admin/lib/index.js"} {"metadata":{"emulator":{"name":"functions"},"function":{"name":"us-central1-wpra"},"extension":{},"message":"[runtime-status] [28904] Resolved module firebase-admin {\"declared\":true,\"installed\":true,\"version\":\"10.3.0\",\"resolution\":\"/Users/Payton/web-development/wpra-api/functions/node_modules/firebase-admin/lib/index.js\"}"}}
[debug] [2023-02-06T18:47:39.638Z] [runtime-status] [28904] Resolved module firebase-functions {"declared":true,"installed":true,"version":"3.24.1","resolution":"/Users/Payton/web-development/wpra-api/functions/node_modules/firebase-functions/lib/index.js"} {"metadata":{"emulator":{"name":"functions"},"function":{"name":"us-central1-wpra"},"extension":{},"message":"[runtime-status] [28904] Resolved module firebase-functions {\"declared\":true,\"installed\":true,\"version\":\"3.24.1\",\"resolution\":\"/Users/Payton/web-development/wpra-api/functions/node_modules/firebase-functions/lib/index.js\"}"}}
[debug] [2023-02-06T18:47:39.639Z] [runtime-status] [28904] firebase-admin has been stubbed. {"adminResolution":{"declared":true,"installed":true,"version":"10.3.0","resolution":"/Users/Payton/web-development/wpra-api/functions/node_modules/firebase-admin/lib/index.js"}} {"metadata":{"emulator":{"name":"functions"},"function":{"name":"us-central1-wpra"},"extension":{},"message":"[runtime-status] [28904] firebase-admin has been stubbed. {\"adminResolution\":{\"declared\":true,\"installed\":true,\"version\":\"10.3.0\",\"resolution\":\"/Users/Payton/web-development/wpra-api/functions/node_modules/firebase-admin/lib/index.js\"}}"}}
[debug] [2023-02-06T18:47:39.770Z] [runtime-status] [28904] Functions runtime initialized. {"cwd":"/Users/Payton/web-development/wpra-api/functions","node_version":"18.12.1"} {"metadata":{"emulator":{"name":"functions"},"function":{"name":"us-central1-wpra"},"extension":{},"message":"[runtime-status] [28904] Functions runtime initialized. {\"cwd\":\"/Users/Payton/web-development/wpra-api/functions\",\"node_version\":\"18.12.1\"}"}}
[debug] [2023-02-06T18:47:39.770Z] [runtime-status] [28904] Listening to port: /var/folders/jj/x_17k9fj1_92c55ddbkw8p4c0000gn/T/fire_emu_9b11548d871aa172.sock {"metadata":{"emulator":{"name":"functions"},"function":{"name":"us-central1-wpra"},"extension":{},"message":"[runtime-status] [28904] Listening to port: /var/folders/jj/x_17k9fj1_92c55ddbkw8p4c0000gn/T/fire_emu_9b11548d871aa172.sock"}}
[debug] [2023-02-06T18:47:39.837Z] [worker-pool] submitRequest(triggerId=us-central1-wpra) {"metadata":{"emulator":{"name":"functions"},"message":"[worker-pool] submitRequest(triggerId=us-central1-wpra)"}}
[debug] [2023-02-06T18:47:39.837Z] [worker-us-central1-wpra-96d5a7a9-7821-4006-9ccc-5051683d47ce]: BUSY {"metadata":{"emulator":{"name":"functions"},"message":"[worker-us-central1-wpra-96d5a7a9-7821-4006-9ccc-5051683d47ce]: BUSY"}}
[info] i  functions: Beginning execution of "wpra" {"metadata":{"emulator":{"name":"functions"},"function":{"name":"us-central1-wpra"},"extension":{},"message":"Beginning execution of \"wpra\""}}
[info] >  /Users/Payton/web-development/wpra-api/functions/index.js:11 {"user":"/Users/Payton/web-development/wpra-api/functions/index.js:11","metadata":{"emulator":{"name":"functions"},"function":{"name":"us-central1-wpra"},"extension":{},"message":"\u001b[90m> \u001b[39m /Users/Payton/web-development/wpra-api/functions/index.js:11"}}
[info] >    const standings = await getWpra(event, type, year, circuit); {"user":"  const standings = await getWpra(event, type, year, circuit);","metadata":{"emulator":{"name":"functions"},"function":{"name":"us-central1-wpra"},"extension":{},"message":"\u001b[90m> \u001b[39m   const standings = await getWpra(event, type, year, circuit);"}}
[info] >                            ^ {"user":"                          ^","metadata":{"emulator":{"name":"functions"},"function":{"name":"us-central1-wpra"},"extension":{},"message":"\u001b[90m> \u001b[39m                           ^"}}
[info] >   {"user":"","metadata":{"emulator":{"name":"functions"},"function":{"name":"us-central1-wpra"},"extension":{},"message":"\u001b[90m> \u001b[39m "}}
[info] >  TypeError: getWpra is not a function {"user":"TypeError: getWpra is not a function","metadata":{"emulator":{"name":"functions"},"function":{"name":"us-central1-wpra"},"extension":{},"message":"\u001b[90m> \u001b[39m TypeError: getWpra is not a function"}}
[info] >      at /Users/Payton/web-development/wpra-api/functions/index.js:11:27 {"user":"    at /Users/Payton/web-development/wpra-api/functions/index.js:11:27","metadata":{"emulator":{"name":"functions"},"function":{"name":"us-central1-wpra"},"extension":{},"message":"\u001b[90m> \u001b[39m     at /Users/Payton/web-development/wpra-api/functions/index.js:11:27"}}
[info] >      at Layer.handle [as handle_request] (/Users/Payton/web-development/wpra-api/functions/node_modules/express/lib/router/layer.js:95:5) {"user":"    at Layer.handle [as handle_request] (/Users/Payton/web-development/wpra-api/functions/node_modules/express/lib/router/layer.js:95:5)","metadata":{"emulator":{"name":"functions"},"function":{"name":"us-central1-wpra"},"extension":{},"message":"\u001b[90m> \u001b[39m     at Layer.handle [as handle_request] (/Users/Payton/web-development/wpra-api/functions/node_modules/express/lib/router/layer.js:95:5)"}}
[info] >      at next (/Users/Payton/web-development/wpra-api/functions/node_modules/express/lib/router/route.js:144:13) {"user":"    at next (/Users/Payton/web-development/wpra-api/functions/node_modules/express/lib/router/route.js:144:13)","metadata":{"emulator":{"name":"functions"},"function":{"name":"us-central1-wpra"},"extension":{},"message":"\u001b[90m> \u001b[39m     at next (/Users/Payton/web-development/wpra-api/functions/node_modules/express/lib/router/route.js:144:13)"}}
[info] >      at Route.dispatch (/Users/Payton/web-development/wpra-api/functions/node_modules/express/lib/router/route.js:114:3) {"user":"    at Route.dispatch (/Users/Payton/web-development/wpra-api/functions/node_modules/express/lib/router/route.js:114:3)","metadata":{"emulator":{"name":"functions"},"function":{"name":"us-central1-wpra"},"extension":{},"message":"\u001b[90m> \u001b[39m     at Route.dispatch (/Users/Payton/web-development/wpra-api/functions/node_modules/express/lib/router/route.js:114:3)"}}
[info] >      at Layer.handle [as handle_request] (/Users/Payton/web-development/wpra-api/functions/node_modules/express/lib/router/layer.js:95:5) {"user":"    at Layer.handle [as handle_request] (/Users/Payton/web-development/wpra-api/functions/node_modules/express/lib/router/layer.js:95:5)","metadata":{"emulator":{"name":"functions"},"function":{"name":"us-central1-wpra"},"extension":{},"message":"\u001b[90m> \u001b[39m     at Layer.handle [as handle_request] (/Users/Payton/web-development/wpra-api/functions/node_modules/express/lib/router/layer.js:95:5)"}}
[info] >      at /Users/Payton/web-development/wpra-api/functions/node_modules/express/lib/router/index.js:284:15 {"user":"    at /Users/Payton/web-development/wpra-api/functions/node_modules/express/lib/router/index.js:284:15","metadata":{"emulator":{"name":"functions"},"function":{"name":"us-central1-wpra"},"extension":{},"message":"\u001b[90m> \u001b[39m     at /Users/Payton/web-development/wpra-api/functions/node_modules/express/lib/router/index.js:284:15"}}
[info] >      at param (/Users/Payton/web-development/wpra-api/functions/node_modules/express/lib/router/index.js:365:14) {"user":"    at param (/Users/Payton/web-development/wpra-api/functions/node_modules/express/lib/router/index.js:365:14)","metadata":{"emulator":{"name":"functions"},"function":{"name":"us-central1-wpra"},"extension":{},"message":"\u001b[90m> \u001b[39m     at param (/Users/Payton/web-development/wpra-api/functions/node_modules/express/lib/router/index.js:365:14)"}}
[info] >      at param (/Users/Payton/web-development/wpra-api/functions/node_modules/express/lib/router/index.js:376:14) {"user":"    at param (/Users/Payton/web-development/wpra-api/functions/node_modules/express/lib/router/index.js:376:14)","metadata":{"emulator":{"name":"functions"},"function":{"name":"us-central1-wpra"},"extension":{},"message":"\u001b[90m> \u001b[39m     at param (/Users/Payton/web-development/wpra-api/functions/node_modules/express/lib/router/index.js:376:14)"}}
[info] >      at param (/Users/Payton/web-development/wpra-api/functions/node_modules/express/lib/router/index.js:376:14) {"user":"    at param (/Users/Payton/web-development/wpra-api/functions/node_modules/express/lib/router/index.js:376:14)","metadata":{"emulator":{"name":"functions"},"function":{"name":"us-central1-wpra"},"extension":{},"message":"\u001b[90m> \u001b[39m     at param (/Users/Payton/web-development/wpra-api/functions/node_modules/express/lib/router/index.js:376:14)"}}
[info] >      at param (/Users/Payton/web-development/wpra-api/functions/node_modules/express/lib/router/index.js:376:14) {"user":"    at param (/Users/Payton/web-development/wpra-api/functions/node_modules/express/lib/router/index.js:376:14)","metadata":{"emulator":{"name":"functions"},"function":{"name":"us-central1-wpra"},"extension":{},"message":"\u001b[90m> \u001b[39m     at param (/Users/Payton/web-development/wpra-api/functions/node_modules/express/lib/router/index.js:376:14)"}}
[info] >   {"user":"","metadata":{"emulator":{"name":"functions"},"function":{"name":"us-central1-wpra"},"extension":{},"message":"\u001b[90m> \u001b[39m "}}
[info] >  Node.js v18.12.1 {"user":"Node.js v18.12.1","metadata":{"emulator":{"name":"functions"},"function":{"name":"us-central1-wpra"},"extension":{},"message":"\u001b[90m> \u001b[39m Node.js v18.12.1"}}
[debug] [2023-02-06T18:47:39.857Z] [work-queue] {"queueLength":0,"workRunningCount":0}
[debug] [2023-02-06T18:47:39.858Z] [worker-us-central1-wpra-96d5a7a9-7821-4006-9ccc-5051683d47ce]: exited {"metadata":{"emulator":{"name":"functions"},"message":"[worker-us-central1-wpra-96d5a7a9-7821-4006-9ccc-5051683d47ce]: exited"}}
[debug] [2023-02-06T18:47:39.858Z] [worker-us-central1-wpra-96d5a7a9-7821-4006-9ccc-5051683d47ce]: FINISHED {"metadata":{"emulator":{"name":"functions"},"message":"[worker-us-central1-wpra-96d5a7a9-7821-4006-9ccc-5051683d47ce]: FINISHED"}}
[debug] [2023-02-06T18:47:40.022Z] Functions emulator received unknown request at path /favicon.ico
[debug] [2023-02-06T18:47:52.963Z] Received signal SIGHUP 1
[info]  
[info] i  emulators: Received SIGHUP for the first time. Starting a clean shutdown. 
[info] i  emulators: Please wait for a clean shutdown or send the SIGHUP signal again to stop right now. 
[debug] [2023-02-06T18:47:52.968Z] Error: write EIO
    at afterWriteDispatched (node:internal/stream_base_commons:160:15)
    at writeGeneric (node:internal/stream_base_commons:151:3)
    at Socket._writeGeneric (node:net:917:11)
    at Socket._write (node:net:929:8)
    at writeOrBuffer (node:internal/streams/writable:392:12)
    at _write (node:internal/streams/writable:333:10)
    at Writable.write (node:internal/streams/writable:337:10)
    at Console.log (/usr/local/lib/node_modules/firebase-tools/node_modules/winston/lib/winston/transports/console.js:79:23)
    at Console._write (/usr/local/lib/node_modules/firebase-tools/node_modules/winston-transport/index.js:103:17)
    at doWrite (/usr/local/lib/node_modules/firebase-tools/node_modules/winston-transport/node_modules/readable-stream/lib/_stream_writable.js:428:64)
    at writeOrBuffer (/usr/local/lib/node_modules/firebase-tools/node_modules/winston-transport/node_modules/readable-stream/lib/_stream_writable.js:417:5)
    at Writable.write (/usr/local/lib/node_modules/firebase-tools/node_modules/winston-transport/node_modules/readable-stream/lib/_stream_writable.js:334:11)
    at DerivedLogger.ondata (/usr/local/lib/node_modules/firebase-tools/node_modules/readable-stream/lib/_stream_readable.js:681:20)
    at DerivedLogger.emit (node:events:525:35)
    at DerivedLogger.emit (node:domain:489:12)
    at addChunk (/usr/local/lib/node_modules/firebase-tools/node_modules/readable-stream/lib/_stream_readable.js:298:12)
[error] 
[error] Error: An unexpected error has occurred.
[debug] [2023-02-06T18:47:52.970Z] Error: write EIO
    at afterWriteDispatched (node:internal/stream_base_commons:160:15)
    at writeGeneric (node:internal/stream_base_commons:151:3)
    at Socket._writeGeneric (node:net:917:11)
    at Socket._write (node:net:929:8)
    at writeOrBuffer (node:internal/streams/writable:392:12)
    at _write (node:internal/streams/writable:333:10)
    at Writable.write (node:internal/streams/writable:337:10)
    at Console.log (/usr/local/lib/node_modules/firebase-tools/node_modules/winston/lib/winston/transports/console.js:79:23)
    at Console._write (/usr/local/lib/node_modules/firebase-tools/node_modules/winston-transport/index.js:103:17)
    at doWrite (/usr/local/lib/node_modules/firebase-tools/node_modules/winston-transport/node_modules/readable-stream/lib/_stream_writable.js:428:64)
    at writeOrBuffer (/usr/local/lib/node_modules/firebase-tools/node_modules/winston-transport/node_modules/readable-stream/lib/_stream_writable.js:417:5)
    at Writable.write (/usr/local/lib/node_modules/firebase-tools/node_modules/winston-transport/node_modules/readable-stream/lib/_stream_writable.js:334:11)
    at DerivedLogger.ondata (/usr/local/lib/node_modules/firebase-tools/node_modules/readable-stream/lib/_stream_readable.js:681:20)
    at DerivedLogger.emit (node:events:525:35)
    at DerivedLogger.emit (node:domain:489:12)
    at addChunk (/usr/local/lib/node_modules/firebase-tools/node_modules/readable-stream/lib/_stream_readable.js:298:12)
[error] 
[error] Error: An unexpected error has occurred.
[debug] [2023-02-06T18:47:52.971Z] Error: write EIO
    at afterWriteDispatched (node:internal/stream_base_commons:160:15)
    at writeGeneric (node:internal/stream_base_commons:151:3)
    at Socket._writeGeneric (node:net:917:11)
    at Socket._write (node:net:929:8)
    at writeOrBuffer (node:internal/streams/writable:392:12)
    at _write (node:internal/streams/writable:333:10)
    at Writable.write (node:internal/streams/writable:337:10)
    at Console.log (/usr/local/lib/node_modules/firebase-tools/node_modules/winston/lib/winston/transports/console.js:79:23)
    at Console._write (/usr/local/lib/node_modules/firebase-tools/node_modules/winston-transport/index.js:103:17)
    at doWrite (/usr/local/lib/node_modules/firebase-tools/node_modules/winston-transport/node_modules/readable-stream/lib/_stream_writable.js:428:64)
    at writeOrBuffer (/usr/local/lib/node_modules/firebase-tools/node_modules/winston-transport/node_modules/readable-stream/lib/_stream_writable.js:417:5)
    at Writable.write (/usr/local/lib/node_modules/firebase-tools/node_modules/winston-transport/node_modules/readable-stream/lib/_stream_writable.js:334:11)
    at DerivedLogger.ondata (/usr/local/lib/node_modules/firebase-tools/node_modules/readable-stream/lib/_stream_readable.js:681:20)
    at DerivedLogger.emit (node:events:525:35)
    at DerivedLogger.emit (node:domain:489:12)
    at addChunk (/usr/local/lib/node_modules/firebase-tools/node_modules/readable-stream/lib/_stream_readable.js:298:12)
[error] 
[error] Error: An unexpected error has occurred.
[debug] [2023-02-06T18:47:52.971Z] Error: write EIO
    at afterWriteDispatched (node:internal/stream_base_commons:160:15)
    at writeGeneric (node:internal/stream_base_commons:151:3)
    at Socket._writeGeneric (node:net:917:11)
    at Socket._write (node:net:929:8)
    at writeOrBuffer (node:internal/streams/writable:392:12)
    at _write (node:internal/streams/writable:333:10)
    at Writable.write (node:internal/streams/writable:337:10)
    at Console.log (/usr/local/lib/node_modules/firebase-tools/node_modules/winston/lib/winston/transports/console.js:79:23)
    at Console._write (/usr/local/lib/node_modules/firebase-tools/node_modules/winston-transport/index.js:103:17)
    at doWrite (/usr/local/lib/node_modules/firebase-tools/node_modules/winston-transport/node_modules/readable-stream/lib/_stream_writable.js:428:64)
    at writeOrBuffer (/usr/local/lib/node_modules/firebase-tools/node_modules/winston-transport/node_modules/readable-stream/lib/_stream_writable.js:417:5)
    at Writable.write (/usr/local/lib/node_modules/firebase-tools/node_modules/winston-transport/node_modules/readable-stream/lib/_stream_writable.js:334:11)
    at DerivedLogger.ondata (/usr/local/lib/node_modules/firebase-tools/node_modules/readable-stream/lib/_stream_readable.js:681:20)
    at DerivedLogger.emit (node:events:525:35)
    at DerivedLogger.emit (node:domain:489:12)
    at addChunk (/usr/local/lib/node_modules/firebase-tools/node_modules/readable-stream/lib/_stream_readable.js:298:12)
[error] 
[error] Error: An unexpected error has occurred.
[debug] [2023-02-06T18:47:52.972Z] Error: write EIO
    at afterWriteDispatched (node:internal/stream_base_commons:160:15)
    at writeGeneric (node:internal/stream_base_commons:151:3)
    at Socket._writeGeneric (node:net:917:11)
    at Socket._write (node:net:929:8)
    at writeOrBuffer (node:internal/streams/writable:392:12)
    at _write (node:internal/streams/writable:333:10)
    at Writable.write (node:internal/streams/writable:337:10)
    at Console.log (/usr/local/lib/node_modules/firebase-tools/node_modules/winston/lib/winston/transports/console.js:79:23)
    at Console._write (/usr/local/lib/node_modules/firebase-tools/node_modules/winston-transport/index.js:103:17)
    at doWrite (/usr/local/lib/node_modules/firebase-tools/node_modules/winston-transport/node_modules/readable-stream/lib/_stream_writable.js:428:64)
    at writeOrBuffer (/usr/local/lib/node_modules/firebase-tools/node_modules/winston-transport/node_modules/readable-stream/lib/_stream_writable.js:417:5)
    at Writable.write (/usr/local/lib/node_modules/firebase-tools/node_modules/winston-transport/node_modules/readable-stream/lib/_stream_writable.js:334:11)
    at DerivedLogger.ondata (/usr/local/lib/node_modules/firebase-tools/node_modules/readable-stream/lib/_stream_readable.js:681:20)
    at DerivedLogger.emit (node:events:525:35)
    at DerivedLogger.emit (node:domain:489:12)
    at addChunk (/usr/local/lib/node_modules/firebase-tools/node_modules/readable-stream/lib/_stream_readable.js:298:12)
[error] 
[error] Error: An unexpected error has occurred.
[debug] [2023-02-06T18:47:52.972Z] Error: write EIO
    at afterWriteDispatched (node:internal/stream_base_commons:160:15)
    at writeGeneric (node:internal/stream_base_commons:151:3)
    at Socket._writeGeneric (node:net:917:11)
    at Socket._write (node:net:929:8)
    at writeOrBuffer (node:internal/streams/writable:392:12)
    at _write (node:internal/streams/writable:333:10)
    at Writable.write (node:internal/streams/writable:337:10)
    at Console.log (/usr/local/lib/node_modules/firebase-tools/node_modules/winston/lib/winston/transports/console.js:79:23)
    at Console._write (/usr/local/lib/node_modules/firebase-tools/node_modules/winston-transport/index.js:103:17)
    at doWrite (/usr/local/lib/node_modules/firebase-tools/node_modules/winston-transport/node_modules/readable-stream/lib/_stream_writable.js:428:64)
    at writeOrBuffer (/usr/local/lib/node_modules/firebase-tools/node_modules/winston-transport/node_modules/readable-stream/lib/_stream_writable.js:417:5)
    at Writable.write (/usr/local/lib/node_modules/firebase-tools/node_modules/winston-transport/node_modules/readable-stream/lib/_stream_writable.js:334:11)
    at DerivedLogger.ondata (/usr/local/lib/node_modules/firebase-tools/node_modules/readable-stream/lib/_stream_readable.js:681:20)
    at DerivedLogger.emit (node:events:525:35)
    at DerivedLogger.emit (node:domain:489:12)
    at addChunk (/usr/local/lib/node_modules/firebase-tools/node_modules/readable-stream/lib/_stream_readable.js:298:12)
[error] 
[error] Error: An unexpected error has occurred.
[debug] [2023-02-06T18:47:52.972Z] Error: write EIO
    at afterWriteDispatched (node:internal/stream_base_commons:160:15)
    at writeGeneric (node:internal/stream_base_commons:151:3)
    at Socket._writeGeneric (node:net:917:11)
    at Socket._write (node:net:929:8)
    at writeOrBuffer (node:internal/streams/writable:392:12)
    at _write (node:internal/streams/writable:333:10)
    at Writable.write (node:internal/streams/writable:337:10)
    at Console.log (/usr/local/lib/node_modules/firebase-tools/node_modules/winston/lib/winston/transports/console.js:79:23)
    at Console._write (/usr/local/lib/node_modules/firebase-tools/node_modules/winston-transport/index.js:103:17)
    at doWrite (/usr/local/lib/node_modules/firebase-tools/node_modules/winston-transport/node_modules/readable-stream/lib/_stream_writable.js:428:64)
    at writeOrBuffer (/usr/local/lib/node_modules/firebase-tools/node_modules/winston-transport/node_modules/readable-stream/lib/_stream_writable.js:417:5)
    at Writable.write (/usr/local/lib/node_modules/firebase-tools/node_modules/winston-transport/node_modules/readable-stream/lib/_stream_writable.js:334:11)
    at DerivedLogger.ondata (/usr/local/lib/node_modules/firebase-tools/node_modules/readable-stream/lib/_stream_readable.js:681:20)
    at DerivedLogger.emit (node:events:525:35)
    at DerivedLogger.emit (node:domain:489:12)
    at addChunk (/usr/local/lib/node_modules/firebase-tools/node_modules/readable-stream/lib/_stream_readable.js:298:12)
[error] 
[error] Error: An unexpected error has occurred.
[debug] [2023-02-06T18:47:52.973Z] Error: write EIO
    at afterWriteDispatched (node:internal/stream_base_commons:160:15)
    at writeGeneric (node:internal/stream_base_commons:151:3)
    at Socket._writeGeneric (node:net:917:11)
    at Socket._write (node:net:929:8)
    at writeOrBuffer (node:internal/streams/writable:392:12)
    at _write (node:internal/streams/writable:333:10)
    at Writable.write (node:internal/streams/writable:337:10)
    at Console.log (/usr/local/lib/node_modules/firebase-tools/node_modules/winston/lib/winston/transports/console.js:79:23)
    at Console._write (/usr/local/lib/node_modules/firebase-tools/node_modules/winston-transport/index.js:103:17)
    at doWrite (/usr/local/lib/node_modules/firebase-tools/node_modules/winston-transport/node_modules/readable-stream/lib/_stream_writable.js:428:64)
    at writeOrBuffer (/usr/local/lib/node_modules/firebase-tools/node_modules/winston-transport/node_modules/readable-stream/lib/_stream_writable.js:417:5)
    at Writable.write (/usr/local/lib/node_modules/firebase-tools/node_modules/winston-transport/node_modules/readable-stream/lib/_stream_writable.js:334:11)
    at DerivedLogger.ondata (/usr/local/lib/node_modules/firebase-tools/node_modules/readable-stream/lib/_stream_readable.js:681:20)
    at DerivedLogger.emit (node:events:525:35)
    at DerivedLogger.emit (node:domain:489:12)
    at addChunk (/usr/local/lib/node_modules/firebase-tools/node_modules/readable-stream/lib/_stream_readable.js:298:12)
[error] 
[error] Error: An unexpected error has occurred.
[debug] [2023-02-06T18:47:52.973Z] Error: write EIO
    at afterWriteDispatched (node:internal/stream_base_commons:160:15)
    at writeGeneric (node:internal/stream_base_commons:151:3)
    at Socket._writeGeneric (node:net:917:11)
    at Socket._write (node:net:929:8)
    at writeOrBuffer (node:internal/streams/writable:392:12)
    at _write (node:internal/streams/writable:333:10)
    at Writable.write (node:internal/streams/writable:337:10)
    at Console.log (/usr/local/lib/node_modules/firebase-tools/node_modules/winston/lib/winston/transports/console.js:79:23)
    at Console._write (/usr/local/lib/node_modules/firebase-tools/node_modules/winston-transport/index.js:103:17)
    at doWrite (/usr/local/lib/node_modules/firebase-tools/node_modules/winston-transport/node_modules/readable-stream/lib/_stream_writable.js:428:64)
    at writeOrBuffer (/usr/local/lib/node_modules/firebase-tools/node_modules/winston-transport/node_modules/readable-stream/lib/_stream_writable.js:417:5)
    at Writable.write (/usr/local/lib/node_modules/firebase-tools/node_modules/winston-transport/node_modules/readable-stream/lib/_stream_writable.js:334:11)
    at DerivedLogger.ondata (/usr/local/lib/node_modules/firebase-tools/node_modules/readable-stream/lib/_stream_readable.js:681:20)
    at DerivedLogger.emit (node:events:525:35)
    at DerivedLogger.emit (node:domain:489:12)
    at addChunk (/usr/local/lib/node_modules/firebase-tools/node_modules/readable-stream/lib/_stream_readable.js:298:12)
[error] 
[error] Error: An unexpected error has occurred.
[debug] [2023-02-06T18:47:52.974Z] Error: write EIO
    at afterWriteDispatched (node:internal/stream_base_commons:160:15)
    at writeGeneric (node:internal/stream_base_commons:151:3)
    at Socket._writeGeneric (node:net:917:11)
    at Socket._write (node:net:929:8)
    at writeOrBuffer (node:internal/streams/writable:392:12)
    at _write (node:internal/streams/writable:333:10)
    at Writable.write (node:internal/streams/writable:337:10)
    at Console.log (/usr/local/lib/node_modules/firebase-tools/node_modules/winston/lib/winston/transports/console.js:79:23)
    at Console._write (/usr/local/lib/node_modules/firebase-tools/node_modules/winston-transport/index.js:103:17)
    at doWrite (/usr/local/lib/node_modules/firebase-tools/node_modules/winston-transport/node_modules/readable-stream/lib/_stream_writable.js:428:64)
    at writeOrBuffer (/usr/local/lib/node_modules/firebase-tools/node_modules/winston-transport/node_modules/readable-stream/lib/_stream_writable.js:417:5)
    at Writable.write (/usr/local/lib/node_modules/firebase-tools/node_modules/winston-transport/node_modules/readable-stream/lib/_stream_writable.js:334:11)
    at DerivedLogger.ondata (/usr/local/lib/node_modules/firebase-tools/node_modules/readable-stream/lib/_stream_readable.js:681:20)
    at DerivedLogger.emit (node:events:525:35)
    at DerivedLogger.emit (node:domain:489:12)
    at addChunk (/usr/local/lib/node_modules/firebase-tools/node_modules/readable-stream/lib/_stream_readable.js:298:12)
[error] 
[error] Error: An unexpected error has occurred.
[debug] [2023-02-06T18:47:52.974Z] Error: write EIO
    at afterWriteDispatched (node:internal/stream_base_commons:160:15)
    at writeGeneric (node:internal/stream_base_commons:151:3)
    at Socket._writeGeneric (node:net:917:11)
    at Socket._write (node:net:929:8)
    at writeOrBuffer (node:internal/streams/writable:392:12)
    at _write (node:internal/streams/writable:333:10)
    at Writable.write (node:internal/streams/writable:337:10)
    at Console.log (/usr/local/lib/node_modules/firebase-tools/node_modules/winston/lib/winston/transports/console.js:79:23)
    at Console._write (/usr/local/lib/node_modules/firebase-tools/node_modules/winston-transport/index.js:103:17)
    at doWrite (/usr/local/lib/node_modules/firebase-tools/node_modules/winston-transport/node_modules/readable-stream/lib/_stream_writable.js:428:64)
    at writeOrBuffer (/usr/local/lib/node_modules/firebase-tools/node_modules/winston-transport/node_modules/readable-stream/lib/_stream_writable.js:417:5)
    at Writable.write (/usr/local/lib/node_modules/firebase-tools/node_modules/winston-transport/node_modules/readable-stream/lib/_stream_writable.js:334:11)
    at DerivedLogger.ondata (/usr/local/lib/node_modules/firebase-tools/node_modules/readable-stream/lib/_stream_readable.js:681:20)
    at DerivedLogger.emit (node:events:525:35)
    at DerivedLogger.emit (node:domain:489:12)
    at addChunk (/usr/local/lib/node_modules/firebase-tools/node_modules/readable-stream/lib/_stream_readable.js:298:12)
[error] 
[error] Error: An unexpected error has occurred.
[debug] [2023-02-06T18:47:52.977Z] Error: write EIO
    at afterWriteDispatched (node:internal/stream_base_commons:160:15)
    at writeGeneric (node:internal/stream_base_commons:151:3)
    at Socket._writeGeneric (node:net:917:11)
    at Socket._write (node:net:929:8)
    at writeOrBuffer (node:internal/streams/writable:392:12)
    at _write (node:internal/streams/writable:333:10)
    at Writable.write (node:internal/streams/writable:337:10)
    at Console.log (/usr/local/lib/node_modules/firebase-tools/node_modules/winston/lib/winston/transports/console.js:79:23)
    at Console._write (/usr/local/lib/node_modules/firebase-tools/node_modules/winston-transport/index.js:103:17)
    at doWrite (/usr/local/lib/node_modules/firebase-tools/node_modules/winston-transport/node_modules/readable-stream/lib/_stream_writable.js:428:64)
    at writeOrBuffer (/usr/local/lib/node_modules/firebase-tools/node_modules/winston-transport/node_modules/readable-stream/lib/_stream_writable.js:417:5)
    at Writable.write (/usr/local/lib/node_modules/firebase-tools/node_modules/winston-transport/node_modules/readable-stream/lib/_stream_writable.js:334:11)
    at DerivedLogger.ondata (/usr/local/lib/node_modules/firebase-tools/node_modules/readable-stream/lib/_stream_readable.js:681:20)
    at DerivedLogger.emit (node:events:525:35)
    at DerivedLogger.emit (node:domain:489:12)
    at addChunk (/usr/local/lib/node_modules/firebase-tools/node_modules/readable-stream/lib/_stream_readable.js:298:12)
[error] 
[error] Error: An unexpected error has occurred.
[debug] [2023-02-06T18:47:52.977Z] Error: write EIO
    at afterWriteDispatched (node:internal/stream_base_commons:160:15)
    at writeGeneric (node:internal/stream_base_commons:151:3)
    at Socket._writeGeneric (node:net:917:11)
    at Socket._write (node:net:929:8)
    at writeOrBuffer (node:internal/streams/writable:392:12)
    at _write (node:internal/streams/writable:333:10)
    at Writable.write (node:internal/streams/writable:337:10)
    at Console.log (/usr/local/lib/node_modules/firebase-tools/node_modules/winston/lib/winston/transports/console.js:79:23)
    at Console._write (/usr/local/lib/node_modules/firebase-tools/node_modules/winston-transport/index.js:103:17)
    at doWrite (/usr/local/lib/node_modules/firebase-tools/node_modules/winston-transport/node_modules/readable-stream/lib/_stream_writable.js:428:64)
    at writeOrBuffer (/usr/local/lib/node_modules/firebase-tools/node_modules/winston-transport/node_modules/readable-stream/lib/_stream_writable.js:417:5)
    at Writable.write (/usr/local/lib/node_modules/firebase-tools/node_modules/winston-transport/node_modules/readable-stream/lib/_stream_writable.js:334:11)
    at DerivedLogger.ondata (/usr/local/lib/node_modules/firebase-tools/node_modules/readable-stream/lib/_stream_readable.js:681:20)
    at DerivedLogger.emit (node:events:525:35)
    at DerivedLogger.emit (node:domain:489:12)
    at addChunk (/usr/local/lib/node_modules/firebase-tools/node_modules/readable-stream/lib/_stream_readable.js:298:12)
[error] 
[error] Error: An unexpected error has occurred.
[debug] [2023-02-06T18:47:52.977Z] Error: write EIO
    at afterWriteDispatched (node:internal/stream_base_commons:160:15)
    at writeGeneric (node:internal/stream_base_commons:151:3)
    at Socket._writeGeneric (node:net:917:11)
    at Socket._write (node:net:929:8)
    at writeOrBuffer (node:internal/streams/writable:392:12)
    at _write (node:internal/streams/writable:333:10)
    at Writable.write (node:internal/streams/writable:337:10)
    at Console.log (/usr/local/lib/node_modules/firebase-tools/node_modules/winston/lib/winston/transports/console.js:79:23)
    at Console._write (/usr/local/lib/node_modules/firebase-tools/node_modules/winston-transport/index.js:103:17)
    at doWrite (/usr/local/lib/node_modules/firebase-tools/node_modules/winston-transport/node_modules/readable-stream/lib/_stream_writable.js:428:64)
    at writeOrBuffer (/usr/local/lib/node_modules/firebase-tools/node_modules/winston-transport/node_modules/readable-stream/lib/_stream_writable.js:417:5)
    at Writable.write (/usr/local/lib/node_modules/firebase-tools/node_modules/winston-transport/node_modules/readable-stream/lib/_stream_writable.js:334:11)
    at DerivedLogger.ondata (/usr/local/lib/node_modules/firebase-tools/node_modules/readable-stream/lib/_stream_readable.js:681:20)
    at DerivedLogger.emit (node:events:525:35)
    at DerivedLogger.emit (node:domain:489:12)
    at addChunk (/usr/local/lib/node_modules/firebase-tools/node_modules/readable-stream/lib/_stream_readable.js:298:12)
[error] 
[error] Error: An unexpected error has occurred.
[debug] [2023-02-06T18:47:52.978Z] Error: write EIO
    at afterWriteDispatched (node:internal/stream_base_commons:160:15)
    at writeGeneric (node:internal/stream_base_commons:151:3)
    at Socket._writeGeneric (node:net:917:11)
    at Socket._write (node:net:929:8)
    at writeOrBuffer (node:internal/streams/writable:392:12)
    at _write (node:internal/streams/writable:333:10)
    at Writable.write (node:internal/streams/writable:337:10)
    at Console.log (/usr/local/lib/node_modules/firebase-tools/node_modules/winston/lib/winston/transports/console.js:79:23)
    at Console._write (/usr/local/lib/node_modules/firebase-tools/node_modules/winston-transport/index.js:103:17)
    at doWrite (/usr/local/lib/node_modules/firebase-tools/node_modules/winston-transport/node_modules/readable-stream/lib/_stream_writable.js:428:64)
    at writeOrBuffer (/usr/local/lib/node_modules/firebase-tools/node_modules/winston-transport/node_modules/readable-stream/lib/_stream_writable.js:417:5)
    at Writable.write (/usr/local/lib/node_modules/firebase-tools/node_modules/winston-transport/node_modules/readable-stream/lib/_stream_writable.js:334:11)
    at DerivedLogger.ondata (/usr/local/lib/node_modules/firebase-tools/node_modules/readable-stream/lib/_stream_readable.js:681:20)
    at DerivedLogger.emit (node:events:525:35)
    at DerivedLogger.emit (node:domain:489:12)
    at addChunk (/usr/local/lib/node_modules/firebase-tools/node_modules/readable-stream/lib/_stream_readable.js:298:12)
[error] 
[error] Error: An unexpected error has occurred.
[debug] [2023-02-06T18:47:52.978Z] Error: write EIO
    at afterWriteDispatched (node:internal/stream_base_commons:160:15)
    at writeGeneric (node:internal/stream_base_commons:151:3)
    at Socket._writeGeneric (node:net:917:11)
    at Socket._write (node:net:929:8)
    at writeOrBuffer (node:internal/streams/writable:392:12)
    at _write (node:internal/streams/writable:333:10)
    at Writable.write (node:internal/streams/writable:337:10)
    at Console.log (/usr/local/lib/node_modules/firebase-tools/node_modules/winston/lib/winston/transports/console.js:79:23)
    at Console._write (/usr/local/lib/node_modules/firebase-tools/node_modules/winston-transport/index.js:103:17)
    at doWrite (/usr/local/lib/node_modules/firebase-tools/node_modules/winston-transport/node_modules/readable-stream/lib/_stream_writable.js:428:64)
    at writeOrBuffer (/usr/local/lib/node_modules/firebase-tools/node_modules/winston-transport/node_modules/readable-stream/lib/_stream_writable.js:417:5)
    at Writable.write (/usr/local/lib/node_modules/firebase-tools/node_modules/winston-transport/node_modules/readable-stream/lib/_stream_writable.js:334:11)
    at DerivedLogger.ondata (/usr/local/lib/node_modules/firebase-tools/node_modules/readable-stream/lib/_stream_readable.js:681:20)
    at DerivedLogger.emit (node:events:525:35)
    at DerivedLogger.emit (node:domain:489:12)
    at addChunk (/usr/local/lib/node_modules/firebase-tools/node_modules/readable-stream/lib/_stream_readable.js:298:12)
[error] 
[error] Error: An unexpected error has occurred.
[debug] [2023-02-06T18:47:52.978Z] Error: write EIO
    at afterWriteDispatched (node:internal/stream_base_commons:160:15)
    at writeGeneric (node:internal/stream_base_commons:151:3)
    at Socket._writeGeneric (node:net:917:11)
    at Socket._write (node:net:929:8)
    at writeOrBuffer (node:internal/streams/writable:392:12)
    at _write (node:internal/streams/writable:333:10)
    at Writable.write (node:internal/streams/writable:337:10)
    at Console.log (/usr/local/lib/node_modules/firebase-tools/node_modules/winston/lib/winston/transports/console.js:79:23)
    at Console._write (/usr/local/lib/node_modules/firebase-tools/node_modules/winston-transport/index.js:103:17)
    at doWrite (/usr/local/lib/node_modules/firebase-tools/node_modules/winston-transport/node_modules/readable-stream/lib/_stream_writable.js:428:64)
    at writeOrBuffer (/usr/local/lib/node_modules/firebase-tools/node_modules/winston-transport/node_modules/readable-stream/lib/_stream_writable.js:417:5)
    at Writable.write (/usr/local/lib/node_modules/firebase-tools/node_modules/winston-transport/node_modules/readable-stream/lib/_stream_writable.js:334:11)
    at DerivedLogger.ondata (/usr/local/lib/node_modules/firebase-tools/node_modules/readable-stream/lib/_stream_readable.js:681:20)
    at DerivedLogger.emit (node:events:525:35)
    at DerivedLogger.emit (node:domain:489:12)
    at addChunk (/usr/local/lib/node_modules/firebase-tools/node_modules/readable-stream/lib/_stream_readable.js:298:12)
[error] 
[error] Error: An unexpected error has occurred.
[debug] [2023-02-06T18:47:52.979Z] Error: write EIO
    at afterWriteDispatched (node:internal/stream_base_commons:160:15)
    at writeGeneric (node:internal/stream_base_commons:151:3)
    at Socket._writeGeneric (node:net:917:11)
    at Socket._write (node:net:929:8)
    at writeOrBuffer (node:internal/streams/writable:392:12)
    at _write (node:internal/streams/writable:333:10)
    at Writable.write (node:internal/streams/writable:337:10)
    at Console.log (/usr/local/lib/node_modules/firebase-tools/node_modules/winston/lib/winston/transports/console.js:79:23)
    at Console._write (/usr/local/lib/node_modules/firebase-tools/node_modules/winston-transport/index.js:103:17)
    at doWrite (/usr/local/lib/node_modules/firebase-tools/node_modules/winston-transport/node_modules/readable-stream/lib/_stream_writable.js:428:64)
    at writeOrBuffer (/usr/local/lib/node_modules/firebase-tools/node_modules/winston-transport/node_modules/readable-stream/lib/_stream_writable.js:417:5)
    at Writable.write (/usr/local/lib/node_modules/firebase-tools/node_modules/winston-transport/node_modules/readable-stream/lib/_stream_writable.js:334:11)
    at DerivedLogger.ondata (/usr/local/lib/node_modules/firebase-tools/node_modules/readable-stream/lib/_stream_readable.js:681:20)
    at DerivedLogger.emit (node:events:525:35)
    at DerivedLogger.emit (node:domain:489:12)
    at addChunk (/usr/local/lib/node_modules/firebase-tools/node_modules/readable-stream/lib/_stream_readable.js:298:12)
[error] 
[error] Error: An unexpected error has occurred.
[debug] [2023-02-06T18:47:52.980Z] Error: write EIO
    at afterWriteDispatched (node:internal/stream_base_commons:160:15)
    at writeGeneric (node:internal/stream_base_commons:151:3)
    at Socket._writeGeneric (node:net:917:11)
    at Socket._write (node:net:929:8)
    at writeOrBuffer (node:internal/streams/writable:392:12)
    at _write (node:internal/streams/writable:333:10)
    at Writable.write (node:internal/streams/writable:337:10)
    at Console.log (/usr/local/lib/node_modules/firebase-tools/node_modules/winston/lib/winston/transports/console.js:79:23)
    at Console._write (/usr/local/lib/node_modules/firebase-tools/node_modules/winston-transport/index.js:103:17)
    at doWrite (/usr/local/lib/node_modules/firebase-tools/node_modules/winston-transport/node_modules/readable-stream/lib/_stream_writable.js:428:64)
    at writeOrBuffer (/usr/local/lib/node_modules/firebase-tools/node_modules/winston-transport/node_modules/readable-stream/lib/_stream_writable.js:417:5)
    at Writable.write (/usr/local/lib/node_modules/firebase-tools/node_modules/winston-transport/node_modules/readable-stream/lib/_stream_writable.js:334:11)
    at DerivedLogger.ondata (/usr/local/lib/node_modules/firebase-tools/node_modules/readable-stream/lib/_stream_readable.js:681:20)
    at DerivedLogger.emit (node:events:525:35)
    at DerivedLogger.emit (node:domain:489:12)
    at addChunk (/usr/local/lib/node_modules/firebase-tools/node_modules/readable-stream/lib/_stream_readable.js:298:12)
[error] 
[error] Error: An unexpected error has occurred.
[debug] [2023-02-06T18:47:52.981Z] Ignoring signal SIGHUP due to short delay of 18ms
[debug] [2023-02-06T18:47:52.981Z] Error: write EIO
    at afterWriteDispatched (node:internal/stream_base_commons:160:15)
    at writeGeneric (node:internal/stream_base_commons:151:3)
    at Socket._writeGeneric (node:net:917:11)
    at Socket._write (node:net:929:8)
    at writeOrBuffer (node:internal/streams/writable:392:12)
    at _write (node:internal/streams/writable:333:10)
    at Writable.write (node:internal/streams/writable:337:10)
    at Console.log (/usr/local/lib/node_modules/firebase-tools/node_modules/winston/lib/winston/transports/console.js:79:23)
    at Console._write (/usr/local/lib/node_modules/firebase-tools/node_modules/winston-transport/index.js:103:17)
    at doWrite (/usr/local/lib/node_modules/firebase-tools/node_modules/winston-transport/node_modules/readable-stream/lib/_stream_writable.js:428:64)
    at writeOrBuffer (/usr/local/lib/node_modules/firebase-tools/node_modules/winston-transport/node_modules/readable-stream/lib/_stream_writable.js:417:5)
    at Writable.write (/usr/local/lib/node_modules/firebase-tools/node_modules/winston-transport/node_modules/readable-stream/lib/_stream_writable.js:334:11)
    at DerivedLogger.ondata (/usr/local/lib/node_modules/firebase-tools/node_modules/readable-stream/lib/_stream_readable.js:681:20)
    at DerivedLogger.emit (node:events:525:35)
    at DerivedLogger.emit (node:domain:489:12)
    at addChunk (/usr/local/lib/node_modules/firebase-tools/node_modules/readable-stream/lib/_stream_readable.js:298:12)
[error] 
[error] Error: An unexpected error has occurred.
[debug] [2023-02-06T18:47:52.981Z] Error: write EIO
    at afterWriteDispatched (node:internal/stream_base_commons:160:15)
    at writeGeneric (node:internal/stream_base_commons:151:3)
    at Socket._writeGeneric (node:net:917:11)
    at Socket._write (node:net:929:8)
    at writeOrBuffer (node:internal/streams/writable:392:12)
    at _write (node:internal/streams/writable:333:10)
    at Writable.write (node:internal/streams/writable:337:10)
    at Console.log (/usr/local/lib/node_modules/firebase-tools/node_modules/winston/lib/winston/transports/console.js:79:23)
    at Console._write (/usr/local/lib/node_modules/firebase-tools/node_modules/winston-transport/index.js:103:17)
    at doWrite (/usr/local/lib/node_modules/firebase-tools/node_modules/winston-transport/node_modules/readable-stream/lib/_stream_writable.js:428:64)
    at writeOrBuffer (/usr/local/lib/node_modules/firebase-tools/node_modules/winston-transport/node_modules/readable-stream/lib/_stream_writable.js:417:5)
    at Writable.write (/usr/local/lib/node_modules/firebase-tools/node_modules/winston-transport/node_modules/readable-stream/lib/_stream_writable.js:334:11)
    at DerivedLogger.ondata (/usr/local/lib/node_modules/firebase-tools/node_modules/readable-stream/lib/_stream_readable.js:681:20)
    at DerivedLogger.emit (node:events:525:35)
    at DerivedLogger.emit (node:domain:489:12)
    at addChunk (/usr/local/lib/node_modules/firebase-tools/node_modules/readable-stream/lib/_stream_readable.js:298:12)
[error] 
[error] Error: An unexpected error has occurred.
[debug] [2023-02-06T18:47:52.982Z] Error: write EIO
    at afterWriteDispatched (node:internal/stream_base_commons:160:15)
    at writeGeneric (node:internal/stream_base_commons:151:3)
    at Socket._writeGeneric (node:net:917:11)
    at Socket._write (node:net:929:8)
    at writeOrBuffer (node:internal/streams/writable:392:12)
    at _write (node:internal/streams/writable:333:10)
    at Writable.write (node:internal/streams/writable:337:10)
    at Console.log (/usr/local/lib/node_modules/firebase-tools/node_modules/winston/lib/winston/transports/console.js:79:23)
    at Console._write (/usr/local/lib/node_modules/firebase-tools/node_modules/winston-transport/index.js:103:17)
    at doWrite (/usr/local/lib/node_modules/firebase-tools/node_modules/winston-transport/node_modules/readable-stream/lib/_stream_writable.js:428:64)
    at writeOrBuffer (/usr/local/lib/node_modules/firebase-tools/node_modules/winston-transport/node_modules/readable-stream/lib/_stream_writable.js:417:5)
    at Writable.write (/usr/local/lib/node_modules/firebase-tools/node_modules/winston-transport/node_modules/readable-stream/lib/_stream_writable.js:334:11)
    at DerivedLogger.ondata (/usr/local/lib/node_modules/firebase-tools/node_modules/readable-stream/lib/_stream_readable.js:681:20)
    at DerivedLogger.emit (node:events:525:35)
    at DerivedLogger.emit (node:domain:489:12)
    at addChunk (/usr/local/lib/node_modules/firebase-tools/node_modules/readable-stream/lib/_stream_readable.js:298:12)
[error] 
[error] Error: An unexpected error has occurred.
[debug] [2023-02-06T18:47:52.982Z] Error: write EIO
    at afterWriteDispatched (node:internal/stream_base_commons:160:15)
    at writeGeneric (node:internal/stream_base_commons:151:3)
    at Socket._writeGeneric (node:net:917:11)
    at Socket._write (node:net:929:8)
    at writeOrBuffer (node:internal/streams/writable:392:12)
    at _write (node:internal/streams/writable:333:10)
    at Writable.write (node:internal/streams/writable:337:10)
    at Console.log (/usr/local/lib/node_modules/firebase-tools/node_modules/winston/lib/winston/transports/console.js:79:23)
    at Console._write (/usr/local/lib/node_modules/firebase-tools/node_modules/winston-transport/index.js:103:17)
    at doWrite (/usr/local/lib/node_modules/firebase-tools/node_modules/winston-transport/node_modules/readable-stream/lib/_stream_writable.js:428:64)
    at writeOrBuffer (/usr/local/lib/node_modules/firebase-tools/node_modules/winston-transport/node_modules/readable-stream/lib/_stream_writable.js:417:5)
    at Writable.write (/usr/local/lib/node_modules/firebase-tools/node_modules/winston-transport/node_modules/readable-stream/lib/_stream_writable.js:334:11)
    at DerivedLogger.ondata (/usr/local/lib/node_modules/firebase-tools/node_modules/readable-stream/lib/_stream_readable.js:681:20)
    at DerivedLogger.emit (node:events:525:35)
    at DerivedLogger.emit (node:domain:489:12)
    at addChunk (/usr/local/lib/node_modules/firebase-tools/node_modules/readable-stream/lib/_stream_readable.js:298:12)
[error] 
[error] Error: An unexpected error has occurred.
[debug] [2023-02-06T18:47:52.982Z] Error: write EIO
    at afterWriteDispatched (node:internal/stream_base_commons:160:15)
    at writeGeneric (node:internal/stream_base_commons:151:3)
    at Socket._writeGeneric (node:net:917:11)
    at Socket._write (node:net:929:8)
    at writeOrBuffer (node:internal/streams/writable:392:12)
    at _write (node:internal/streams/writable:333:10)
    at Writable.write (node:internal/streams/writable:337:10)
    at Console.log (/usr/local/lib/node_modules/firebase-tools/node_modules/winston/lib/winston/transports/console.js:79:23)
    at Console._write (/usr/local/lib/node_modules/firebase-tools/node_modules/winston-transport/index.js:103:17)
    at doWrite (/usr/local/lib/node_modules/firebase-tools/node_modules/winston-transport/node_modules/readable-stream/lib/_stream_writable.js:428:64)
    at writeOrBuffer (/usr/local/lib/node_modules/firebase-tools/node_modules/winston-transport/node_modules/readable-stream/lib/_stream_writable.js:417:5)
    at Writable.write (/usr/local/lib/node_modules/firebase-tools/node_modules/winston-transport/node_modules/readable-stream/lib/_stream_writable.js:334:11)
    at DerivedLogger.ondata (/usr/local/lib/node_modules/firebase-tools/node_modules/readable-stream/lib/_stream_readable.js:681:20)
    at DerivedLogger.emit (node:events:525:35)
    at DerivedLogger.emit (node:domain:489:12)
    at addChunk (/usr/local/lib/node_modules/firebase-tools/node_modules/readable-stream/lib/_stream_readable.js:298:12)
[error] 
[error] Error: An unexpected error has occurred.
[debug] [2023-02-06T18:47:52.982Z] Error: write EIO
    at afterWriteDispatched (node:internal/stream_base_commons:160:15)
    at writeGeneric (node:internal/stream_base_commons:151:3)
    at Socket._writeGeneric (node:net:917:11)
    at Socket._write (node:net:929:8)
    at writeOrBuffer (node:internal/streams/writable:392:12)
    at _write (node:internal/streams/writable:333:10)
    at Writable.write (node:internal/streams/writable:337:10)
    at Console.log (/usr/local/lib/node_modules/firebase-tools/node_modules/winston/lib/winston/transports/console.js:79:23)
    at Console._write (/usr/local/lib/node_modules/firebase-tools/node_modules/winston-transport/index.js:103:17)
    at doWrite (/usr/local/lib/node_modules/firebase-tools/node_modules/winston-transport/node_modules/readable-stream/lib/_stream_writable.js:428:64)
    at writeOrBuffer (/usr/local/lib/node_modules/firebase-tools/node_modules/winston-transport/node_modules/readable-stream/lib/_stream_writable.js:417:5)
    at Writable.write (/usr/local/lib/node_modules/firebase-tools/node_modules/winston-transport/node_modules/readable-stream/lib/_stream_writable.js:334:11)
    at DerivedLogger.ondata (/usr/local/lib/node_modules/firebase-tools/node_modules/readable-stream/lib/_stream_readable.js:681:20)
    at DerivedLogger.emit (node:events:525:35)
    at DerivedLogger.emit (node:domain:489:12)
    at addChunk (/usr/local/lib/node_modules/firebase-tools/node_modules/readable-stream/lib/_stream_readable.js:298:12)
[error] 
[error] Error: An unexpected error has occurred.
[debug] [2023-02-06T18:47:52.983Z] Error: write EIO
    at afterWriteDispatched (node:internal/stream_base_commons:160:15)
    at writeGeneric (node:internal/stream_base_commons:151:3)
    at Socket._writeGeneric (node:net:917:11)
    at Socket._write (node:net:929:8)
    at writeOrBuffer (node:internal/streams/writable:392:12)
    at _write (node:internal/streams/writable:333:10)
    at Writable.write (node:internal/streams/writable:337:10)
    at Console.log (/usr/local/lib/node_modules/firebase-tools/node_modules/winston/lib/winston/transports/console.js:79:23)
    at Console._write (/usr/local/lib/node_modules/firebase-tools/node_modules/winston-transport/index.js:103:17)
    at doWrite (/usr/local/lib/node_modules/firebase-tools/node_modules/winston-transport/node_modules/readable-stream/lib/_stream_writable.js:428:64)
    at writeOrBuffer (/usr/local/lib/node_modules/firebase-tools/node_modules/winston-transport/node_modules/readable-stream/lib/_stream_writable.js:417:5)
    at Writable.write (/usr/local/lib/node_modules/firebase-tools/node_modules/winston-transport/node_modules/readable-stream/lib/_stream_writable.js:334:11)
    at DerivedLogger.ondata (/usr/local/lib/node_modules/firebase-tools/node_modules/readable-stream/lib/_stream_readable.js:681:20)
    at DerivedLogger.emit (node:events:525:35)
    at DerivedLogger.emit (node:domain:489:12)
    at addChunk (/usr/local/lib/node_modules/firebase-tools/node_modules/readable-stream/lib/_stream_readable.js:298:12)
[error] 
[error] Error: An unexpected error has occurred.
[debug] [2023-02-06T18:47:52.983Z] Error: write EIO
    at afterWriteDispatched (node:internal/stream_base_commons:160:15)
    at writeGeneric (node:internal/stream_base_commons:151:3)
    at Socket._writeGeneric (node:net:917:11)
    at Socket._write (node:net:929:8)
    at writeOrBuffer (node:internal/streams/writable:392:12)
    at _write (node:internal/streams/writable:333:10)
    at Writable.write (node:internal/streams/writable:337:10)
    at Console.log (/usr/local/lib/node_modules/firebase-tools/node_modules/winston/lib/winston/transports/console.js:79:23)
    at Console._write (/usr/local/lib/node_modules/firebase-tools/node_modules/winston-transport/index.js:103:17)
    at doWrite (/usr/local/lib/node_modules/firebase-tools/node_modules/winston-transport/node_modules/readable-stream/lib/_stream_writable.js:428:64)
    at writeOrBuffer (/usr/local/lib/node_modules/firebase-tools/node_modules/winston-transport/node_modules/readable-stream/lib/_stream_writable.js:417:5)
    at Writable.write (/usr/local/lib/node_modules/firebase-tools/node_modules/winston-transport/node_modules/readable-stream/lib/_stream_writable.js:334:11)
    at DerivedLogger.ondata (/usr/local/lib/node_modules/firebase-tools/node_modules/readable-stream/lib/_stream_readable.js:681:20)
    at DerivedLogger.emit (node:events:525:35)
    at DerivedLogger.emit (node:domain:489:12)
    at addChunk (/usr/local/lib/node_modules/firebase-tools/node_modules/readable-stream/lib/_stream_readable.js:298:12)
[error] 
[error] Error: An unexpected error has occurred.
[debug] [2023-02-06T18:47:52.983Z] Error: write EIO
    at afterWriteDispatched (node:internal/stream_base_commons:160:15)
    at writeGeneric (node:internal/stream_base_commons:151:3)
    at Socket._writeGeneric (node:net:917:11)
    at Socket._write (node:net:929:8)
    at writeOrBuffer (node:internal/streams/writable:392:12)
    at _write (node:internal/streams/writable:333:10)
    at Writable.write (node:internal/streams/writable:337:10)
    at Console.log (/usr/local/lib/node_modules/firebase-tools/node_modules/winston/lib/winston/transports/console.js:79:23)
    at Console._write (/usr/local/lib/node_modules/firebase-tools/node_modules/winston-transport/index.js:103:17)
    at doWrite (/usr/local/lib/node_modules/firebase-tools/node_modules/winston-transport/node_modules/readable-stream/lib/_stream_writable.js:428:64)
    at writeOrBuffer (/usr/local/lib/node_modules/firebase-tools/node_modules/winston-transport/node_modules/readable-stream/lib/_stream_writable.js:417:5)
    at Writable.write (/usr/local/lib/node_modules/firebase-tools/node_modules/winston-transport/node_modules/readable-stream/lib/_stream_writable.js:334:11)
    at DerivedLogger.ondata (/usr/local/lib/node_modules/firebase-tools/node_modules/readable-stream/lib/_stream_readable.js:681:20)
    at DerivedLogger.emit (node:events:525:35)
    at DerivedLogger.emit (node:domain:489:12)
    at addChunk (/usr/local/lib/node_modules/firebase-tools/node_modules/readable-stream/lib/_stream_readable.js:298:12)
[error] 
[error] Error: An unexpected error has occurred.
[debug] [2023-02-06T18:47:52.984Z] Error: write EIO
    at afterWriteDispatched (node:internal/stream_base_commons:160:15)
    at writeGeneric (node:internal/stream_base_commons:151:3)
    at Socket._writeGeneric (node:net:917:11)
    at Socket._write (node:net:929:8)
    at writeOrBuffer (node:internal/streams/writable:392:12)
    at _write (node:internal/streams/writable:333:10)
    at Writable.write (node:internal/streams/writable:337:10)
    at Console.log (/usr/local/lib/node_modules/firebase-tools/node_modules/winston/lib/winston/transports/console.js:79:23)
    at Console._write (/usr/local/lib/node_modules/firebase-tools/node_modules/winston-transport/index.js:103:17)
    at doWrite (/usr/local/lib/node_modules/firebase-tools/node_modules/winston-transport/node_modules/readable-stream/lib/_stream_writable.js:428:64)
    at writeOrBuffer (/usr/local/lib/node_modules/firebase-tools/node_modules/winston-transport/node_modules/readable-stream/lib/_stream_writable.js:417:5)
    at Writable.write (/usr/local/lib/node_modules/firebase-tools/node_modules/winston-transport/node_modules/readable-stream/lib/_stream_writable.js:334:11)
    at DerivedLogger.ondata (/usr/local/lib/node_modules/firebase-tools/node_modules/readable-stream/lib/_stream_readable.js:681:20)
    at DerivedLogger.emit (node:events:525:35)
    at DerivedLogger.emit (node:domain:489:12)
    at addChunk (/usr/local/lib/node_modules/firebase-tools/node_modules/readable-stream/lib/_stream_readable.js:298:12)
[error] 
[error] Error: An unexpected error has occurred.
[debug] [2023-02-06T18:47:52.984Z] Error: write EIO
    at afterWriteDispatched (node:internal/stream_base_commons:160:15)
    at writeGeneric (node:internal/stream_base_commons:151:3)
    at Socket._writeGeneric (node:net:917:11)
    at Socket._write (node:net:929:8)
    at writeOrBuffer (node:internal/streams/writable:392:12)
    at _write (node:internal/streams/writable:333:10)
    at Writable.write (node:internal/streams/writable:337:10)
    at Console.log (/usr/local/lib/node_modules/firebase-tools/node_modules/winston/lib/winston/transports/console.js:79:23)
    at Console._write (/usr/local/lib/node_modules/firebase-tools/node_modules/winston-transport/index.js:103:17)
    at doWrite (/usr/local/lib/node_modules/firebase-tools/node_modules/winston-transport/node_modules/readable-stream/lib/_stream_writable.js:428:64)
    at writeOrBuffer (/usr/local/lib/node_modules/firebase-tools/node_modules/winston-transport/node_modules/readable-stream/lib/_stream_writable.js:417:5)
    at Writable.write (/usr/local/lib/node_modules/firebase-tools/node_modules/winston-transport/node_modules/readable-stream/lib/_stream_writable.js:334:11)
    at DerivedLogger.ondata (/usr/local/lib/node_modules/firebase-tools/node_modules/readable-stream/lib/_stream_readable.js:681:20)
    at DerivedLogger.emit (node:events:525:35)
    at DerivedLogger.emit (node:domain:489:12)
    at addChunk (/usr/local/lib/node_modules/firebase-tools/node_modules/readable-stream/lib/_stream_readable.js:298:12)
[error] 
[error] Error: An unexpected error has occurred.
[debug] [2023-02-06T18:47:52.984Z] Error: write EIO
    at afterWriteDispatched (node:internal/stream_base_commons:160:15)
    at writeGeneric (node:internal/stream_base_commons:151:3)
    at Socket._writeGeneric (node:net:917:11)
    at Socket._write (node:net:929:8)
    at writeOrBuffer (node:internal/streams/writable:392:12)
    at _write (node:internal/streams/writable:333:10)
    at Writable.write (node:internal/streams/writable:337:10)
    at Console.log (/usr/local/lib/node_modules/firebase-tools/node_modules/winston/lib/winston/transports/console.js:79:23)
    at Console._write (/usr/local/lib/node_modules/firebase-tools/node_modules/winston-transport/index.js:103:17)
    at doWrite (/usr/local/lib/node_modules/firebase-tools/node_modules/winston-transport/node_modules/readable-stream/lib/_stream_writable.js:428:64)
    at writeOrBuffer (/usr/local/lib/node_modules/firebase-tools/node_modules/winston-transport/node_modules/readable-stream/lib/_stream_writable.js:417:5)
    at Writable.write (/usr/local/lib/node_modules/firebase-tools/node_modules/winston-transport/node_modules/readable-stream/lib/_stream_writable.js:334:11)
    at DerivedLogger.ondata (/usr/local/lib/node_modules/firebase-tools/node_modules/readable-stream/lib/_stream_readable.js:681:20)
    at DerivedLogger.emit (node:events:525:35)
    at DerivedLogger.emit (node:domain:489:12)
    at addChunk (/usr/local/lib/node_modules/firebase-tools/node_modules/readable-stream/lib/_stream_readable.js:298:12)
[error] 
[error] Error: An unexpected error has occurred.
[debug] [2023-02-06T18:47:52.984Z] Error: write EIO
    at afterWriteDispatched (node:internal/stream_base_commons:160:15)
    at writeGeneric (node:internal/stream_base_commons:151:3)
    at Socket._writeGeneric (node:net:917:11)
    at Socket._write (node:net:929:8)
    at writeOrBuffer (node:internal/streams/writable:392:12)
    at _write (node:internal/streams/writable:333:10)
    at Writable.write (node:internal/streams/writable:337:10)
    at Console.log (/usr/local/lib/node_modules/firebase-tools/node_modules/winston/lib/winston/transports/console.js:79:23)
    at Console._write (/usr/local/lib/node_modules/firebase-tools/node_modules/winston-transport/index.js:103:17)
    at doWrite (/usr/local/lib/node_modules/firebase-tools/node_modules/winston-transport/node_modules/readable-stream/lib/_stream_writable.js:428:64)
    at writeOrBuffer (/usr/local/lib/node_modules/firebase-tools/node_modules/winston-transport/node_modules/readable-stream/lib/_stream_writable.js:417:5)
    at Writable.write (/usr/local/lib/node_modules/firebase-tools/node_modules/winston-transport/node_modules/readable-stream/lib/_stream_writable.js:334:11)
    at DerivedLogger.ondata (/usr/local/lib/node_modules/firebase-tools/node_modules/readable-stream/lib/_stream_readable.js:681:20)
    at DerivedLogger.emit (node:events:525:35)
    at DerivedLogger.emit (node:domain:489:12)
    at addChunk (/usr/local/lib/node_modules/firebase-tools/node_modules/readable-stream/lib/_stream_readable.js:298:12)
[error] 
[error] Error: An unexpected error has occurred.
[debug] [2023-02-06T18:47:52.984Z] Error: write EIO
    at afterWriteDispatched (node:internal/stream_base_commons:160:15)
    at writeGeneric (node:internal/stream_base_commons:151:3)
    at Socket._writeGeneric (node:net:917:11)
    at Socket._write (node:net:929:8)
    at writeOrBuffer (node:internal/streams/writable:392:12)
    at _write (node:internal/streams/writable:333:10)
    at Writable.write (node:internal/streams/writable:337:10)
    at Console.log (/usr/local/lib/node_modules/firebase-tools/node_modules/winston/lib/winston/transports/console.js:79:23)
    at Console._write (/usr/local/lib/node_modules/firebase-tools/node_modules/winston-transport/index.js:103:17)
    at doWrite (/usr/local/lib/node_modules/firebase-tools/node_modules/winston-transport/node_modules/readable-stream/lib/_stream_writable.js:428:64)
    at writeOrBuffer (/usr/local/lib/node_modules/firebase-tools/node_modules/winston-transport/node_modules/readable-stream/lib/_stream_writable.js:417:5)
    at Writable.write (/usr/local/lib/node_modules/firebase-tools/node_modules/winston-transport/node_modules/readable-stream/lib/_stream_writable.js:334:11)
    at DerivedLogger.ondata (/usr/local/lib/node_modules/firebase-tools/node_modules/readable-stream/lib/_stream_readable.js:681:20)
    at DerivedLogger.emit (node:events:525:35)
    at DerivedLogger.emit (node:domain:489:12)
    at addChunk (/usr/local/lib/node_modules/firebase-tools/node_modules/readable-stream/lib/_stream_readable.js:298:12)
[error] 
[error] Error: An unexpected error has occurred.
[debug] [2023-02-06T18:47:52.986Z] Error: write EIO
    at afterWriteDispatched (node:internal/stream_base_commons:160:15)
    at writeGeneric (node:internal/stream_base_commons:151:3)
    at Socket._writeGeneric (node:net:917:11)
    at Socket._write (node:net:929:8)
    at writeOrBuffer (node:internal/streams/writable:392:12)
    at _write (node:internal/streams/writable:333:10)
    at Writable.write (node:internal/streams/writable:337:10)
    at Console.log (/usr/local/lib/node_modules/firebase-tools/node_modules/winston/lib/winston/transports/console.js:79:23)
    at Console._write (/usr/local/lib/node_modules/firebase-tools/node_modules/winston-transport/index.js:103:17)
    at doWrite (/usr/local/lib/node_modules/firebase-tools/node_modules/winston-transport/node_modules/readable-stream/lib/_stream_writable.js:428:64)
    at writeOrBuffer (/usr/local/lib/node_modules/firebase-tools/node_modules/winston-transport/node_modules/readable-stream/lib/_stream_writable.js:417:5)
    at Writable.write (/usr/local/lib/node_modules/firebase-tools/node_modules/winston-transport/node_modules/readable-stream/lib/_stream_writable.js:334:11)
    at DerivedLogger.ondata (/usr/local/lib/node_modules/firebase-tools/node_modules/readable-stream/lib/_stream_readable.js:681:20)
    at DerivedLogger.emit (node:events:525:35)
    at DerivedLogger.emit (node:domain:489:12)
    at addChunk (/usr/local/lib/node_modules/firebase-tools/node_modules/readable-stream/lib/_stream_readable.js:298:12)
[error] 
[error] Error: An unexpected error has occurred.
[debug] [2023-02-06T18:47:52.986Z] Error: write EIO
    at afterWriteDispatched (node:internal/stream_base_commons:160:15)
    at writeGeneric (node:internal/stream_base_commons:151:3)
    at Socket._writeGeneric (node:net:917:11)
    at Socket._write (node:net:929:8)
    at writeOrBuffer (node:internal/streams/writable:392:12)
    at _write (node:internal/streams/writable:333:10)
    at Writable.write (node:internal/streams/writable:337:10)
    at Console.log (/usr/local/lib/node_modules/firebase-tools/node_modules/winston/lib/winston/transports/console.js:79:23)
    at Console._write (/usr/local/lib/node_modules/firebase-tools/node_modules/winston-transport/index.js:103:17)
    at doWrite (/usr/local/lib/node_modules/firebase-tools/node_modules/winston-transport/node_modules/readable-stream/lib/_stream_writable.js:428:64)
    at writeOrBuffer (/usr/local/lib/node_modules/firebase-tools/node_modules/winston-transport/node_modules/readable-stream/lib/_stream_writable.js:417:5)
    at Writable.write (/usr/local/lib/node_modules/firebase-tools/node_modules/winston-transport/node_modules/readable-stream/lib/_stream_writable.js:334:11)
    at DerivedLogger.ondata (/usr/local/lib/node_modules/firebase-tools/node_modules/readable-stream/lib/_stream_readable.js:681:20)
    at DerivedLogger.emit (node:events:525:35)
    at DerivedLogger.emit (node:domain:489:12)
    at addChunk (/usr/local/lib/node_modules/firebase-tools/node_modules/readable-stream/lib/_stream_readable.js:298:12)
[error] 
[error] Error: An unexpected error has occurred.
[debug] [2023-02-06T18:47:52.987Z] Error: write EIO
    at afterWriteDispatched (node:internal/stream_base_commons:160:15)
    at writeGeneric (node:internal/stream_base_commons:151:3)
    at Socket._writeGeneric (node:net:917:11)
    at Socket._write (node:net:929:8)
    at writeOrBuffer (node:internal/streams/writable:392:12)
    at _write (node:internal/streams/writable:333:10)
    at Writable.write (node:internal/streams/writable:337:10)
    at Console.log (/usr/local/lib/node_modules/firebase-tools/node_modules/winston/lib/winston/transports/console.js:79:23)
    at Console._write (/usr/local/lib/node_modules/firebase-tools/node_modules/winston-transport/index.js:103:17)
    at doWrite (/usr/local/lib/node_modules/firebase-tools/node_modules/winston-transport/node_modules/readable-stream/lib/_stream_writable.js:428:64)
    at writeOrBuffer (/usr/local/lib/node_modules/firebase-tools/node_modules/winston-transport/node_modules/readable-stream/lib/_stream_writable.js:417:5)
    at Writable.write (/usr/local/lib/node_modules/firebase-tools/node_modules/winston-transport/node_modules/readable-stream/lib/_stream_writable.js:334:11)
    at DerivedLogger.ondata (/usr/local/lib/node_modules/firebase-tools/node_modules/readable-stream/lib/_stream_readable.js:681:20)
    at DerivedLogger.emit (node:events:525:35)
    at DerivedLogger.emit (node:domain:489:12)
    at addChunk (/usr/local/lib/node_modules/firebase-tools/node_modules/readable-stream/lib/_stream_readable.js:298:12)
[error] 
[error] Error: An unexpected error has occurred.
[debug] [2023-02-06T18:47:52.987Z] Error: write EIO
    at afterWriteDispatched (node:internal/stream_base_commons:160:15)
    at writeGeneric (node:internal/stream_base_commons:151:3)
    at Socket._writeGeneric (node:net:917:11)
    at Socket._write (node:net:929:8)
    at writeOrBuffer (node:internal/streams/writable:392:12)
    at _write (node:internal/streams/writable:333:10)
    at Writable.write (node:internal/streams/writable:337:10)
    at Console.log (/usr/local/lib/node_modules/firebase-tools/node_modules/winston/lib/winston/transports/console.js:79:23)
    at Console._write (/usr/local/lib/node_modules/firebase-tools/node_modules/winston-transport/index.js:103:17)
    at doWrite (/usr/local/lib/node_modules/firebase-tools/node_modules/winston-transport/node_modules/readable-stream/lib/_stream_writable.js:428:64)
    at writeOrBuffer (/usr/local/lib/node_modules/firebase-tools/node_modules/winston-transport/node_modules/readable-stream/lib/_stream_writable.js:417:5)
    at Writable.write (/usr/local/lib/node_modules/firebase-tools/node_modules/winston-transport/node_modules/readable-stream/lib/_stream_writable.js:334:11)
    at DerivedLogger.ondata (/usr/local/lib/node_modules/firebase-tools/node_modules/readable-stream/lib/_stream_readable.js:681:20)
    at DerivedLogger.emit (node:events:525:35)
    at DerivedLogger.emit (node:domain:489:12)
    at addChunk (/usr/local/lib/node_modules/firebase-tools/node_modules/readable-stream/lib/_stream_readable.js:298:12)
[error] 
[error] Error: An unexpected error has occurred.
[debug] [2023-02-06T18:47:52.987Z] Error: write EIO
    at afterWriteDispatched (node:internal/stream_base_commons:160:15)
    at writeGeneric (node:internal/stream_base_commons:151:3)
    at Socket._writeGeneric (node:net:917:11)
    at Socket._write (node:net:929:8)
    at writeOrBuffer (node:internal/streams/writable:392:12)
    at _write (node:internal/streams/writable:333:10)
    at Writable.write (node:internal/streams/writable:337:10)
    at Console.log (/usr/local/lib/node_modules/firebase-tools/node_modules/winston/lib/winston/transports/console.js:79:23)
    at Console._write (/usr/local/lib/node_modules/firebase-tools/node_modules/winston-transport/index.js:103:17)
    at doWrite (/usr/local/lib/node_modules/firebase-tools/node_modules/winston-transport/node_modules/readable-stream/lib/_stream_writable.js:428:64)
    at writeOrBuffer (/usr/local/lib/node_modules/firebase-tools/node_modules/winston-transport/node_modules/readable-stream/lib/_stream_writable.js:417:5)
    at Writable.write (/usr/local/lib/node_modules/firebase-tools/node_modules/winston-transport/node_modules/readable-stream/lib/_stream_writable.js:334:11)
    at DerivedLogger.ondata (/usr/local/lib/node_modules/firebase-tools/node_modules/readable-stream/lib/_stream_readable.js:681:20)
    at DerivedLogger.emit (node:events:525:35)
    at DerivedLogger.emit (node:domain:489:12)
    at addChunk (/usr/local/lib/node_modules/firebase-tools/node_modules/readable-stream/lib/_stream_readable.js:298:12)
[error] 
[error] Error: An unexpected error has occurred.
[info] i  emulators: Shutting down emulators. {"metadata":{"emulator":{"name":"hub"},"message":"Shutting down emulators."}}
[info] i  ui: Stopping Emulator UI {"metadata":{"emulator":{"name":"ui"},"message":"Stopping Emulator UI"}}
[debug] [2023-02-06T18:47:52.993Z] Error: write EIO
    at afterWriteDispatched (node:internal/stream_base_commons:160:15)
    at writeGeneric (node:internal/stream_base_commons:151:3)
    at Socket._writeGeneric (node:net:917:11)
    at Socket._write (node:net:929:8)
    at writeOrBuffer (node:internal/streams/writable:392:12)
    at _write (node:internal/streams/writable:333:10)
    at Writable.write (node:internal/streams/writable:337:10)
    at Console.log (/usr/local/lib/node_modules/firebase-tools/node_modules/winston/lib/winston/transports/console.js:79:23)
    at Console._write (/usr/local/lib/node_modules/firebase-tools/node_modules/winston-transport/index.js:103:17)
    at doWrite (/usr/local/lib/node_modules/firebase-tools/node_modules/winston-transport/node_modules/readable-stream/lib/_stream_writable.js:428:64)
    at writeOrBuffer (/usr/local/lib/node_modules/firebase-tools/node_modules/winston-transport/node_modules/readable-stream/lib/_stream_writable.js:417:5)
    at Writable.write (/usr/local/lib/node_modules/firebase-tools/node_modules/winston-transport/node_modules/readable-stream/lib/_stream_writable.js:334:11)
    at DerivedLogger.ondata (/usr/local/lib/node_modules/firebase-tools/node_modules/readable-stream/lib/_stream_readable.js:681:20)
    at DerivedLogger.emit (node:events:525:35)
    at DerivedLogger.emit (node:domain:489:12)
    at Readable.read (/usr/local/lib/node_modules/firebase-tools/node_modules/readable-stream/lib/_stream_readable.js:483:26)
[error] 
[error] Error: An unexpected error has occurred.
[debug] [2023-02-06T18:47:52.994Z] Error: write EIO
    at afterWriteDispatched (node:internal/stream_base_commons:160:15)
    at writeGeneric (node:internal/stream_base_commons:151:3)
    at Socket._writeGeneric (node:net:917:11)
    at Socket._write (node:net:929:8)
    at writeOrBuffer (node:internal/streams/writable:392:12)
    at _write (node:internal/streams/writable:333:10)
    at Writable.write (node:internal/streams/writable:337:10)
    at Console.log (/usr/local/lib/node_modules/firebase-tools/node_modules/winston/lib/winston/transports/console.js:79:23)
    at Console._write (/usr/local/lib/node_modules/firebase-tools/node_modules/winston-transport/index.js:103:17)
    at doWrite (/usr/local/lib/node_modules/firebase-tools/node_modules/winston-transport/node_modules/readable-stream/lib/_stream_writable.js:428:64)
    at writeOrBuffer (/usr/local/lib/node_modules/firebase-tools/node_modules/winston-transport/node_modules/readable-stream/lib/_stream_writable.js:417:5)
    at Writable.write (/usr/local/lib/node_modules/firebase-tools/node_modules/winston-transport/node_modules/readable-stream/lib/_stream_writable.js:334:11)
    at DerivedLogger.ondata (/usr/local/lib/node_modules/firebase-tools/node_modules/readable-stream/lib/_stream_readable.js:681:20)
    at DerivedLogger.emit (node:events:525:35)
    at DerivedLogger.emit (node:domain:489:12)
    at addChunk (/usr/local/lib/node_modules/firebase-tools/node_modules/readable-stream/lib/_stream_readable.js:298:12)
[error] 
[error] Error: An unexpected error has occurred.
[debug] [2023-02-06T18:47:52.994Z] Error: write EIO
    at afterWriteDispatched (node:internal/stream_base_commons:160:15)
    at writeGeneric (node:internal/stream_base_commons:151:3)
    at Socket._writeGeneric (node:net:917:11)
    at Socket._write (node:net:929:8)
    at writeOrBuffer (node:internal/streams/writable:392:12)
    at _write (node:internal/streams/writable:333:10)
    at Writable.write (node:internal/streams/writable:337:10)
    at Console.log (/usr/local/lib/node_modules/firebase-tools/node_modules/winston/lib/winston/transports/console.js:79:23)
    at Console._write (/usr/local/lib/node_modules/firebase-tools/node_modules/winston-transport/index.js:103:17)
    at doWrite (/usr/local/lib/node_modules/firebase-tools/node_modules/winston-transport/node_modules/readable-stream/lib/_stream_writable.js:428:64)
    at writeOrBuffer (/usr/local/lib/node_modules/firebase-tools/node_modules/winston-transport/node_modules/readable-stream/lib/_stream_writable.js:417:5)
    at Writable.write (/usr/local/lib/node_modules/firebase-tools/node_modules/winston-transport/node_modules/readable-stream/lib/_stream_writable.js:334:11)
    at DerivedLogger.ondata (/usr/local/lib/node_modules/firebase-tools/node_modules/readable-stream/lib/_stream_readable.js:681:20)
    at DerivedLogger.emit (node:events:525:35)
    at DerivedLogger.emit (node:domain:489:12)
    at addChunk (/usr/local/lib/node_modules/firebase-tools/node_modules/readable-stream/lib/_stream_readable.js:298:12)
[error] 
[error] Error: An unexpected error has occurred.
[debug] [2023-02-06T18:47:52.994Z] Error: write EIO
    at afterWriteDispatched (node:internal/stream_base_commons:160:15)
    at writeGeneric (node:internal/stream_base_commons:151:3)
    at Socket._writeGeneric (node:net:917:11)
    at Socket._write (node:net:929:8)
    at writeOrBuffer (node:internal/streams/writable:392:12)
    at _write (node:internal/streams/writable:333:10)
    at Writable.write (node:internal/streams/writable:337:10)
    at Console.log (/usr/local/lib/node_modules/firebase-tools/node_modules/winston/lib/winston/transports/console.js:79:23)
    at Console._write (/usr/local/lib/node_modules/firebase-tools/node_modules/winston-transport/index.js:103:17)
    at doWrite (/usr/local/lib/node_modules/firebase-tools/node_modules/winston-transport/node_modules/readable-stream/lib/_stream_writable.js:428:64)
    at writeOrBuffer (/usr/local/lib/node_modules/firebase-tools/node_modules/winston-transport/node_modules/readable-stream/lib/_stream_writable.js:417:5)
    at Writable.write (/usr/local/lib/node_modules/firebase-tools/node_modules/winston-transport/node_modules/readable-stream/lib/_stream_writable.js:334:11)
    at DerivedLogger.ondata (/usr/local/lib/node_modules/firebase-tools/node_modules/readable-stream/lib/_stream_readable.js:681:20)
    at DerivedLogger.emit (node:events:525:35)
    at DerivedLogger.emit (node:domain:489:12)
    at addChunk (/usr/local/lib/node_modules/firebase-tools/node_modules/readable-stream/lib/_stream_readable.js:298:12)
[error] 
[error] Error: An unexpected error has occurred.
[debug] [2023-02-06T18:47:52.994Z] Error: write EIO
    at afterWriteDispatched (node:internal/stream_base_commons:160:15)
    at writeGeneric (node:internal/stream_base_commons:151:3)
    at Socket._writeGeneric (node:net:917:11)
    at Socket._write (node:net:929:8)
    at writeOrBuffer (node:internal/streams/writable:392:12)
    at _write (node:internal/streams/writable:333:10)
    at Writable.write (node:internal/streams/writable:337:10)
    at Console.log (/usr/local/lib/node_modules/firebase-tools/node_modules/winston/lib/winston/transports/console.js:79:23)
    at Console._write (/usr/local/lib/node_modules/firebase-tools/node_modules/winston-transport/index.js:103:17)
    at doWrite (/usr/local/lib/node_modules/firebase-tools/node_modules/winston-transport/node_modules/readable-stream/lib/_stream_writable.js:428:64)
    at writeOrBuffer (/usr/local/lib/node_modules/firebase-tools/node_modules/winston-transport/node_modules/readable-stream/lib/_stream_writable.js:417:5)
    at Writable.write (/usr/local/lib/node_modules/firebase-tools/node_modules/winston-transport/node_modules/readable-stream/lib/_stream_writable.js:334:11)
    at DerivedLogger.ondata (/usr/local/lib/node_modules/firebase-tools/node_modules/readable-stream/lib/_stream_readable.js:681:20)
    at DerivedLogger.emit (node:events:525:35)
    at DerivedLogger.emit (node:domain:489:12)
    at addChunk (/usr/local/lib/node_modules/firebase-tools/node_modules/readable-stream/lib/_stream_readable.js:298:12)
[error] 
[error] Error: An unexpected error has occurred.
[debug] [2023-02-06T18:47:52.995Z] Error: write EIO
    at afterWriteDispatched (node:internal/stream_base_commons:160:15)
    at writeGeneric (node:internal/stream_base_commons:151:3)
    at Socket._writeGeneric (node:net:917:11)
    at Socket._write (node:net:929:8)
    at writeOrBuffer (node:internal/streams/writable:392:12)
    at _write (node:internal/streams/writable:333:10)
    at Writable.write (node:internal/streams/writable:337:10)
    at Console.log (/usr/local/lib/node_modules/firebase-tools/node_modules/winston/lib/winston/transports/console.js:79:23)
    at Console._write (/usr/local/lib/node_modules/firebase-tools/node_modules/winston-transport/index.js:103:17)
    at doWrite (/usr/local/lib/node_modules/firebase-tools/node_modules/winston-transport/node_modules/readable-stream/lib/_stream_writable.js:428:64)
    at writeOrBuffer (/usr/local/lib/node_modules/firebase-tools/node_modules/winston-transport/node_modules/readable-stream/lib/_stream_writable.js:417:5)
    at Writable.write (/usr/local/lib/node_modules/firebase-tools/node_modules/winston-transport/node_modules/readable-stream/lib/_stream_writable.js:334:11)
    at DerivedLogger.ondata (/usr/local/lib/node_modules/firebase-tools/node_modules/readable-stream/lib/_stream_readable.js:681:20)
    at DerivedLogger.emit (node:events:525:35)
    at DerivedLogger.emit (node:domain:489:12)
    at addChunk (/usr/local/lib/node_modules/firebase-tools/node_modules/readable-stream/lib/_stream_readable.js:298:12)
[error] 
[error] Error: An unexpected error has occurred.
[debug] [2023-02-06T18:47:52.995Z] Error: write EIO
    at afterWriteDispatched (node:internal/stream_base_commons:160:15)
    at writeGeneric (node:internal/stream_base_commons:151:3)
    at Socket._writeGeneric (node:net:917:11)
    at Socket._write (node:net:929:8)
    at writeOrBuffer (node:internal/streams/writable:392:12)
    at _write (node:internal/streams/writable:333:10)
    at Writable.write (node:internal/streams/writable:337:10)
    at Console.log (/usr/local/lib/node_modules/firebase-tools/node_modules/winston/lib/winston/transports/console.js:79:23)
    at Console._write (/usr/local/lib/node_modules/firebase-tools/node_modules/winston-transport/index.js:103:17)
    at doWrite (/usr/local/lib/node_modules/firebase-tools/node_modules/winston-transport/node_modules/readable-stream/lib/_stream_writable.js:428:64)
    at writeOrBuffer (/usr/local/lib/node_modules/firebase-tools/node_modules/winston-transport/node_modules/readable-stream/lib/_stream_writable.js:417:5)
    at Writable.write (/usr/local/lib/node_modules/firebase-tools/node_modules/winston-transport/node_modules/readable-stream/lib/_stream_writable.js:334:11)
    at DerivedLogger.ondata (/usr/local/lib/node_modules/firebase-tools/node_modules/readable-stream/lib/_stream_readable.js:681:20)
    at DerivedLogger.emit (node:events:525:35)
    at DerivedLogger.emit (node:domain:489:12)
    at addChunk (/usr/local/lib/node_modules/firebase-tools/node_modules/readable-stream/lib/_stream_readable.js:298:12)
[error] 
[error] Error: An unexpected error has occurred.
[debug] [2023-02-06T18:47:52.995Z] Error: write EIO
    at afterWriteDispatched (node:internal/stream_base_commons:160:15)
    at writeGeneric (node:internal/stream_base_commons:151:3)
    at Socket._writeGeneric (node:net:917:11)
    at Socket._write (node:net:929:8)
    at writeOrBuffer (node:internal/streams/writable:392:12)
    at _write (node:internal/streams/writable:333:10)
    at Writable.write (node:internal/streams/writable:337:10)
    at Console.log (/usr/local/lib/node_modules/firebase-tools/node_modules/winston/lib/winston/transports/console.js:79:23)
    at Console._write (/usr/local/lib/node_modules/firebase-tools/node_modules/winston-transport/index.js:103:17)
    at doWrite (/usr/local/lib/node_modules/firebase-tools/node_modules/winston-transport/node_modules/readable-stream/lib/_stream_writable.js:428:64)
    at writeOrBuffer (/usr/local/lib/node_modules/firebase-tools/node_modules/winston-transport/node_modules/readable-stream/lib/_stream_writable.js:417:5)
    at Writable.write (/usr/local/lib/node_modules/firebase-tools/node_modules/winston-transport/node_modules/readable-stream/lib/_stream_writable.js:334:11)
    at DerivedLogger.ondata (/usr/local/lib/node_modules/firebase-tools/node_modules/readable-stream/lib/_stream_readable.js:681:20)
    at DerivedLogger.emit (node:events:525:35)
    at DerivedLogger.emit (node:domain:489:12)
    at addChunk (/usr/local/lib/node_modules/firebase-tools/node_modules/readable-stream/lib/_stream_readable.js:298:12)
[error] 
[error] Error: An unexpected error has occurred.
[debug] [2023-02-06T18:47:52.995Z] Error: write EIO
    at afterWriteDispatched (node:internal/stream_base_commons:160:15)
    at writeGeneric (node:internal/stream_base_commons:151:3)
    at Socket._writeGeneric (node:net:917:11)
    at Socket._write (node:net:929:8)
    at writeOrBuffer (node:internal/streams/writable:392:12)
    at _write (node:internal/streams/writable:333:10)
    at Writable.write (node:internal/streams/writable:337:10)
    at Console.log (/usr/local/lib/node_modules/firebase-tools/node_modules/winston/lib/winston/transports/console.js:79:23)
    at Console._write (/usr/local/lib/node_modules/firebase-tools/node_modules/winston-transport/index.js:103:17)
    at doWrite (/usr/local/lib/node_modules/firebase-tools/node_modules/winston-transport/node_modules/readable-stream/lib/_stream_writable.js:428:64)
    at writeOrBuffer (/usr/local/lib/node_modules/firebase-tools/node_modules/winston-transport/node_modules/readable-stream/lib/_stream_writable.js:417:5)
    at Writable.write (/usr/local/lib/node_modules/firebase-tools/node_modules/winston-transport/node_modules/readable-stream/lib/_stream_writable.js:334:11)
    at DerivedLogger.ondata (/usr/local/lib/node_modules/firebase-tools/node_modules/readable-stream/lib/_stream_readable.js:681:20)
    at DerivedLogger.emit (node:events:525:35)
    at DerivedLogger.emit (node:domain:489:12)
    at addChunk (/usr/local/lib/node_modules/firebase-tools/node_modules/readable-stream/lib/_stream_readable.js:298:12)
[error] 
[error] Error: An unexpected error has occurred.
[debug] [2023-02-06T18:47:52.996Z] Error: write EIO
    at afterWriteDispatched (node:internal/stream_base_commons:160:15)
    at writeGeneric (node:internal/stream_base_commons:151:3)
    at Socket._writeGeneric (node:net:917:11)
    at Socket._write (node:net:929:8)
    at writeOrBuffer (node:internal/streams/writable:392:12)
    at _write (node:internal/streams/writable:333:10)
    at Writable.write (node:internal/streams/writable:337:10)
    at Console.log (/usr/local/lib/node_modules/firebase-tools/node_modules/winston/lib/winston/transports/console.js:79:23)
    at Console._write (/usr/local/lib/node_modules/firebase-tools/node_modules/winston-transport/index.js:103:17)
    at doWrite (/usr/local/lib/node_modules/firebase-tools/node_modules/winston-transport/node_modules/readable-stream/lib/_stream_writable.js:428:64)
    at writeOrBuffer (/usr/local/lib/node_modules/firebase-tools/node_modules/winston-transport/node_modules/readable-stream/lib/_stream_writable.js:417:5)
    at Writable.write (/usr/local/lib/node_modules/firebase-tools/node_modules/winston-transport/node_modules/readable-stream/lib/_stream_writable.js:334:11)
    at DerivedLogger.ondata (/usr/local/lib/node_modules/firebase-tools/node_modules/readable-stream/lib/_stream_readable.js:681:20)
    at DerivedLogger.emit (node:events:525:35)
    at DerivedLogger.emit (node:domain:489:12)
    at addChunk (/usr/local/lib/node_modules/firebase-tools/node_modules/readable-stream/lib/_stream_readable.js:298:12)
[error] 
[error] Error: An unexpected error has occurred.
[debug] [2023-02-06T18:47:52.996Z] Error: write EIO
    at afterWriteDispatched (node:internal/stream_base_commons:160:15)
    at writeGeneric (node:internal/stream_base_commons:151:3)
    at Socket._writeGeneric (node:net:917:11)
    at Socket._write (node:net:929:8)
    at writeOrBuffer (node:internal/streams/writable:392:12)
    at _write (node:internal/streams/writable:333:10)
    at Writable.write (node:internal/streams/writable:337:10)
    at Console.log (/usr/local/lib/node_modules/firebase-tools/node_modules/winston/lib/winston/transports/console.js:79:23)
    at Console._write (/usr/local/lib/node_modules/firebase-tools/node_modules/winston-transport/index.js:103:17)
    at doWrite (/usr/local/lib/node_modules/firebase-tools/node_modules/winston-transport/node_modules/readable-stream/lib/_stream_writable.js:428:64)
    at writeOrBuffer (/usr/local/lib/node_modules/firebase-tools/node_modules/winston-transport/node_modules/readable-stream/lib/_stream_writable.js:417:5)
    at Writable.write (/usr/local/lib/node_modules/firebase-tools/node_modules/winston-transport/node_modules/readable-stream/lib/_stream_writable.js:334:11)
    at DerivedLogger.ondata (/usr/local/lib/node_modules/firebase-tools/node_modules/readable-stream/lib/_stream_readable.js:681:20)
    at DerivedLogger.emit (node:events:525:35)
    at DerivedLogger.emit (node:domain:489:12)
    at addChunk (/usr/local/lib/node_modules/firebase-tools/node_modules/readable-stream/lib/_stream_readable.js:298:12)
[error] 
[error] Error: An unexpected error has occurred.
[warn] ⚠  Emulator UI has exited upon receiving signal: SIGINT 
[info] i  functions: Stopping Functions Emulator {"metadata":{"emulator":{"name":"functions"},"message":"Stopping Functions Emulator"}}
[info] i  eventarc: Stopping Eventarc Emulator {"metadata":{"emulator":{"name":"eventarc"},"message":"Stopping Eventarc Emulator"}}
[info] i  hub: Stopping emulator hub {"metadata":{"emulator":{"name":"hub"},"message":"Stopping emulator hub"}}
[debug] [2023-02-06T18:47:53.002Z] Error: write EIO
    at afterWriteDispatched (node:internal/stream_base_commons:160:15)
    at writeGeneric (node:internal/stream_base_commons:151:3)
    at Socket._writeGeneric (node:net:917:11)
    at Socket._write (node:net:929:8)
    at writeOrBuffer (node:internal/streams/writable:392:12)
    at _write (node:internal/streams/writable:333:10)
    at Writable.write (node:internal/streams/writable:337:10)
    at Console.log (/usr/local/lib/node_modules/firebase-tools/node_modules/winston/lib/winston/transports/console.js:79:23)
    at Console._write (/usr/local/lib/node_modules/firebase-tools/node_modules/winston-transport/index.js:103:17)
    at doWrite (/usr/local/lib/node_modules/firebase-tools/node_modules/winston-transport/node_modules/readable-stream/lib/_stream_writable.js:428:64)
    at writeOrBuffer (/usr/local/lib/node_modules/firebase-tools/node_modules/winston-transport/node_modules/readable-stream/lib/_stream_writable.js:417:5)
    at Writable.write (/usr/local/lib/node_modules/firebase-tools/node_modules/winston-transport/node_modules/readable-stream/lib/_stream_writable.js:334:11)
    at DerivedLogger.ondata (/usr/local/lib/node_modules/firebase-tools/node_modules/readable-stream/lib/_stream_readable.js:681:20)
    at DerivedLogger.emit (node:events:525:35)
    at DerivedLogger.emit (node:domain:489:12)
    at Readable.read (/usr/local/lib/node_modules/firebase-tools/node_modules/readable-stream/lib/_stream_readable.js:483:26)
[error] 
[error] Error: An unexpected error has occurred.
[debug] [2023-02-06T18:47:53.002Z] Error: write EIO
    at afterWriteDispatched (node:internal/stream_base_commons:160:15)
    at writeGeneric (node:internal/stream_base_commons:151:3)
    at Socket._writeGeneric (node:net:917:11)
    at Socket._write (node:net:929:8)
    at writeOrBuffer (node:internal/streams/writable:392:12)
    at _write (node:internal/streams/writable:333:10)
    at Writable.write (node:internal/streams/writable:337:10)
    at Console.log (/usr/local/lib/node_modules/firebase-tools/node_modules/winston/lib/winston/transports/console.js:79:23)
    at Console._write (/usr/local/lib/node_modules/firebase-tools/node_modules/winston-transport/index.js:103:17)
    at doWrite (/usr/local/lib/node_modules/firebase-tools/node_modules/winston-transport/node_modules/readable-stream/lib/_stream_writable.js:428:64)
    at writeOrBuffer (/usr/local/lib/node_modules/firebase-tools/node_modules/winston-transport/node_modules/readable-stream/lib/_stream_writable.js:417:5)
    at Writable.write (/usr/local/lib/node_modules/firebase-tools/node_modules/winston-transport/node_modules/readable-stream/lib/_stream_writable.js:334:11)
    at DerivedLogger.ondata (/usr/local/lib/node_modules/firebase-tools/node_modules/readable-stream/lib/_stream_readable.js:681:20)
    at DerivedLogger.emit (node:events:525:35)
    at DerivedLogger.emit (node:domain:489:12)
    at addChunk (/usr/local/lib/node_modules/firebase-tools/node_modules/readable-stream/lib/_stream_readable.js:298:12)
[error] 
[error] Error: An unexpected error has occurred.
[debug] [2023-02-06T18:47:53.002Z] Error: write EIO
    at afterWriteDispatched (node:internal/stream_base_commons:160:15)
    at writeGeneric (node:internal/stream_base_commons:151:3)
    at Socket._writeGeneric (node:net:917:11)
    at Socket._write (node:net:929:8)
    at writeOrBuffer (node:internal/streams/writable:392:12)
    at _write (node:internal/streams/writable:333:10)
    at Writable.write (node:internal/streams/writable:337:10)
    at Console.log (/usr/local/lib/node_modules/firebase-tools/node_modules/winston/lib/winston/transports/console.js:79:23)
    at Console._write (/usr/local/lib/node_modules/firebase-tools/node_modules/winston-transport/index.js:103:17)
    at doWrite (/usr/local/lib/node_modules/firebase-tools/node_modules/winston-transport/node_modules/readable-stream/lib/_stream_writable.js:428:64)
    at writeOrBuffer (/usr/local/lib/node_modules/firebase-tools/node_modules/winston-transport/node_modules/readable-stream/lib/_stream_writable.js:417:5)
    at Writable.write (/usr/local/lib/node_modules/firebase-tools/node_modules/winston-transport/node_modules/readable-stream/lib/_stream_writable.js:334:11)
    at DerivedLogger.ondata (/usr/local/lib/node_modules/firebase-tools/node_modules/readable-stream/lib/_stream_readable.js:681:20)
    at DerivedLogger.emit (node:events:525:35)
    at DerivedLogger.emit (node:domain:489:12)
    at addChunk (/usr/local/lib/node_modules/firebase-tools/node_modules/readable-stream/lib/_stream_readable.js:298:12)
[error] 
[error] Error: An unexpected error has occurred.
[debug] [2023-02-06T18:47:53.003Z] Error: write EIO
    at afterWriteDispatched (node:internal/stream_base_commons:160:15)
    at writeGeneric (node:internal/stream_base_commons:151:3)
    at Socket._writeGeneric (node:net:917:11)
    at Socket._write (node:net:929:8)
    at writeOrBuffer (node:internal/streams/writable:392:12)
    at _write (node:internal/streams/writable:333:10)
    at Writable.write (node:internal/streams/writable:337:10)
    at Console.log (/usr/local/lib/node_modules/firebase-tools/node_modules/winston/lib/winston/transports/console.js:79:23)
    at Console._write (/usr/local/lib/node_modules/firebase-tools/node_modules/winston-transport/index.js:103:17)
    at doWrite (/usr/local/lib/node_modules/firebase-tools/node_modules/winston-transport/node_modules/readable-stream/lib/_stream_writable.js:428:64)
    at writeOrBuffer (/usr/local/lib/node_modules/firebase-tools/node_modules/winston-transport/node_modules/readable-stream/lib/_stream_writable.js:417:5)
    at Writable.write (/usr/local/lib/node_modules/firebase-tools/node_modules/winston-transport/node_modules/readable-stream/lib/_stream_writable.js:334:11)
    at DerivedLogger.ondata (/usr/local/lib/node_modules/firebase-tools/node_modules/readable-stream/lib/_stream_readable.js:681:20)
    at DerivedLogger.emit (node:events:525:35)
    at DerivedLogger.emit (node:domain:489:12)
    at addChunk (/usr/local/lib/node_modules/firebase-tools/node_modules/readable-stream/lib/_stream_readable.js:298:12)
[error] 
[error] Error: An unexpected error has occurred.
[debug] [2023-02-06T18:47:53.004Z] Error: write EIO
    at afterWriteDispatched (node:internal/stream_base_commons:160:15)
    at writeGeneric (node:internal/stream_base_commons:151:3)
    at Socket._writeGeneric (node:net:917:11)
    at Socket._write (node:net:929:8)
    at writeOrBuffer (node:internal/streams/writable:392:12)
    at _write (node:internal/streams/writable:333:10)
    at Writable.write (node:internal/streams/writable:337:10)
    at Console.log (/usr/local/lib/node_modules/firebase-tools/node_modules/winston/lib/winston/transports/console.js:79:23)
    at Console._write (/usr/local/lib/node_modules/firebase-tools/node_modules/winston-transport/index.js:103:17)
    at doWrite (/usr/local/lib/node_modules/firebase-tools/node_modules/winston-transport/node_modules/readable-stream/lib/_stream_writable.js:428:64)
    at writeOrBuffer (/usr/local/lib/node_modules/firebase-tools/node_modules/winston-transport/node_modules/readable-stream/lib/_stream_writable.js:417:5)
    at Writable.write (/usr/local/lib/node_modules/firebase-tools/node_modules/winston-transport/node_modules/readable-stream/lib/_stream_writable.js:334:11)
    at DerivedLogger.ondata (/usr/local/lib/node_modules/firebase-tools/node_modules/readable-stream/lib/_stream_readable.js:681:20)
    at DerivedLogger.emit (node:events:525:35)
    at DerivedLogger.emit (node:domain:489:12)
    at addChunk (/usr/local/lib/node_modules/firebase-tools/node_modules/readable-stream/lib/_stream_readable.js:298:12)
[error] 
[error] Error: An unexpected error has occurred.
[debug] [2023-02-06T18:47:53.004Z] Error: write EIO
    at afterWriteDispatched (node:internal/stream_base_commons:160:15)
    at writeGeneric (node:internal/stream_base_commons:151:3)
    at Socket._writeGeneric (node:net:917:11)
    at Socket._write (node:net:929:8)
    at writeOrBuffer (node:internal/streams/writable:392:12)
    at _write (node:internal/streams/writable:333:10)
    at Writable.write (node:internal/streams/writable:337:10)
    at Console.log (/usr/local/lib/node_modules/firebase-tools/node_modules/winston/lib/winston/transports/console.js:79:23)
    at Console._write (/usr/local/lib/node_modules/firebase-tools/node_modules/winston-transport/index.js:103:17)
    at doWrite (/usr/local/lib/node_modules/firebase-tools/node_modules/winston-transport/node_modules/readable-stream/lib/_stream_writable.js:428:64)
    at writeOrBuffer (/usr/local/lib/node_modules/firebase-tools/node_modules/winston-transport/node_modules/readable-stream/lib/_stream_writable.js:417:5)
    at Writable.write (/usr/local/lib/node_modules/firebase-tools/node_modules/winston-transport/node_modules/readable-stream/lib/_stream_writable.js:334:11)
    at DerivedLogger.ondata (/usr/local/lib/node_modules/firebase-tools/node_modules/readable-stream/lib/_stream_readable.js:681:20)
    at DerivedLogger.emit (node:events:525:35)
    at DerivedLogger.emit (node:domain:489:12)
    at addChunk (/usr/local/lib/node_modules/firebase-tools/node_modules/readable-stream/lib/_stream_readable.js:298:12)
[error] 
[error] Error: An unexpected error has occurred.
[debug] [2023-02-06T18:47:53.005Z] Error: write EIO
    at afterWriteDispatched (node:internal/stream_base_commons:160:15)
    at writeGeneric (node:internal/stream_base_commons:151:3)
    at Socket._writeGeneric (node:net:917:11)
    at Socket._write (node:net:929:8)
    at writeOrBuffer (node:internal/streams/writable:392:12)
    at _write (node:internal/streams/writable:333:10)
    at Writable.write (node:internal/streams/writable:337:10)
    at Console.log (/usr/local/lib/node_modules/firebase-tools/node_modules/winston/lib/winston/transports/console.js:79:23)
    at Console._write (/usr/local/lib/node_modules/firebase-tools/node_modules/winston-transport/index.js:103:17)
    at doWrite (/usr/local/lib/node_modules/firebase-tools/node_modules/winston-transport/node_modules/readable-stream/lib/_stream_writable.js:428:64)
    at writeOrBuffer (/usr/local/lib/node_modules/firebase-tools/node_modules/winston-transport/node_modules/readable-stream/lib/_stream_writable.js:417:5)
    at Writable.write (/usr/local/lib/node_modules/firebase-tools/node_modules/winston-transport/node_modules/readable-stream/lib/_stream_writable.js:334:11)
    at DerivedLogger.ondata (/usr/local/lib/node_modules/firebase-tools/node_modules/readable-stream/lib/_stream_readable.js:681:20)
    at DerivedLogger.emit (node:events:525:35)
    at DerivedLogger.emit (node:domain:489:12)
    at addChunk (/usr/local/lib/node_modules/firebase-tools/node_modules/readable-stream/lib/_stream_readable.js:298:12)
[error] 
[error] Error: An unexpected error has occurred.
[debug] [2023-02-06T18:47:53.005Z] Error: write EIO
    at afterWriteDispatched (node:internal/stream_base_commons:160:15)
    at writeGeneric (node:internal/stream_base_commons:151:3)
    at Socket._writeGeneric (node:net:917:11)
    at Socket._write (node:net:929:8)
    at writeOrBuffer (node:internal/streams/writable:392:12)
    at _write (node:internal/streams/writable:333:10)
    at Writable.write (node:internal/streams/writable:337:10)
    at Console.log (/usr/local/lib/node_modules/firebase-tools/node_modules/winston/lib/winston/transports/console.js:79:23)
    at Console._write (/usr/local/lib/node_modules/firebase-tools/node_modules/winston-transport/index.js:103:17)
    at doWrite (/usr/local/lib/node_modules/firebase-tools/node_modules/winston-transport/node_modules/readable-stream/lib/_stream_writable.js:428:64)
    at writeOrBuffer (/usr/local/lib/node_modules/firebase-tools/node_modules/winston-transport/node_modules/readable-stream/lib/_stream_writable.js:417:5)
    at Writable.write (/usr/local/lib/node_modules/firebase-tools/node_modules/winston-transport/node_modules/readable-stream/lib/_stream_writable.js:334:11)
    at DerivedLogger.ondata (/usr/local/lib/node_modules/firebase-tools/node_modules/readable-stream/lib/_stream_readable.js:681:20)
    at DerivedLogger.emit (node:events:525:35)
    at DerivedLogger.emit (node:domain:489:12)
    at addChunk (/usr/local/lib/node_modules/firebase-tools/node_modules/readable-stream/lib/_stream_readable.js:298:12)
[error] 
[error] Error: An unexpected error has occurred.
[debug] [2023-02-06T18:47:53.005Z] Error: write EIO
    at afterWriteDispatched (node:internal/stream_base_commons:160:15)
    at writeGeneric (node:internal/stream_base_commons:151:3)
    at Socket._writeGeneric (node:net:917:11)
    at Socket._write (node:net:929:8)
    at writeOrBuffer (node:internal/streams/writable:392:12)
    at _write (node:internal/streams/writable:333:10)
    at Writable.write (node:internal/streams/writable:337:10)
    at Console.log (/usr/local/lib/node_modules/firebase-tools/node_modules/winston/lib/winston/transports/console.js:79:23)
    at Console._write (/usr/local/lib/node_modules/firebase-tools/node_modules/winston-transport/index.js:103:17)
    at doWrite (/usr/local/lib/node_modules/firebase-tools/node_modules/winston-transport/node_modules/readable-stream/lib/_stream_writable.js:428:64)
    at writeOrBuffer (/usr/local/lib/node_modules/firebase-tools/node_modules/winston-transport/node_modules/readable-stream/lib/_stream_writable.js:417:5)
    at Writable.write (/usr/local/lib/node_modules/firebase-tools/node_modules/winston-transport/node_modules/readable-stream/lib/_stream_writable.js:334:11)
    at DerivedLogger.ondata (/usr/local/lib/node_modules/firebase-tools/node_modules/readable-stream/lib/_stream_readable.js:681:20)
    at DerivedLogger.emit (node:events:525:35)
    at DerivedLogger.emit (node:domain:489:12)
    at addChunk (/usr/local/lib/node_modules/firebase-tools/node_modules/readable-stream/lib/_stream_readable.js:298:12)
[error] 
[error] Error: An unexpected error has occurred.
[debug] [2023-02-06T18:47:53.005Z] Error: write EIO
    at afterWriteDispatched (node:internal/stream_base_commons:160:15)
    at writeGeneric (node:internal/stream_base_commons:151:3)
    at Socket._writeGeneric (node:net:917:11)
    at Socket._write (node:net:929:8)
    at writeOrBuffer (node:internal/streams/writable:392:12)
    at _write (node:internal/streams/writable:333:10)
    at Writable.write (node:internal/streams/writable:337:10)
    at Console.log (/usr/local/lib/node_modules/firebase-tools/node_modules/winston/lib/winston/transports/console.js:79:23)
    at Console._write (/usr/local/lib/node_modules/firebase-tools/node_modules/winston-transport/index.js:103:17)
    at doWrite (/usr/local/lib/node_modules/firebase-tools/node_modules/winston-transport/node_modules/readable-stream/lib/_stream_writable.js:428:64)
    at writeOrBuffer (/usr/local/lib/node_modules/firebase-tools/node_modules/winston-transport/node_modules/readable-stream/lib/_stream_writable.js:417:5)
    at Writable.write (/usr/local/lib/node_modules/firebase-tools/node_modules/winston-transport/node_modules/readable-stream/lib/_stream_writable.js:334:11)
    at DerivedLogger.ondata (/usr/local/lib/node_modules/firebase-tools/node_modules/readable-stream/lib/_stream_readable.js:681:20)
    at DerivedLogger.emit (node:events:525:35)
    at DerivedLogger.emit (node:domain:489:12)
    at addChunk (/usr/local/lib/node_modules/firebase-tools/node_modules/readable-stream/lib/_stream_readable.js:298:12)
[error] 
[error] Error: An unexpected error has occurred.
[debug] [2023-02-06T18:47:53.005Z] Error: write EIO
    at afterWriteDispatched (node:internal/stream_base_commons:160:15)
    at writeGeneric (node:internal/stream_base_commons:151:3)
    at Socket._writeGeneric (node:net:917:11)
    at Socket._write (node:net:929:8)
    at writeOrBuffer (node:internal/streams/writable:392:12)
    at _write (node:internal/streams/writable:333:10)
    at Writable.write (node:internal/streams/writable:337:10)
    at Console.log (/usr/local/lib/node_modules/firebase-tools/node_modules/winston/lib/winston/transports/console.js:79:23)
    at Console._write (/usr/local/lib/node_modules/firebase-tools/node_modules/winston-transport/index.js:103:17)
    at doWrite (/usr/local/lib/node_modules/firebase-tools/node_modules/winston-transport/node_modules/readable-stream/lib/_stream_writable.js:428:64)
    at writeOrBuffer (/usr/local/lib/node_modules/firebase-tools/node_modules/winston-transport/node_modules/readable-stream/lib/_stream_writable.js:417:5)
    at Writable.write (/usr/local/lib/node_modules/firebase-tools/node_modules/winston-transport/node_modules/readable-stream/lib/_stream_writable.js:334:11)
    at DerivedLogger.ondata (/usr/local/lib/node_modules/firebase-tools/node_modules/readable-stream/lib/_stream_readable.js:681:20)
    at DerivedLogger.emit (node:events:525:35)
    at DerivedLogger.emit (node:domain:489:12)
    at addChunk (/usr/local/lib/node_modules/firebase-tools/node_modules/readable-stream/lib/_stream_readable.js:298:12)
[error] 
[error] Error: An unexpected error has occurred.
[warn] ⚠  hub: Error stopping emulator hub {"metadata":{"emulator":{"name":"hub"},"message":"Error stopping emulator hub"}}
[info] i  logging: Stopping Logging Emulator {"metadata":{"emulator":{"name":"logging"},"message":"Stopping Logging Emulator"}}
[debug] [2023-02-06T18:47:53.017Z] Error: write EIO
    at afterWriteDispatched (node:internal/stream_base_commons:160:15)
    at writeGeneric (node:internal/stream_base_commons:151:3)
    at Socket._writeGeneric (node:net:917:11)
    at Socket._write (node:net:929:8)
    at writeOrBuffer (node:internal/streams/writable:392:12)
    at _write (node:internal/streams/writable:333:10)
    at Writable.write (node:internal/streams/writable:337:10)
    at Console.log (/usr/local/lib/node_modules/firebase-tools/node_modules/winston/lib/winston/transports/console.js:79:23)
    at Console._write (/usr/local/lib/node_modules/firebase-tools/node_modules/winston-transport/index.js:103:17)
    at doWrite (/usr/local/lib/node_modules/firebase-tools/node_modules/winston-transport/node_modules/readable-stream/lib/_stream_writable.js:428:64)
    at writeOrBuffer (/usr/local/lib/node_modules/firebase-tools/node_modules/winston-transport/node_modules/readable-stream/lib/_stream_writable.js:417:5)
    at Writable.write (/usr/local/lib/node_modules/firebase-tools/node_modules/winston-transport/node_modules/readable-stream/lib/_stream_writable.js:334:11)
    at DerivedLogger.ondata (/usr/local/lib/node_modules/firebase-tools/node_modules/readable-stream/lib/_stream_readable.js:681:20)
    at DerivedLogger.emit (node:events:525:35)
    at DerivedLogger.emit (node:domain:489:12)
    at Readable.read (/usr/local/lib/node_modules/firebase-tools/node_modules/readable-stream/lib/_stream_readable.js:483:26)
[error] 
[error] Error: An unexpected error has occurred.
[debug] [2023-02-06T18:47:53.017Z] Error: write EIO
    at afterWriteDispatched (node:internal/stream_base_commons:160:15)
    at writeGeneric (node:internal/stream_base_commons:151:3)
    at Socket._writeGeneric (node:net:917:11)
    at Socket._write (node:net:929:8)
    at writeOrBuffer (node:internal/streams/writable:392:12)
    at _write (node:internal/streams/writable:333:10)
    at Writable.write (node:internal/streams/writable:337:10)
    at Console.log (/usr/local/lib/node_modules/firebase-tools/node_modules/winston/lib/winston/transports/console.js:79:23)
    at Console._write (/usr/local/lib/node_modules/firebase-tools/node_modules/winston-transport/index.js:103:17)
    at doWrite (/usr/local/lib/node_modules/firebase-tools/node_modules/winston-transport/node_modules/readable-stream/lib/_stream_writable.js:428:64)
    at writeOrBuffer (/usr/local/lib/node_modules/firebase-tools/node_modules/winston-transport/node_modules/readable-stream/lib/_stream_writable.js:417:5)
    at Writable.write (/usr/local/lib/node_modules/firebase-tools/node_modules/winston-transport/node_modules/readable-stream/lib/_stream_writable.js:334:11)
    at DerivedLogger.ondata (/usr/local/lib/node_modules/firebase-tools/node_modules/readable-stream/lib/_stream_readable.js:681:20)
    at DerivedLogger.emit (node:events:525:35)
    at DerivedLogger.emit (node:domain:489:12)
    at addChunk (/usr/local/lib/node_modules/firebase-tools/node_modules/readable-stream/lib/_stream_readable.js:298:12)
[error] 
[error] Error: An unexpected error has occurred.
[debug] [2023-02-06T18:47:53.018Z] Error: write EIO
    at afterWriteDispatched (node:internal/stream_base_commons:160:15)
    at writeGeneric (node:internal/stream_base_commons:151:3)
    at Socket._writeGeneric (node:net:917:11)
    at Socket._write (node:net:929:8)
    at writeOrBuffer (node:internal/streams/writable:392:12)
    at _write (node:internal/streams/writable:333:10)
    at Writable.write (node:internal/streams/writable:337:10)
    at Console.log (/usr/local/lib/node_modules/firebase-tools/node_modules/winston/lib/winston/transports/console.js:79:23)
    at Console._write (/usr/local/lib/node_modules/firebase-tools/node_modules/winston-transport/index.js:103:17)
    at doWrite (/usr/local/lib/node_modules/firebase-tools/node_modules/winston-transport/node_modules/readable-stream/lib/_stream_writable.js:428:64)
    at writeOrBuffer (/usr/local/lib/node_modules/firebase-tools/node_modules/winston-transport/node_modules/readable-stream/lib/_stream_writable.js:417:5)
    at Writable.write (/usr/local/lib/node_modules/firebase-tools/node_modules/winston-transport/node_modules/readable-stream/lib/_stream_writable.js:334:11)
    at DerivedLogger.ondata (/usr/local/lib/node_modules/firebase-tools/node_modules/readable-stream/lib/_stream_readable.js:681:20)
    at DerivedLogger.emit (node:events:525:35)
    at DerivedLogger.emit (node:domain:489:12)
    at addChunk (/usr/local/lib/node_modules/firebase-tools/node_modules/readable-stream/lib/_stream_readable.js:298:12)
[error] 
[error] Error: An unexpected error has occurred.
[debug] [2023-02-06T18:47:53.018Z] Error: write EIO
    at afterWriteDispatched (node:internal/stream_base_commons:160:15)
    at writeGeneric (node:internal/stream_base_commons:151:3)
    at Socket._writeGeneric (node:net:917:11)
    at Socket._write (node:net:929:8)
    at writeOrBuffer (node:internal/streams/writable:392:12)
    at _write (node:internal/streams/writable:333:10)
    at Writable.write (node:internal/streams/writable:337:10)
    at Console.log (/usr/local/lib/node_modules/firebase-tools/node_modules/winston/lib/winston/transports/console.js:79:23)
    at Console._write (/usr/local/lib/node_modules/firebase-tools/node_modules/winston-transport/index.js:103:17)
    at doWrite (/usr/local/lib/node_modules/firebase-tools/node_modules/winston-transport/node_modules/readable-stream/lib/_stream_writable.js:428:64)
    at writeOrBuffer (/usr/local/lib/node_modules/firebase-tools/node_modules/winston-transport/node_modules/readable-stream/lib/_stream_writable.js:417:5)
    at Writable.write (/usr/local/lib/node_modules/firebase-tools/node_modules/winston-transport/node_modules/readable-stream/lib/_stream_writable.js:334:11)
    at DerivedLogger.ondata (/usr/local/lib/node_modules/firebase-tools/node_modules/readable-stream/lib/_stream_readable.js:681:20)
    at DerivedLogger.emit (node:events:525:35)
    at DerivedLogger.emit (node:domain:489:12)
    at addChunk (/usr/local/lib/node_modules/firebase-tools/node_modules/readable-stream/lib/_stream_readable.js:298:12)
[error] 
[error] Error: An unexpected error has occurred.
[debug] [2023-02-06T18:47:53.018Z] Error: write EIO
    at afterWriteDispatched (node:internal/stream_base_commons:160:15)
    at writeGeneric (node:internal/stream_base_commons:151:3)
    at Socket._writeGeneric (node:net:917:11)
    at Socket._write (node:net:929:8)
    at writeOrBuffer (node:internal/streams/writable:392:12)
    at _write (node:internal/streams/writable:333:10)
    at Writable.write (node:internal/streams/writable:337:10)
    at Console.log (/usr/local/lib/node_modules/firebase-tools/node_modules/winston/lib/winston/transports/console.js:79:23)
    at Console._write (/usr/local/lib/node_modules/firebase-tools/node_modules/winston-transport/index.js:103:17)
    at doWrite (/usr/local/lib/node_modules/firebase-tools/node_modules/winston-transport/node_modules/readable-stream/lib/_stream_writable.js:428:64)
    at writeOrBuffer (/usr/local/lib/node_modules/firebase-tools/node_modules/winston-transport/node_modules/readable-stream/lib/_stream_writable.js:417:5)
    at Writable.write (/usr/local/lib/node_modules/firebase-tools/node_modules/winston-transport/node_modules/readable-stream/lib/_stream_writable.js:334:11)
    at DerivedLogger.ondata (/usr/local/lib/node_modules/firebase-tools/node_modules/readable-stream/lib/_stream_readable.js:681:20)
    at DerivedLogger.emit (node:events:525:35)
    at DerivedLogger.emit (node:domain:489:12)
    at addChunk (/usr/local/lib/node_modules/firebase-tools/node_modules/readable-stream/lib/_stream_readable.js:298:12)
[error] 
[error] Error: An unexpected error has occurred.
[debug] [2023-02-06T18:47:53.018Z] Error: write EIO
    at afterWriteDispatched (node:internal/stream_base_commons:160:15)
    at writeGeneric (node:internal/stream_base_commons:151:3)
    at Socket._writeGeneric (node:net:917:11)
    at Socket._write (node:net:929:8)
    at writeOrBuffer (node:internal/streams/writable:392:12)
    at _write (node:internal/streams/writable:333:10)
    at Writable.write (node:internal/streams/writable:337:10)
    at Console.log (/usr/local/lib/node_modules/firebase-tools/node_modules/winston/lib/winston/transports/console.js:79:23)
    at Console._write (/usr/local/lib/node_modules/firebase-tools/node_modules/winston-transport/index.js:103:17)
    at doWrite (/usr/local/lib/node_modules/firebase-tools/node_modules/winston-transport/node_modules/readable-stream/lib/_stream_writable.js:428:64)
    at writeOrBuffer (/usr/local/lib/node_modules/firebase-tools/node_modules/winston-transport/node_modules/readable-stream/lib/_stream_writable.js:417:5)
    at Writable.write (/usr/local/lib/node_modules/firebase-tools/node_modules/winston-transport/node_modules/readable-stream/lib/_stream_writable.js:334:11)
    at DerivedLogger.ondata (/usr/local/lib/node_modules/firebase-tools/node_modules/readable-stream/lib/_stream_readable.js:681:20)
    at DerivedLogger.emit (node:events:525:35)
    at DerivedLogger.emit (node:domain:489:12)
    at addChunk (/usr/local/lib/node_modules/firebase-tools/node_modules/readable-stream/lib/_stream_readable.js:298:12)
[error] 
[error] Error: An unexpected error has occurred.
[debug] [2023-02-06T18:47:53.018Z] Error: write EIO
    at afterWriteDispatched (node:internal/stream_base_commons:160:15)
    at writeGeneric (node:internal/stream_base_commons:151:3)
    at Socket._writeGeneric (node:net:917:11)
    at Socket._write (node:net:929:8)
    at writeOrBuffer (node:internal/streams/writable:392:12)
    at _write (node:internal/streams/writable:333:10)
    at Writable.write (node:internal/streams/writable:337:10)
    at Console.log (/usr/local/lib/node_modules/firebase-tools/node_modules/winston/lib/winston/transports/console.js:79:23)
    at Console._write (/usr/local/lib/node_modules/firebase-tools/node_modules/winston-transport/index.js:103:17)
    at doWrite (/usr/local/lib/node_modules/firebase-tools/node_modules/winston-transport/node_modules/readable-stream/lib/_stream_writable.js:428:64)
    at writeOrBuffer (/usr/local/lib/node_modules/firebase-tools/node_modules/winston-transport/node_modules/readable-stream/lib/_stream_writable.js:417:5)
    at Writable.write (/usr/local/lib/node_modules/firebase-tools/node_modules/winston-transport/node_modules/readable-stream/lib/_stream_writable.js:334:11)
    at DerivedLogger.ondata (/usr/local/lib/node_modules/firebase-tools/node_modules/readable-stream/lib/_stream_readable.js:681:20)
    at DerivedLogger.emit (node:events:525:35)
    at DerivedLogger.emit (node:domain:489:12)
    at addChunk (/usr/local/lib/node_modules/firebase-tools/node_modules/readable-stream/lib/_stream_readable.js:298:12)
[error] 
[error] Error: An unexpected error has occurred.
[debug] [2023-02-06T18:47:53.018Z] Error: write EIO
    at afterWriteDispatched (node:internal/stream_base_commons:160:15)
    at writeGeneric (node:internal/stream_base_commons:151:3)
    at Socket._writeGeneric (node:net:917:11)
    at Socket._write (node:net:929:8)
    at writeOrBuffer (node:internal/streams/writable:392:12)
    at _write (node:internal/streams/writable:333:10)
    at Writable.write (node:internal/streams/writable:337:10)
    at Console.log (/usr/local/lib/node_modules/firebase-tools/node_modules/winston/lib/winston/transports/console.js:79:23)
    at Console._write (/usr/local/lib/node_modules/firebase-tools/node_modules/winston-transport/index.js:103:17)
    at doWrite (/usr/local/lib/node_modules/firebase-tools/node_modules/winston-transport/node_modules/readable-stream/lib/_stream_writable.js:428:64)
    at writeOrBuffer (/usr/local/lib/node_modules/firebase-tools/node_modules/winston-transport/node_modules/readable-stream/lib/_stream_writable.js:417:5)
    at Writable.write (/usr/local/lib/node_modules/firebase-tools/node_modules/winston-transport/node_modules/readable-stream/lib/_stream_writable.js:334:11)
    at DerivedLogger.ondata (/usr/local/lib/node_modules/firebase-tools/node_modules/readable-stream/lib/_stream_readable.js:681:20)
    at DerivedLogger.emit (node:events:525:35)
    at DerivedLogger.emit (node:domain:489:12)
    at addChunk (/usr/local/lib/node_modules/firebase-tools/node_modules/readable-stream/lib/_stream_readable.js:298:12)
[error] 
[error] Error: An unexpected error has occurred.
[debug] [2023-02-06T18:47:53.019Z] Error: write EIO
    at afterWriteDispatched (node:internal/stream_base_commons:160:15)
    at writeGeneric (node:internal/stream_base_commons:151:3)
    at Socket._writeGeneric (node:net:917:11)
    at Socket._write (node:net:929:8)
    at writeOrBuffer (node:internal/streams/writable:392:12)
    at _write (node:internal/streams/writable:333:10)
    at Writable.write (node:internal/streams/writable:337:10)
    at Console.log (/usr/local/lib/node_modules/firebase-tools/node_modules/winston/lib/winston/transports/console.js:79:23)
    at Console._write (/usr/local/lib/node_modules/firebase-tools/node_modules/winston-transport/index.js:103:17)
    at doWrite (/usr/local/lib/node_modules/firebase-tools/node_modules/winston-transport/node_modules/readable-stream/lib/_stream_writable.js:428:64)
    at writeOrBuffer (/usr/local/lib/node_modules/firebase-tools/node_modules/winston-transport/node_modules/readable-stream/lib/_stream_writable.js:417:5)
    at Writable.write (/usr/local/lib/node_modules/firebase-tools/node_modules/winston-transport/node_modules/readable-stream/lib/_stream_writable.js:334:11)
    at DerivedLogger.ondata (/usr/local/lib/node_modules/firebase-tools/node_modules/readable-stream/lib/_stream_readable.js:681:20)
    at DerivedLogger.emit (node:events:525:35)
    at DerivedLogger.emit (node:domain:489:12)
    at addChunk (/usr/local/lib/node_modules/firebase-tools/node_modules/readable-stream/lib/_stream_readable.js:298:12)
[error] 
[error] Error: An unexpected error has occurred.
[debug] [2023-02-06T18:47:53.019Z] Error: write EIO
    at afterWriteDispatched (node:internal/stream_base_commons:160:15)
    at writeGeneric (node:internal/stream_base_commons:151:3)
    at Socket._writeGeneric (node:net:917:11)
    at Socket._write (node:net:929:8)
    at writeOrBuffer (node:internal/streams/writable:392:12)
    at _write (node:internal/streams/writable:333:10)
    at Writable.write (node:internal/streams/writable:337:10)
    at Console.log (/usr/local/lib/node_modules/firebase-tools/node_modules/winston/lib/winston/transports/console.js:79:23)
    at Console._write (/usr/local/lib/node_modules/firebase-tools/node_modules/winston-transport/index.js:103:17)
    at doWrite (/usr/local/lib/node_modules/firebase-tools/node_modules/winston-transport/node_modules/readable-stream/lib/_stream_writable.js:428:64)
    at writeOrBuffer (/usr/local/lib/node_modules/firebase-tools/node_modules/winston-transport/node_modules/readable-stream/lib/_stream_writable.js:417:5)
    at Writable.write (/usr/local/lib/node_modules/firebase-tools/node_modules/winston-transport/node_modules/readable-stream/lib/_stream_writable.js:334:11)
    at DerivedLogger.ondata (/usr/local/lib/node_modules/firebase-tools/node_modules/readable-stream/lib/_stream_readable.js:681:20)
    at DerivedLogger.emit (node:events:525:35)
    at DerivedLogger.emit (node:domain:489:12)
    at addChunk (/usr/local/lib/node_modules/firebase-tools/node_modules/readable-stream/lib/_stream_readable.js:298:12)
[error] 
[error] Error: An unexpected error has occurred.
[debug] [2023-02-06T18:47:53.019Z] Error: write EIO
    at afterWriteDispatched (node:internal/stream_base_commons:160:15)
    at writeGeneric (node:internal/stream_base_commons:151:3)
    at Socket._writeGeneric (node:net:917:11)
    at Socket._write (node:net:929:8)
    at writeOrBuffer (node:internal/streams/writable:392:12)
    at _write (node:internal/streams/writable:333:10)
    at Writable.write (node:internal/streams/writable:337:10)
    at Console.log (/usr/local/lib/node_modules/firebase-tools/node_modules/winston/lib/winston/transports/console.js:79:23)
    at Console._write (/usr/local/lib/node_modules/firebase-tools/node_modules/winston-transport/index.js:103:17)
    at doWrite (/usr/local/lib/node_modules/firebase-tools/node_modules/winston-transport/node_modules/readable-stream/lib/_stream_writable.js:428:64)
    at writeOrBuffer (/usr/local/lib/node_modules/firebase-tools/node_modules/winston-transport/node_modules/readable-stream/lib/_stream_writable.js:417:5)
    at Writable.write (/usr/local/lib/node_modules/firebase-tools/node_modules/winston-transport/node_modules/readable-stream/lib/_stream_writable.js:334:11)
    at DerivedLogger.ondata (/usr/local/lib/node_modules/firebase-tools/node_modules/readable-stream/lib/_stream_readable.js:681:20)
    at DerivedLogger.emit (node:events:525:35)
    at DerivedLogger.emit (node:domain:489:12)
    at addChunk (/usr/local/lib/node_modules/firebase-tools/node_modules/readable-stream/lib/_stream_readable.js:298:12)
[error] 
[error] Error: An unexpected error has occurred.
[debug] [2023-02-06T18:47:53.021Z] Error: write EIO
    at afterWriteDispatched (node:internal/stream_base_commons:160:15)
    at writeGeneric (node:internal/stream_base_commons:151:3)
    at Socket._writeGeneric (node:net:917:11)
    at Socket._write (node:net:929:8)
    at writeOrBuffer (node:internal/streams/writable:392:12)
    at _write (node:internal/streams/writable:333:10)
    at Writable.write (node:internal/streams/writable:337:10)
    at Console.log (/usr/local/lib/node_modules/firebase-tools/node_modules/winston/lib/winston/transports/console.js:79:23)
    at Console._write (/usr/local/lib/node_modules/firebase-tools/node_modules/winston-transport/index.js:103:17)
    at doWrite (/usr/local/lib/node_modules/firebase-tools/node_modules/winston-transport/node_modules/readable-stream/lib/_stream_writable.js:428:64)
    at writeOrBuffer (/usr/local/lib/node_modules/firebase-tools/node_modules/winston-transport/node_modules/readable-stream/lib/_stream_writable.js:417:5)
    at Writable.write (/usr/local/lib/node_modules/firebase-tools/node_modules/winston-transport/node_modules/readable-stream/lib/_stream_writable.js:334:11)
    at DerivedLogger.ondata (/usr/local/lib/node_modules/firebase-tools/node_modules/readable-stream/lib/_stream_readable.js:681:20)
    at DerivedLogger.emit (node:events:525:35)
    at DerivedLogger.emit (node:domain:489:12)
    at Readable.read (/usr/local/lib/node_modules/firebase-tools/node_modules/readable-stream/lib/_stream_readable.js:483:26)
[error] 
[error] Error: An unexpected error has occurred.
[debug] [2023-02-06T18:47:53.022Z] Error: write EIO
    at afterWriteDispatched (node:internal/stream_base_commons:160:15)
    at writeGeneric (node:internal/stream_base_commons:151:3)
    at Socket._writeGeneric (node:net:917:11)
    at Socket._write (node:net:929:8)
    at writeOrBuffer (node:internal/streams/writable:392:12)
    at _write (node:internal/streams/writable:333:10)
    at Writable.write (node:internal/streams/writable:337:10)
    at Console.log (/usr/local/lib/node_modules/firebase-tools/node_modules/winston/lib/winston/transports/console.js:79:23)
    at Console._write (/usr/local/lib/node_modules/firebase-tools/node_modules/winston-transport/index.js:103:17)
    at doWrite (/usr/local/lib/node_modules/firebase-tools/node_modules/winston-transport/node_modules/readable-stream/lib/_stream_writable.js:428:64)
    at writeOrBuffer (/usr/local/lib/node_modules/firebase-tools/node_modules/winston-transport/node_modules/readable-stream/lib/_stream_writable.js:417:5)
    at Writable.write (/usr/local/lib/node_modules/firebase-tools/node_modules/winston-transport/node_modules/readable-stream/lib/_stream_writable.js:334:11)
    at DerivedLogger.ondata (/usr/local/lib/node_modules/firebase-tools/node_modules/readable-stream/lib/_stream_readable.js:681:20)
    at DerivedLogger.emit (node:events:525:35)
    at DerivedLogger.emit (node:domain:489:12)
    at addChunk (/usr/local/lib/node_modules/firebase-tools/node_modules/readable-stream/lib/_stream_readable.js:298:12)
[error] 
[error] Error: An unexpected error has occurred.
[debug] [2023-02-06T18:47:53.022Z] Error: write EIO
    at afterWriteDispatched (node:internal/stream_base_commons:160:15)
    at writeGeneric (node:internal/stream_base_commons:151:3)
    at Socket._writeGeneric (node:net:917:11)
    at Socket._write (node:net:929:8)
    at writeOrBuffer (node:internal/streams/writable:392:12)
    at _write (node:internal/streams/writable:333:10)
    at Writable.write (node:internal/streams/writable:337:10)
    at Console.log (/usr/local/lib/node_modules/firebase-tools/node_modules/winston/lib/winston/transports/console.js:79:23)
    at Console._write (/usr/local/lib/node_modules/firebase-tools/node_modules/winston-transport/index.js:103:17)
    at doWrite (/usr/local/lib/node_modules/firebase-tools/node_modules/winston-transport/node_modules/readable-stream/lib/_stream_writable.js:428:64)
    at writeOrBuffer (/usr/local/lib/node_modules/firebase-tools/node_modules/winston-transport/node_modules/readable-stream/lib/_stream_writable.js:417:5)
    at Writable.write (/usr/local/lib/node_modules/firebase-tools/node_modules/winston-transport/node_modules/readable-stream/lib/_stream_writable.js:334:11)
    at DerivedLogger.ondata (/usr/local/lib/node_modules/firebase-tools/node_modules/readable-stream/lib/_stream_readable.js:681:20)
    at DerivedLogger.emit (node:events:525:35)
    at DerivedLogger.emit (node:domain:489:12)
    at addChunk (/usr/local/lib/node_modules/firebase-tools/node_modules/readable-stream/lib/_stream_readable.js:298:12)
[error] 
[error] Error: An unexpected error has occurred.
[debug] [2023-02-06T18:47:53.022Z] Error: write EIO
    at afterWriteDispatched (node:internal/stream_base_commons:160:15)
    at writeGeneric (node:internal/stream_base_commons:151:3)
    at Socket._writeGeneric (node:net:917:11)
    at Socket._write (node:net:929:8)
    at writeOrBuffer (node:internal/streams/writable:392:12)
    at _write (node:internal/streams/writable:333:10)
    at Writable.write (node:internal/streams/writable:337:10)
    at Console.log (/usr/local/lib/node_modules/firebase-tools/node_modules/winston/lib/winston/transports/console.js:79:23)
    at Console._write (/usr/local/lib/node_modules/firebase-tools/node_modules/winston-transport/index.js:103:17)
    at doWrite (/usr/local/lib/node_modules/firebase-tools/node_modules/winston-transport/node_modules/readable-stream/lib/_stream_writable.js:428:64)
    at writeOrBuffer (/usr/local/lib/node_modules/firebase-tools/node_modules/winston-transport/node_modules/readable-stream/lib/_stream_writable.js:417:5)
    at Writable.write (/usr/local/lib/node_modules/firebase-tools/node_modules/winston-transport/node_modules/readable-stream/lib/_stream_writable.js:334:11)
    at DerivedLogger.ondata (/usr/local/lib/node_modules/firebase-tools/node_modules/readable-stream/lib/_stream_readable.js:681:20)
    at DerivedLogger.emit (node:events:525:35)
    at DerivedLogger.emit (node:domain:489:12)
    at addChunk (/usr/local/lib/node_modules/firebase-tools/node_modules/readable-stream/lib/_stream_readable.js:298:12)
[error] 
[error] Error: An unexpected error has occurred.
[debug] [2023-02-06T18:47:53.023Z] Error: write EIO
    at afterWriteDispatched (node:internal/stream_base_commons:160:15)
    at writeGeneric (node:internal/stream_base_commons:151:3)
    at Socket._writeGeneric (node:net:917:11)
    at Socket._write (node:net:929:8)
    at writeOrBuffer (node:internal/streams/writable:392:12)
    at _write (node:internal/streams/writable:333:10)
    at Writable.write (node:internal/streams/writable:337:10)
    at Console.log (/usr/local/lib/node_modules/firebase-tools/node_modules/winston/lib/winston/transports/console.js:79:23)
    at Console._write (/usr/local/lib/node_modules/firebase-tools/node_modules/winston-transport/index.js:103:17)
    at doWrite (/usr/local/lib/node_modules/firebase-tools/node_modules/winston-transport/node_modules/readable-stream/lib/_stream_writable.js:428:64)
    at writeOrBuffer (/usr/local/lib/node_modules/firebase-tools/node_modules/winston-transport/node_modules/readable-stream/lib/_stream_writable.js:417:5)
    at Writable.write (/usr/local/lib/node_modules/firebase-tools/node_modules/winston-transport/node_modules/readable-stream/lib/_stream_writable.js:334:11)
    at DerivedLogger.ondata (/usr/local/lib/node_modules/firebase-tools/node_modules/readable-stream/lib/_stream_readable.js:681:20)
    at DerivedLogger.emit (node:events:525:35)
    at DerivedLogger.emit (node:domain:489:12)
    at addChunk (/usr/local/lib/node_modules/firebase-tools/node_modules/readable-stream/lib/_stream_readable.js:298:12)
[error] 
[error] Error: An unexpected error has occurred.
[debug] [2023-02-06T18:47:53.025Z] Error: write EIO
    at afterWriteDispatched (node:internal/stream_base_commons:160:15)
    at writeGeneric (node:internal/stream_base_commons:151:3)
    at Socket._writeGeneric (node:net:917:11)
    at Socket._write (node:net:929:8)
    at writeOrBuffer (node:internal/streams/writable:392:12)
    at _write (node:internal/streams/writable:333:10)
    at Writable.write (node:internal/streams/writable:337:10)
    at Console.log (/usr/local/lib/node_modules/firebase-tools/node_modules/winston/lib/winston/transports/console.js:79:23)
    at Console._write (/usr/local/lib/node_modules/firebase-tools/node_modules/winston-transport/index.js:103:17)
    at doWrite (/usr/local/lib/node_modules/firebase-tools/node_modules/winston-transport/node_modules/readable-stream/lib/_stream_writable.js:428:64)
    at writeOrBuffer (/usr/local/lib/node_modules/firebase-tools/node_modules/winston-transport/node_modules/readable-stream/lib/_stream_writable.js:417:5)
    at Writable.write (/usr/local/lib/node_modules/firebase-tools/node_modules/winston-transport/node_modules/readable-stream/lib/_stream_writable.js:334:11)
    at DerivedLogger.ondata (/usr/local/lib/node_modules/firebase-tools/node_modules/readable-stream/lib/_stream_readable.js:681:20)
    at DerivedLogger.emit (node:events:525:35)
    at DerivedLogger.emit (node:domain:489:12)
    at addChunk (/usr/local/lib/node_modules/firebase-tools/node_modules/readable-stream/lib/_stream_readable.js:298:12)
[error] 
[error] Error: An unexpected error has occurred.
[debug] [2023-02-06T18:47:53.025Z] Error: write EIO
    at afterWriteDispatched (node:internal/stream_base_commons:160:15)
    at writeGeneric (node:internal/stream_base_commons:151:3)
    at Socket._writeGeneric (node:net:917:11)
    at Socket._write (node:net:929:8)
    at writeOrBuffer (node:internal/streams/writable:392:12)
    at _write (node:internal/streams/writable:333:10)
    at Writable.write (node:internal/streams/writable:337:10)
    at Console.log (/usr/local/lib/node_modules/firebase-tools/node_modules/winston/lib/winston/transports/console.js:79:23)
    at Console._write (/usr/local/lib/node_modules/firebase-tools/node_modules/winston-transport/index.js:103:17)
    at doWrite (/usr/local/lib/node_modules/firebase-tools/node_modules/winston-transport/node_modules/readable-stream/lib/_stream_writable.js:428:64)
    at writeOrBuffer (/usr/local/lib/node_modules/firebase-tools/node_modules/winston-transport/node_modules/readable-stream/lib/_stream_writable.js:417:5)
    at Writable.write (/usr/local/lib/node_modules/firebase-tools/node_modules/winston-transport/node_modules/readable-stream/lib/_stream_writable.js:334:11)
    at DerivedLogger.ondata (/usr/local/lib/node_modules/firebase-tools/node_modules/readable-stream/lib/_stream_readable.js:681:20)
    at DerivedLogger.emit (node:events:525:35)
    at DerivedLogger.emit (node:domain:489:12)
    at addChunk (/usr/local/lib/node_modules/firebase-tools/node_modules/readable-stream/lib/_stream_readable.js:298:12)
[error] 
[error] Error: An unexpected error has occurred.
[debug] [2023-02-06T18:47:53.026Z] Error: write EIO
    at afterWriteDispatched (node:internal/stream_base_commons:160:15)
    at writeGeneric (node:internal/stream_base_commons:151:3)
    at Socket._writeGeneric (node:net:917:11)
    at Socket._write (node:net:929:8)
    at writeOrBuffer (node:internal/streams/writable:392:12)
    at _write (node:internal/streams/writable:333:10)
    at Writable.write (node:internal/streams/writable:337:10)
    at Console.log (/usr/local/lib/node_modules/firebase-tools/node_modules/winston/lib/winston/transports/console.js:79:23)
    at Console._write (/usr/local/lib/node_modules/firebase-tools/node_modules/winston-transport/index.js:103:17)
    at doWrite (/usr/local/lib/node_modules/firebase-tools/node_modules/winston-transport/node_modules/readable-stream/lib/_stream_writable.js:428:64)
    at writeOrBuffer (/usr/local/lib/node_modules/firebase-tools/node_modules/winston-transport/node_modules/readable-stream/lib/_stream_writable.js:417:5)
    at Writable.write (/usr/local/lib/node_modules/firebase-tools/node_modules/winston-transport/node_modules/readable-stream/lib/_stream_writable.js:334:11)
    at DerivedLogger.ondata (/usr/local/lib/node_modules/firebase-tools/node_modules/readable-stream/lib/_stream_readable.js:681:20)
    at DerivedLogger.emit (node:events:525:35)
    at DerivedLogger.emit (node:domain:489:12)
    at addChunk (/usr/local/lib/node_modules/firebase-tools/node_modules/readable-stream/lib/_stream_readable.js:298:12)
[error] 
[error] Error: An unexpected error has occurred.
[debug] [2023-02-06T18:47:53.026Z] Error: write EIO
    at afterWriteDispatched (node:internal/stream_base_commons:160:15)
    at writeGeneric (node:internal/stream_base_commons:151:3)
    at Socket._writeGeneric (node:net:917:11)
    at Socket._write (node:net:929:8)
    at writeOrBuffer (node:internal/streams/writable:392:12)
    at _write (node:internal/streams/writable:333:10)
    at Writable.write (node:internal/streams/writable:337:10)
    at Console.log (/usr/local/lib/node_modules/firebase-tools/node_modules/winston/lib/winston/transports/console.js:79:23)
    at Console._write (/usr/local/lib/node_modules/firebase-tools/node_modules/winston-transport/index.js:103:17)
    at doWrite (/usr/local/lib/node_modules/firebase-tools/node_modules/winston-transport/node_modules/readable-stream/lib/_stream_writable.js:428:64)
    at writeOrBuffer (/usr/local/lib/node_modules/firebase-tools/node_modules/winston-transport/node_modules/readable-stream/lib/_stream_writable.js:417:5)
    at Writable.write (/usr/local/lib/node_modules/firebase-tools/node_modules/winston-transport/node_modules/readable-stream/lib/_stream_writable.js:334:11)
    at DerivedLogger.ondata (/usr/local/lib/node_modules/firebase-tools/node_modules/readable-stream/lib/_stream_readable.js:681:20)
    at DerivedLogger.emit (node:events:525:35)
    at DerivedLogger.emit (node:domain:489:12)
    at addChunk (/usr/local/lib/node_modules/firebase-tools/node_modules/readable-stream/lib/_stream_readable.js:298:12)
[error] 
[error] Error: An unexpected error has occurred.
[debug] [2023-02-06T18:47:53.026Z] Error: write EIO
    at afterWriteDispatched (node:internal/stream_base_commons:160:15)
    at writeGeneric (node:internal/stream_base_commons:151:3)
    at Socket._writeGeneric (node:net:917:11)
    at Socket._write (node:net:929:8)
    at writeOrBuffer (node:internal/streams/writable:392:12)
    at _write (node:internal/streams/writable:333:10)
    at Writable.write (node:internal/streams/writable:337:10)
    at Console.log (/usr/local/lib/node_modules/firebase-tools/node_modules/winston/lib/winston/transports/console.js:79:23)
    at Console._write (/usr/local/lib/node_modules/firebase-tools/node_modules/winston-transport/index.js:103:17)
    at doWrite (/usr/local/lib/node_modules/firebase-tools/node_modules/winston-transport/node_modules/readable-stream/lib/_stream_writable.js:428:64)
    at writeOrBuffer (/usr/local/lib/node_modules/firebase-tools/node_modules/winston-transport/node_modules/readable-stream/lib/_stream_writable.js:417:5)
    at Writable.write (/usr/local/lib/node_modules/firebase-tools/node_modules/winston-transport/node_modules/readable-stream/lib/_stream_writable.js:334:11)
    at DerivedLogger.ondata (/usr/local/lib/node_modules/firebase-tools/node_modules/readable-stream/lib/_stream_readable.js:681:20)
    at DerivedLogger.emit (node:events:525:35)
    at DerivedLogger.emit (node:domain:489:12)
    at addChunk (/usr/local/lib/node_modules/firebase-tools/node_modules/readable-stream/lib/_stream_readable.js:298:12)
[error] 
[error] Error: An unexpected error has occurred.
[debug] [2023-02-06T18:47:53.026Z] Error: write EIO
    at afterWriteDispatched (node:internal/stream_base_commons:160:15)
    at writeGeneric (node:internal/stream_base_commons:151:3)
    at Socket._writeGeneric (node:net:917:11)
    at Socket._write (node:net:929:8)
    at writeOrBuffer (node:internal/streams/writable:392:12)
    at _write (node:internal/streams/writable:333:10)
    at Writable.write (node:internal/streams/writable:337:10)
    at Console.log (/usr/local/lib/node_modules/firebase-tools/node_modules/winston/lib/winston/transports/console.js:79:23)
    at Console._write (/usr/local/lib/node_modules/firebase-tools/node_modules/winston-transport/index.js:103:17)
    at doWrite (/usr/local/lib/node_modules/firebase-tools/node_modules/winston-transport/node_modules/readable-stream/lib/_stream_writable.js:428:64)
    at writeOrBuffer (/usr/local/lib/node_modules/firebase-tools/node_modules/winston-transport/node_modules/readable-stream/lib/_stream_writable.js:417:5)
    at Writable.write (/usr/local/lib/node_modules/firebase-tools/node_modules/winston-transport/node_modules/readable-stream/lib/_stream_writable.js:334:11)
    at DerivedLogger.ondata (/usr/local/lib/node_modules/firebase-tools/node_modules/readable-stream/lib/_stream_readable.js:681:20)
    at DerivedLogger.emit (node:events:525:35)
    at DerivedLogger.emit (node:domain:489:12)
    at addChunk (/usr/local/lib/node_modules/firebase-tools/node_modules/readable-stream/lib/_stream_readable.js:298:12)
[error] 
[error] Error: An unexpected error has occurred.
[debug] [2023-02-06T18:47:53.028Z] Error: write EIO
    at afterWriteDispatched (node:internal/stream_base_commons:160:15)
    at writeGeneric (node:internal/stream_base_commons:151:3)
    at Socket._writeGeneric (node:net:917:11)
    at Socket._write (node:net:929:8)
    at writeOrBuffer (node:internal/streams/writable:392:12)
    at _write (node:internal/streams/writable:333:10)
    at Writable.write (node:internal/streams/writable:337:10)
    at Console.log (/usr/local/lib/node_modules/firebase-tools/node_modules/winston/lib/winston/transports/console.js:79:23)
    at Console._write (/usr/local/lib/node_modules/firebase-tools/node_modules/winston-transport/index.js:103:17)
    at doWrite (/usr/local/lib/node_modules/firebase-tools/node_modules/winston-transport/node_modules/readable-stream/lib/_stream_writable.js:428:64)
    at writeOrBuffer (/usr/local/lib/node_modules/firebase-tools/node_modules/winston-transport/node_modules/readable-stream/lib/_stream_writable.js:417:5)
    at Writable.write (/usr/local/lib/node_modules/firebase-tools/node_modules/winston-transport/node_modules/readable-stream/lib/_stream_writable.js:334:11)
    at DerivedLogger.ondata (/usr/local/lib/node_modules/firebase-tools/node_modules/readable-stream/lib/_stream_readable.js:681:20)
    at DerivedLogger.emit (node:events:525:35)
    at DerivedLogger.emit (node:domain:489:12)
    at Readable.read (/usr/local/lib/node_modules/firebase-tools/node_modules/readable-stream/lib/_stream_readable.js:483:26)
[error] 
[error] Error: An unexpected error has occurred.
[debug] [2023-02-06T18:47:53.028Z] Error: write EIO
    at afterWriteDispatched (node:internal/stream_base_commons:160:15)
    at writeGeneric (node:internal/stream_base_commons:151:3)
    at Socket._writeGeneric (node:net:917:11)
    at Socket._write (node:net:929:8)
    at writeOrBuffer (node:internal/streams/writable:392:12)
    at _write (node:internal/streams/writable:333:10)
    at Writable.write (node:internal/streams/writable:337:10)
    at Console.log (/usr/local/lib/node_modules/firebase-tools/node_modules/winston/lib/winston/transports/console.js:79:23)
    at Console._write (/usr/local/lib/node_modules/firebase-tools/node_modules/winston-transport/index.js:103:17)
    at doWrite (/usr/local/lib/node_modules/firebase-tools/node_modules/winston-transport/node_modules/readable-stream/lib/_stream_writable.js:428:64)
    at writeOrBuffer (/usr/local/lib/node_modules/firebase-tools/node_modules/winston-transport/node_modules/readable-stream/lib/_stream_writable.js:417:5)
    at Writable.write (/usr/local/lib/node_modules/firebase-tools/node_modules/winston-transport/node_modules/readable-stream/lib/_stream_writable.js:334:11)
    at DerivedLogger.ondata (/usr/local/lib/node_modules/firebase-tools/node_modules/readable-stream/lib/_stream_readable.js:681:20)
    at DerivedLogger.emit (node:events:525:35)
    at DerivedLogger.emit (node:domain:489:12)
    at addChunk (/usr/local/lib/node_modules/firebase-tools/node_modules/readable-stream/lib/_stream_readable.js:298:12)
[error] 
[error] Error: An unexpected error has occurred.
[debug] [2023-02-06T18:47:53.028Z] Error: write EIO
    at afterWriteDispatched (node:internal/stream_base_commons:160:15)
    at writeGeneric (node:internal/stream_base_commons:151:3)
    at Socket._writeGeneric (node:net:917:11)
    at Socket._write (node:net:929:8)
    at writeOrBuffer (node:internal/streams/writable:392:12)
    at _write (node:internal/streams/writable:333:10)
    at Writable.write (node:internal/streams/writable:337:10)
    at Console.log (/usr/local/lib/node_modules/firebase-tools/node_modules/winston/lib/winston/transports/console.js:79:23)
    at Console._write (/usr/local/lib/node_modules/firebase-tools/node_modules/winston-transport/index.js:103:17)
    at doWrite (/usr/local/lib/node_modules/firebase-tools/node_modules/winston-transport/node_modules/readable-stream/lib/_stream_writable.js:428:64)
    at writeOrBuffer (/usr/local/lib/node_modules/firebase-tools/node_modules/winston-transport/node_modules/readable-stream/lib/_stream_writable.js:417:5)
    at Writable.write (/usr/local/lib/node_modules/firebase-tools/node_modules/winston-transport/node_modules/readable-stream/lib/_stream_writable.js:334:11)
    at DerivedLogger.ondata (/usr/local/lib/node_modules/firebase-tools/node_modules/readable-stream/lib/_stream_readable.js:681:20)
    at DerivedLogger.emit (node:events:525:35)
    at DerivedLogger.emit (node:domain:489:12)
    at addChunk (/usr/local/lib/node_modules/firebase-tools/node_modules/readable-stream/lib/_stream_readable.js:298:12)
[error] 
[error] Error: An unexpected error has occurred.
[debug] [2023-02-06T18:47:53.028Z] Error: write EIO
    at afterWriteDispatched (node:internal/stream_base_commons:160:15)
    at writeGeneric (node:internal/stream_base_commons:151:3)
    at Socket._writeGeneric (node:net:917:11)
    at Socket._write (node:net:929:8)
    at writeOrBuffer (node:internal/streams/writable:392:12)
    at _write (node:internal/streams/writable:333:10)
    at Writable.write (node:internal/streams/writable:337:10)
    at Console.log (/usr/local/lib/node_modules/firebase-tools/node_modules/winston/lib/winston/transports/console.js:79:23)
    at Console._write (/usr/local/lib/node_modules/firebase-tools/node_modules/winston-transport/index.js:103:17)
    at doWrite (/usr/local/lib/node_modules/firebase-tools/node_modules/winston-transport/node_modules/readable-stream/lib/_stream_writable.js:428:64)
    at writeOrBuffer (/usr/local/lib/node_modules/firebase-tools/node_modules/winston-transport/node_modules/readable-stream/lib/_stream_writable.js:417:5)
    at Writable.write (/usr/local/lib/node_modules/firebase-tools/node_modules/winston-transport/node_modules/readable-stream/lib/_stream_writable.js:334:11)
    at DerivedLogger.ondata (/usr/local/lib/node_modules/firebase-tools/node_modules/readable-stream/lib/_stream_readable.js:681:20)
    at DerivedLogger.emit (node:events:525:35)
    at DerivedLogger.emit (node:domain:489:12)
    at addChunk (/usr/local/lib/node_modules/firebase-tools/node_modules/readable-stream/lib/_stream_readable.js:298:12)
[error] 
[error] Error: An unexpected error has occurred.
[debug] [2023-02-06T18:47:53.028Z] Error: write EIO
    at afterWriteDispatched (node:internal/stream_base_commons:160:15)
    at writeGeneric (node:internal/stream_base_commons:151:3)
    at Socket._writeGeneric (node:net:917:11)
    at Socket._write (node:net:929:8)
    at writeOrBuffer (node:internal/streams/writable:392:12)
    at _write (node:internal/streams/writable:333:10)
    at Writable.write (node:internal/streams/writable:337:10)
    at Console.log (/usr/local/lib/node_modules/firebase-tools/node_modules/winston/lib/winston/transports/console.js:79:23)
    at Console._write (/usr/local/lib/node_modules/firebase-tools/node_modules/winston-transport/index.js:103:17)
    at doWrite (/usr/local/lib/node_modules/firebase-tools/node_modules/winston-transport/node_modules/readable-stream/lib/_stream_writable.js:428:64)
    at writeOrBuffer (/usr/local/lib/node_modules/firebase-tools/node_modules/winston-transport/node_modules/readable-stream/lib/_stream_writable.js:417:5)
    at Writable.write (/usr/local/lib/node_modules/firebase-tools/node_modules/winston-transport/node_modules/readable-stream/lib/_stream_writable.js:334:11)
    at DerivedLogger.ondata (/usr/local/lib/node_modules/firebase-tools/node_modules/readable-stream/lib/_stream_readable.js:681:20)
    at DerivedLogger.emit (node:events:525:35)
    at DerivedLogger.emit (node:domain:489:12)
    at addChunk (/usr/local/lib/node_modules/firebase-tools/node_modules/readable-stream/lib/_stream_readable.js:298:12)
[error] 
[error] Error: An unexpected error has occurred.
[debug] [2023-02-06T18:47:53.028Z] Error: write EIO
    at afterWriteDispatched (node:internal/stream_base_commons:160:15)
    at writeGeneric (node:internal/stream_base_commons:151:3)
    at Socket._writeGeneric (node:net:917:11)
    at Socket._write (node:net:929:8)
    at writeOrBuffer (node:internal/streams/writable:392:12)
    at _write (node:internal/streams/writable:333:10)
    at Writable.write (node:internal/streams/writable:337:10)
    at Console.log (/usr/local/lib/node_modules/firebase-tools/node_modules/winston/lib/winston/transports/console.js:79:23)
    at Console._write (/usr/local/lib/node_modules/firebase-tools/node_modules/winston-transport/index.js:103:17)
    at doWrite (/usr/local/lib/node_modules/firebase-tools/node_modules/winston-transport/node_modules/readable-stream/lib/_stream_writable.js:428:64)
    at writeOrBuffer (/usr/local/lib/node_modules/firebase-tools/node_modules/winston-transport/node_modules/readable-stream/lib/_stream_writable.js:417:5)
    at Writable.write (/usr/local/lib/node_modules/firebase-tools/node_modules/winston-transport/node_modules/readable-stream/lib/_stream_writable.js:334:11)
    at DerivedLogger.ondata (/usr/local/lib/node_modules/firebase-tools/node_modules/readable-stream/lib/_stream_readable.js:681:20)
    at DerivedLogger.emit (node:events:525:35)
    at DerivedLogger.emit (node:domain:489:12)
    at addChunk (/usr/local/lib/node_modules/firebase-tools/node_modules/readable-stream/lib/_stream_readable.js:298:12)
[error] 
[error] Error: An unexpected error has occurred.
[debug] [2023-02-06T18:47:53.029Z] Error: write EIO
    at afterWriteDispatched (node:internal/stream_base_commons:160:15)
    at writeGeneric (node:internal/stream_base_commons:151:3)
    at Socket._writeGeneric (node:net:917:11)
    at Socket._write (node:net:929:8)
    at writeOrBuffer (node:internal/streams/writable:392:12)
    at _write (node:internal/streams/writable:333:10)
    at Writable.write (node:internal/streams/writable:337:10)
    at Console.log (/usr/local/lib/node_modules/firebase-tools/node_modules/winston/lib/winston/transports/console.js:79:23)
    at Console._write (/usr/local/lib/node_modules/firebase-tools/node_modules/winston-transport/index.js:103:17)
    at doWrite (/usr/local/lib/node_modules/firebase-tools/node_modules/winston-transport/node_modules/readable-stream/lib/_stream_writable.js:428:64)
    at writeOrBuffer (/usr/local/lib/node_modules/firebase-tools/node_modules/winston-transport/node_modules/readable-stream/lib/_stream_writable.js:417:5)
    at Writable.write (/usr/local/lib/node_modules/firebase-tools/node_modules/winston-transport/node_modules/readable-stream/lib/_stream_writable.js:334:11)
    at DerivedLogger.ondata (/usr/local/lib/node_modules/firebase-tools/node_modules/readable-stream/lib/_stream_readable.js:681:20)
    at DerivedLogger.emit (node:events:525:35)
    at DerivedLogger.emit (node:domain:489:12)
    at addChunk (/usr/local/lib/node_modules/firebase-tools/node_modules/readable-stream/lib/_stream_readable.js:298:12)
[error] 
[error] Error: An unexpected error has occurred.
[debug] [2023-02-06T18:47:53.029Z] Error: write EIO
    at afterWriteDispatched (node:internal/stream_base_commons:160:15)
    at writeGeneric (node:internal/stream_base_commons:151:3)
    at Socket._writeGeneric (node:net:917:11)
    at Socket._write (node:net:929:8)
    at writeOrBuffer (node:internal/streams/writable:392:12)
    at _write (node:internal/streams/writable:333:10)
    at Writable.write (node:internal/streams/writable:337:10)
    at Console.log (/usr/local/lib/node_modules/firebase-tools/node_modules/winston/lib/winston/transports/console.js:79:23)
    at Console._write (/usr/local/lib/node_modules/firebase-tools/node_modules/winston-transport/index.js:103:17)
    at doWrite (/usr/local/lib/node_modules/firebase-tools/node_modules/winston-transport/node_modules/readable-stream/lib/_stream_writable.js:428:64)
    at writeOrBuffer (/usr/local/lib/node_modules/firebase-tools/node_modules/winston-transport/node_modules/readable-stream/lib/_stream_writable.js:417:5)
    at Writable.write (/usr/local/lib/node_modules/firebase-tools/node_modules/winston-transport/node_modules/readable-stream/lib/_stream_writable.js:334:11)
    at DerivedLogger.ondata (/usr/local/lib/node_modules/firebase-tools/node_modules/readable-stream/lib/_stream_readable.js:681:20)
    at DerivedLogger.emit (node:events:525:35)
    at DerivedLogger.emit (node:domain:489:12)
    at addChunk (/usr/local/lib/node_modules/firebase-tools/node_modules/readable-stream/lib/_stream_readable.js:298:12)
[error] 
[error] Error: An unexpected error has occurred.
[debug] [2023-02-06T18:47:53.029Z] Error: write EIO
    at afterWriteDispatched (node:internal/stream_base_commons:160:15)
    at writeGeneric (node:internal/stream_base_commons:151:3)
    at Socket._writeGeneric (node:net:917:11)
    at Socket._write (node:net:929:8)
    at writeOrBuffer (node:internal/streams/writable:392:12)
    at _write (node:internal/streams/writable:333:10)
    at Writable.write (node:internal/streams/writable:337:10)
    at Console.log (/usr/local/lib/node_modules/firebase-tools/node_modules/winston/lib/winston/transports/console.js:79:23)
    at Console._write (/usr/local/lib/node_modules/firebase-tools/node_modules/winston-transport/index.js:103:17)
    at doWrite (/usr/local/lib/node_modules/firebase-tools/node_modules/winston-transport/node_modules/readable-stream/lib/_stream_writable.js:428:64)
    at writeOrBuffer (/usr/local/lib/node_modules/firebase-tools/node_modules/winston-transport/node_modules/readable-stream/lib/_stream_writable.js:417:5)
    at Writable.write (/usr/local/lib/node_modules/firebase-tools/node_modules/winston-transport/node_modules/readable-stream/lib/_stream_writable.js:334:11)
    at DerivedLogger.ondata (/usr/local/lib/node_modules/firebase-tools/node_modules/readable-stream/lib/_stream_readable.js:681:20)
    at DerivedLogger.emit (node:events:525:35)
    at DerivedLogger.emit (node:domain:489:12)
    at addChunk (/usr/local/lib/node_modules/firebase-tools/node_modules/readable-stream/lib/_stream_readable.js:298:12)
[error] 
[error] Error: An unexpected error has occurred.
[debug] [2023-02-06T18:47:53.029Z] Error: write EIO
    at afterWriteDispatched (node:internal/stream_base_commons:160:15)
    at writeGeneric (node:internal/stream_base_commons:151:3)
    at Socket._writeGeneric (node:net:917:11)
    at Socket._write (node:net:929:8)
    at writeOrBuffer (node:internal/streams/writable:392:12)
    at _write (node:internal/streams/writable:333:10)
    at Writable.write (node:internal/streams/writable:337:10)
    at Console.log (/usr/local/lib/node_modules/firebase-tools/node_modules/winston/lib/winston/transports/console.js:79:23)
    at Console._write (/usr/local/lib/node_modules/firebase-tools/node_modules/winston-transport/index.js:103:17)
    at doWrite (/usr/local/lib/node_modules/firebase-tools/node_modules/winston-transport/node_modules/readable-stream/lib/_stream_writable.js:428:64)
    at writeOrBuffer (/usr/local/lib/node_modules/firebase-tools/node_modules/winston-transport/node_modules/readable-stream/lib/_stream_writable.js:417:5)
    at Writable.write (/usr/local/lib/node_modules/firebase-tools/node_modules/winston-transport/node_modules/readable-stream/lib/_stream_writable.js:334:11)
    at DerivedLogger.ondata (/usr/local/lib/node_modules/firebase-tools/node_modules/readable-stream/lib/_stream_readable.js:681:20)
    at DerivedLogger.emit (node:events:525:35)
    at DerivedLogger.emit (node:domain:489:12)
    at addChunk (/usr/local/lib/node_modules/firebase-tools/node_modules/readable-stream/lib/_stream_readable.js:298:12)
[error] 
[error] Error: An unexpected error has occurred.
[debug] [2023-02-06T18:47:53.029Z] Error: write EIO
    at afterWriteDispatched (node:internal/stream_base_commons:160:15)
    at writeGeneric (node:internal/stream_base_commons:151:3)
    at Socket._writeGeneric (node:net:917:11)
    at Socket._write (node:net:929:8)
    at writeOrBuffer (node:internal/streams/writable:392:12)
    at _write (node:internal/streams/writable:333:10)
    at Writable.write (node:internal/streams/writable:337:10)
    at Console.log (/usr/local/lib/node_modules/firebase-tools/node_modules/winston/lib/winston/transports/console.js:79:23)
    at Console._write (/usr/local/lib/node_modules/firebase-tools/node_modules/winston-transport/index.js:103:17)
    at doWrite (/usr/local/lib/node_modules/firebase-tools/node_modules/winston-transport/node_modules/readable-stream/lib/_stream_writable.js:428:64)
    at writeOrBuffer (/usr/local/lib/node_modules/firebase-tools/node_modules/winston-transport/node_modules/readable-stream/lib/_stream_writable.js:417:5)
    at Writable.write (/usr/local/lib/node_modules/firebase-tools/node_modules/winston-transport/node_modules/readable-stream/lib/_stream_writable.js:334:11)
    at DerivedLogger.ondata (/usr/local/lib/node_modules/firebase-tools/node_modules/readable-stream/lib/_stream_readable.js:681:20)
    at DerivedLogger.emit (node:events:525:35)
    at DerivedLogger.emit (node:domain:489:12)
    at addChunk (/usr/local/lib/node_modules/firebase-tools/node_modules/readable-stream/lib/_stream_readable.js:298:12)
[error] 
[error] Error: An unexpected error has occurred.
[debug] [2023-02-06T18:47:53.030Z] Error: write EIO
    at afterWriteDispatched (node:internal/stream_base_commons:160:15)
    at writeGeneric (node:internal/stream_base_commons:151:3)
    at Socket._writeGeneric (node:net:917:11)
    at Socket._write (node:net:929:8)
    at writeOrBuffer (node:internal/streams/writable:392:12)
    at _write (node:internal/streams/writable:333:10)
    at Writable.write (node:internal/streams/writable:337:10)
    at Console.log (/usr/local/lib/node_modules/firebase-tools/node_modules/winston/lib/winston/transports/console.js:79:23)
    at Console._write (/usr/local/lib/node_modules/firebase-tools/node_modules/winston-transport/index.js:103:17)
    at doWrite (/usr/local/lib/node_modules/firebase-tools/node_modules/winston-transport/node_modules/readable-stream/lib/_stream_writable.js:428:64)
    at writeOrBuffer (/usr/local/lib/node_modules/firebase-tools/node_modules/winston-transport/node_modules/readable-stream/lib/_stream_writable.js:417:5)
    at Writable.write (/usr/local/lib/node_modules/firebase-tools/node_modules/winston-transport/node_modules/readable-stream/lib/_stream_writable.js:334:11)
    at DerivedLogger.ondata (/usr/local/lib/node_modules/firebase-tools/node_modules/readable-stream/lib/_stream_readable.js:681:20)
    at DerivedLogger.emit (node:events:525:35)
    at DerivedLogger.emit (node:domain:489:12)
    at Readable.read (/usr/local/lib/node_modules/firebase-tools/node_modules/readable-stream/lib/_stream_readable.js:483:26)
[error] 
[error] Error: An unexpected error has occurred.
[debug] [2023-02-06T18:47:53.030Z] Error: write EIO
    at afterWriteDispatched (node:internal/stream_base_commons:160:15)
    at writeGeneric (node:internal/stream_base_commons:151:3)
    at Socket._writeGeneric (node:net:917:11)
    at Socket._write (node:net:929:8)
    at writeOrBuffer (node:internal/streams/writable:392:12)
    at _write (node:internal/streams/writable:333:10)
    at Writable.write (node:internal/streams/writable:337:10)
    at Console.log (/usr/local/lib/node_modules/firebase-tools/node_modules/winston/lib/winston/transports/console.js:79:23)
    at Console._write (/usr/local/lib/node_modules/firebase-tools/node_modules/winston-transport/index.js:103:17)
    at doWrite (/usr/local/lib/node_modules/firebase-tools/node_modules/winston-transport/node_modules/readable-stream/lib/_stream_writable.js:428:64)
    at writeOrBuffer (/usr/local/lib/node_modules/firebase-tools/node_modules/winston-transport/node_modules/readable-stream/lib/_stream_writable.js:417:5)
    at Writable.write (/usr/local/lib/node_modules/firebase-tools/node_modules/winston-transport/node_modules/readable-stream/lib/_stream_writable.js:334:11)
    at DerivedLogger.ondata (/usr/local/lib/node_modules/firebase-tools/node_modules/readable-stream/lib/_stream_readable.js:681:20)
    at DerivedLogger.emit (node:events:525:35)
    at DerivedLogger.emit (node:domain:489:12)
    at addChunk (/usr/local/lib/node_modules/firebase-tools/node_modules/readable-stream/lib/_stream_readable.js:298:12)
[error] 
[error] Error: An unexpected error has occurred.
[debug] [2023-02-06T18:47:53.031Z] Error: write EIO
    at afterWriteDispatched (node:internal/stream_base_commons:160:15)
    at writeGeneric (node:internal/stream_base_commons:151:3)
    at Socket._writeGeneric (node:net:917:11)
    at Socket._write (node:net:929:8)
    at writeOrBuffer (node:internal/streams/writable:392:12)
    at _write (node:internal/streams/writable:333:10)
    at Writable.write (node:internal/streams/writable:337:10)
    at Console.log (/usr/local/lib/node_modules/firebase-tools/node_modules/winston/lib/winston/transports/console.js:79:23)
    at Console._write (/usr/local/lib/node_modules/firebase-tools/node_modules/winston-transport/index.js:103:17)
    at doWrite (/usr/local/lib/node_modules/firebase-tools/node_modules/winston-transport/node_modules/readable-stream/lib/_stream_writable.js:428:64)
    at writeOrBuffer (/usr/local/lib/node_modules/firebase-tools/node_modules/winston-transport/node_modules/readable-stream/lib/_stream_writable.js:417:5)
    at Writable.write (/usr/local/lib/node_modules/firebase-tools/node_modules/winston-transport/node_modules/readable-stream/lib/_stream_writable.js:334:11)
    at DerivedLogger.ondata (/usr/local/lib/node_modules/firebase-tools/node_modules/readable-stream/lib/_stream_readable.js:681:20)
    at DerivedLogger.emit (node:events:525:35)
    at DerivedLogger.emit (node:domain:489:12)
    at addChunk (/usr/local/lib/node_modules/firebase-tools/node_modules/readable-stream/lib/_stream_readable.js:298:12)
[error] 
[error] Error: An unexpected error has occurred.
[debug] [2023-02-06T18:47:53.031Z] Error: write EIO
    at afterWriteDispatched (node:internal/stream_base_commons:160:15)
    at writeGeneric (node:internal/stream_base_commons:151:3)
    at Socket._writeGeneric (node:net:917:11)
    at Socket._write (node:net:929:8)
    at writeOrBuffer (node:internal/streams/writable:392:12)
    at _write (node:internal/streams/writable:333:10)
    at Writable.write (node:internal/streams/writable:337:10)
    at Console.log (/usr/local/lib/node_modules/firebase-tools/node_modules/winston/lib/winston/transports/console.js:79:23)
    at Console._write (/usr/local/lib/node_modules/firebase-tools/node_modules/winston-transport/index.js:103:17)
    at doWrite (/usr/local/lib/node_modules/firebase-tools/node_modules/winston-transport/node_modules/readable-stream/lib/_stream_writable.js:428:64)
    at writeOrBuffer (/usr/local/lib/node_modules/firebase-tools/node_modules/winston-transport/node_modules/readable-stream/lib/_stream_writable.js:417:5)
    at Writable.write (/usr/local/lib/node_modules/firebase-tools/node_modules/winston-transport/node_modules/readable-stream/lib/_stream_writable.js:334:11)
    at DerivedLogger.ondata (/usr/local/lib/node_modules/firebase-tools/node_modules/readable-stream/lib/_stream_readable.js:681:20)
    at DerivedLogger.emit (node:events:525:35)
    at DerivedLogger.emit (node:domain:489:12)
    at addChunk (/usr/local/lib/node_modules/firebase-tools/node_modules/readable-stream/lib/_stream_readable.js:298:12)
[error] 
[error] Error: An unexpected error has occurred.
[debug] [2023-02-06T18:47:53.031Z] Error: write EIO
    at afterWriteDispatched (node:internal/stream_base_commons:160:15)
    at writeGeneric (node:internal/stream_base_commons:151:3)
    at Socket._writeGeneric (node:net:917:11)
    at Socket._write (node:net:929:8)
    at writeOrBuffer (node:internal/streams/writable:392:12)
    at _write (node:internal/streams/writable:333:10)
    at Writable.write (node:internal/streams/writable:337:10)
    at Console.log (/usr/local/lib/node_modules/firebase-tools/node_modules/winston/lib/winston/transports/console.js:79:23)
    at Console._write (/usr/local/lib/node_modules/firebase-tools/node_modules/winston-transport/index.js:103:17)
    at doWrite (/usr/local/lib/node_modules/firebase-tools/node_modules/winston-transport/node_modules/readable-stream/lib/_stream_writable.js:428:64)
    at writeOrBuffer (/usr/local/lib/node_modules/firebase-tools/node_modules/winston-transport/node_modules/readable-stream/lib/_stream_writable.js:417:5)
    at Writable.write (/usr/local/lib/node_modules/firebase-tools/node_modules/winston-transport/node_modules/readable-stream/lib/_stream_writable.js:334:11)
    at DerivedLogger.ondata (/usr/local/lib/node_modules/firebase-tools/node_modules/readable-stream/lib/_stream_readable.js:681:20)
    at DerivedLogger.emit (node:events:525:35)
    at DerivedLogger.emit (node:domain:489:12)
    at addChunk (/usr/local/lib/node_modules/firebase-tools/node_modules/readable-stream/lib/_stream_readable.js:298:12)
[error] 
[error] Error: An unexpected error has occurred.
[debug] [2023-02-06T18:47:53.031Z] Error: write EIO
    at afterWriteDispatched (node:internal/stream_base_commons:160:15)
    at writeGeneric (node:internal/stream_base_commons:151:3)
    at Socket._writeGeneric (node:net:917:11)
    at Socket._write (node:net:929:8)
    at writeOrBuffer (node:internal/streams/writable:392:12)
    at _write (node:internal/streams/writable:333:10)
    at Writable.write (node:internal/streams/writable:337:10)
    at Console.log (/usr/local/lib/node_modules/firebase-tools/node_modules/winston/lib/winston/transports/console.js:79:23)
    at Console._write (/usr/local/lib/node_modules/firebase-tools/node_modules/winston-transport/index.js:103:17)
    at doWrite (/usr/local/lib/node_modules/firebase-tools/node_modules/winston-transport/node_modules/readable-stream/lib/_stream_writable.js:428:64)
    at writeOrBuffer (/usr/local/lib/node_modules/firebase-tools/node_modules/winston-transport/node_modules/readable-stream/lib/_stream_writable.js:417:5)
    at Writable.write (/usr/local/lib/node_modules/firebase-tools/node_modules/winston-transport/node_modules/readable-stream/lib/_stream_writable.js:334:11)
    at DerivedLogger.ondata (/usr/local/lib/node_modules/firebase-tools/node_modules/readable-stream/lib/_stream_readable.js:681:20)
    at DerivedLogger.emit (node:events:525:35)
    at DerivedLogger.emit (node:domain:489:12)
    at addChunk (/usr/local/lib/node_modules/firebase-tools/node_modules/readable-stream/lib/_stream_readable.js:298:12)
[error] 
[error] Error: An unexpected error has occurred.
[debug] [2023-02-06T18:47:53.031Z] Error: write EIO
    at afterWriteDispatched (node:internal/stream_base_commons:160:15)
    at writeGeneric (node:internal/stream_base_commons:151:3)
    at Socket._writeGeneric (node:net:917:11)
    at Socket._write (node:net:929:8)
    at writeOrBuffer (node:internal/streams/writable:392:12)
    at _write (node:internal/streams/writable:333:10)
    at Writable.write (node:internal/streams/writable:337:10)
    at Console.log (/usr/local/lib/node_modules/firebase-tools/node_modules/winston/lib/winston/transports/console.js:79:23)
    at Console._write (/usr/local/lib/node_modules/firebase-tools/node_modules/winston-transport/index.js:103:17)
    at doWrite (/usr/local/lib/node_modules/firebase-tools/node_modules/winston-transport/node_modules/readable-stream/lib/_stream_writable.js:428:64)
    at writeOrBuffer (/usr/local/lib/node_modules/firebase-tools/node_modules/winston-transport/node_modules/readable-stream/lib/_stream_writable.js:417:5)
    at Writable.write (/usr/local/lib/node_modules/firebase-tools/node_modules/winston-transport/node_modules/readable-stream/lib/_stream_writable.js:334:11)
    at DerivedLogger.ondata (/usr/local/lib/node_modules/firebase-tools/node_modules/readable-stream/lib/_stream_readable.js:681:20)
    at DerivedLogger.emit (node:events:525:35)
    at DerivedLogger.emit (node:domain:489:12)
    at addChunk (/usr/local/lib/node_modules/firebase-tools/node_modules/readable-stream/lib/_stream_readable.js:298:12)
[error] 
[error] Error: An unexpected error has occurred.
[debug] [2023-02-06T18:47:53.031Z] Error: write EIO
    at afterWriteDispatched (node:internal/stream_base_commons:160:15)
    at writeGeneric (node:internal/stream_base_commons:151:3)
    at Socket._writeGeneric (node:net:917:11)
    at Socket._write (node:net:929:8)
    at writeOrBuffer (node:internal/streams/writable:392:12)
    at _write (node:internal/streams/writable:333:10)
    at Writable.write (node:internal/streams/writable:337:10)
    at Console.log (/usr/local/lib/node_modules/firebase-tools/node_modules/winston/lib/winston/transports/console.js:79:23)
    at Console._write (/usr/local/lib/node_modules/firebase-tools/node_modules/winston-transport/index.js:103:17)
    at doWrite (/usr/local/lib/node_modules/firebase-tools/node_modules/winston-transport/node_modules/readable-stream/lib/_stream_writable.js:428:64)
    at writeOrBuffer (/usr/local/lib/node_modules/firebase-tools/node_modules/winston-transport/node_modules/readable-stream/lib/_stream_writable.js:417:5)
    at Writable.write (/usr/local/lib/node_modules/firebase-tools/node_modules/winston-transport/node_modules/readable-stream/lib/_stream_writable.js:334:11)
    at DerivedLogger.ondata (/usr/local/lib/node_modules/firebase-tools/node_modules/readable-stream/lib/_stream_readable.js:681:20)
    at DerivedLogger.emit (node:events:525:35)
    at DerivedLogger.emit (node:domain:489:12)
    at addChunk (/usr/local/lib/node_modules/firebase-tools/node_modules/readable-stream/lib/_stream_readable.js:298:12)
[error] 
[error] Error: An unexpected error has occurred.
[debug] [2023-02-06T18:47:53.032Z] Error: write EIO
    at afterWriteDispatched (node:internal/stream_base_commons:160:15)
    at writeGeneric (node:internal/stream_base_commons:151:3)
    at Socket._writeGeneric (node:net:917:11)
    at Socket._write (node:net:929:8)
    at writeOrBuffer (node:internal/streams/writable:392:12)
    at _write (node:internal/streams/writable:333:10)
    at Writable.write (node:internal/streams/writable:337:10)
    at Console.log (/usr/local/lib/node_modules/firebase-tools/node_modules/winston/lib/winston/transports/console.js:79:23)
    at Console._write (/usr/local/lib/node_modules/firebase-tools/node_modules/winston-transport/index.js:103:17)
    at doWrite (/usr/local/lib/node_modules/firebase-tools/node_modules/winston-transport/node_modules/readable-stream/lib/_stream_writable.js:428:64)
    at writeOrBuffer (/usr/local/lib/node_modules/firebase-tools/node_modules/winston-transport/node_modules/readable-stream/lib/_stream_writable.js:417:5)
    at Writable.write (/usr/local/lib/node_modules/firebase-tools/node_modules/winston-transport/node_modules/readable-stream/lib/_stream_writable.js:334:11)
    at DerivedLogger.ondata (/usr/local/lib/node_modules/firebase-tools/node_modules/readable-stream/lib/_stream_readable.js:681:20)
    at DerivedLogger.emit (node:events:525:35)
    at DerivedLogger.emit (node:domain:489:12)
    at addChunk (/usr/local/lib/node_modules/firebase-tools/node_modules/readable-stream/lib/_stream_readable.js:298:12)
[error] 
[error] Error: An unexpected error has occurred.
[debug] [2023-02-06T18:47:53.032Z] Error: write EIO
    at afterWriteDispatched (node:internal/stream_base_commons:160:15)
    at writeGeneric (node:internal/stream_base_commons:151:3)
    at Socket._writeGeneric (node:net:917:11)
    at Socket._write (node:net:929:8)
    at writeOrBuffer (node:internal/streams/writable:392:12)
    at _write (node:internal/streams/writable:333:10)
    at Writable.write (node:internal/streams/writable:337:10)
    at Console.log (/usr/local/lib/node_modules/firebase-tools/node_modules/winston/lib/winston/transports/console.js:79:23)
    at Console._write (/usr/local/lib/node_modules/firebase-tools/node_modules/winston-transport/index.js:103:17)
    at doWrite (/usr/local/lib/node_modules/firebase-tools/node_modules/winston-transport/node_modules/readable-stream/lib/_stream_writable.js:428:64)
    at writeOrBuffer (/usr/local/lib/node_modules/firebase-tools/node_modules/winston-transport/node_modules/readable-stream/lib/_stream_writable.js:417:5)
    at Writable.write (/usr/local/lib/node_modules/firebase-tools/node_modules/winston-transport/node_modules/readable-stream/lib/_stream_writable.js:334:11)
    at DerivedLogger.ondata (/usr/local/lib/node_modules/firebase-tools/node_modules/readable-stream/lib/_stream_readable.js:681:20)
    at DerivedLogger.emit (node:events:525:35)
    at DerivedLogger.emit (node:domain:489:12)
    at addChunk (/usr/local/lib/node_modules/firebase-tools/node_modules/readable-stream/lib/_stream_readable.js:298:12)
[error] 
[error] Error: An unexpected error has occurred.
[debug] [2023-02-06T18:47:53.032Z] Error: write EIO
    at afterWriteDispatched (node:internal/stream_base_commons:160:15)
    at writeGeneric (node:internal/stream_base_commons:151:3)
    at Socket._writeGeneric (node:net:917:11)
    at Socket._write (node:net:929:8)
    at writeOrBuffer (node:internal/streams/writable:392:12)
    at _write (node:internal/streams/writable:333:10)
    at Writable.write (node:internal/streams/writable:337:10)
    at Console.log (/usr/local/lib/node_modules/firebase-tools/node_modules/winston/lib/winston/transports/console.js:79:23)
    at Console._write (/usr/local/lib/node_modules/firebase-tools/node_modules/winston-transport/index.js:103:17)
    at doWrite (/usr/local/lib/node_modules/firebase-tools/node_modules/winston-transport/node_modules/readable-stream/lib/_stream_writable.js:428:64)
    at writeOrBuffer (/usr/local/lib/node_modules/firebase-tools/node_modules/winston-transport/node_modules/readable-stream/lib/_stream_writable.js:417:5)
    at Writable.write (/usr/local/lib/node_modules/firebase-tools/node_modules/winston-transport/node_modules/readable-stream/lib/_stream_writable.js:334:11)
    at DerivedLogger.ondata (/usr/local/lib/node_modules/firebase-tools/node_modules/readable-stream/lib/_stream_readable.js:681:20)
    at DerivedLogger.emit (node:events:525:35)
    at DerivedLogger.emit (node:domain:489:12)
    at addChunk (/usr/local/lib/node_modules/firebase-tools/node_modules/readable-stream/lib/_stream_readable.js:298:12)
[error] 
[error] Error: An unexpected error has occurred.
[debug] [2023-02-06T18:47:53.032Z] Error: write EIO
    at afterWriteDispatched (node:internal/stream_base_commons:160:15)
    at writeGeneric (node:internal/stream_base_commons:151:3)
    at Socket._writeGeneric (node:net:917:11)
    at Socket._write (node:net:929:8)
    at writeOrBuffer (node:internal/streams/writable:392:12)
    at _write (node:internal/streams/writable:333:10)
    at Writable.write (node:internal/streams/writable:337:10)
    at Console.log (/usr/local/lib/node_modules/firebase-tools/node_modules/winston/lib/winston/transports/console.js:79:23)
    at Console._write (/usr/local/lib/node_modules/firebase-tools/node_modules/winston-transport/index.js:103:17)
    at doWrite (/usr/local/lib/node_modules/firebase-tools/node_modules/winston-transport/node_modules/readable-stream/lib/_stream_writable.js:428:64)
    at writeOrBuffer (/usr/local/lib/node_modules/firebase-tools/node_modules/winston-transport/node_modules/readable-stream/lib/_stream_writable.js:417:5)
    at Writable.write (/usr/local/lib/node_modules/firebase-tools/node_modules/winston-transport/node_modules/readable-stream/lib/_stream_writable.js:334:11)
    at DerivedLogger.ondata (/usr/local/lib/node_modules/firebase-tools/node_modules/readable-stream/lib/_stream_readable.js:681:20)
    at DerivedLogger.emit (node:events:525:35)
    at DerivedLogger.emit (node:domain:489:12)
    at Readable.read (/usr/local/lib/node_modules/firebase-tools/node_modules/readable-stream/lib/_stream_readable.js:483:26)
[error] 
[error] Error: An unexpected error has occurred.
[debug] [2023-02-06T18:47:53.033Z] Error: write EIO
    at afterWriteDispatched (node:internal/stream_base_commons:160:15)
    at writeGeneric (node:internal/stream_base_commons:151:3)
    at Socket._writeGeneric (node:net:917:11)
    at Socket._write (node:net:929:8)
    at writeOrBuffer (node:internal/streams/writable:392:12)
    at _write (node:internal/streams/writable:333:10)
    at Writable.write (node:internal/streams/writable:337:10)
    at Console.log (/usr/local/lib/node_modules/firebase-tools/node_modules/winston/lib/winston/transports/console.js:79:23)
    at Console._write (/usr/local/lib/node_modules/firebase-tools/node_modules/winston-transport/index.js:103:17)
    at doWrite (/usr/local/lib/node_modules/firebase-tools/node_modules/winston-transport/node_modules/readable-stream/lib/_stream_writable.js:428:64)
    at writeOrBuffer (/usr/local/lib/node_modules/firebase-tools/node_modules/winston-transport/node_modules/readable-stream/lib/_stream_writable.js:417:5)
    at Writable.write (/usr/local/lib/node_modules/firebase-tools/node_modules/winston-transport/node_modules/readable-stream/lib/_stream_writable.js:334:11)
    at DerivedLogger.ondata (/usr/local/lib/node_modules/firebase-tools/node_modules/readable-stream/lib/_stream_readable.js:681:20)
    at DerivedLogger.emit (node:events:525:35)
    at DerivedLogger.emit (node:domain:489:12)
    at addChunk (/usr/local/lib/node_modules/firebase-tools/node_modules/readable-stream/lib/_stream_readable.js:298:12)
[error] 
[error] Error: An unexpected error has occurred.
[debug] [2023-02-06T18:47:53.033Z] Error: write EIO
    at afterWriteDispatched (node:internal/stream_base_commons:160:15)
    at writeGeneric (node:internal/stream_base_commons:151:3)
    at Socket._writeGeneric (node:net:917:11)
    at Socket._write (node:net:929:8)
    at writeOrBuffer (node:internal/streams/writable:392:12)
    at _write (node:internal/streams/writable:333:10)
    at Writable.write (node:internal/streams/writable:337:10)
    at Console.log (/usr/local/lib/node_modules/firebase-tools/node_modules/winston/lib/winston/transports/console.js:79:23)
    at Console._write (/usr/local/lib/node_modules/firebase-tools/node_modules/winston-transport/index.js:103:17)
    at doWrite (/usr/local/lib/node_modules/firebase-tools/node_modules/winston-transport/node_modules/readable-stream/lib/_stream_writable.js:428:64)
    at writeOrBuffer (/usr/local/lib/node_modules/firebase-tools/node_modules/winston-transport/node_modules/readable-stream/lib/_stream_writable.js:417:5)
    at Writable.write (/usr/local/lib/node_modules/firebase-tools/node_modules/winston-transport/node_modules/readable-stream/lib/_stream_writable.js:334:11)
    at DerivedLogger.ondata (/usr/local/lib/node_modules/firebase-tools/node_modules/readable-stream/lib/_stream_readable.js:681:20)
    at DerivedLogger.emit (node:events:525:35)
    at DerivedLogger.emit (node:domain:489:12)
    at addChunk (/usr/local/lib/node_modules/firebase-tools/node_modules/readable-stream/lib/_stream_readable.js:298:12)
[error] 
[error] Error: An unexpected error has occurred.
[debug] [2023-02-06T18:47:53.033Z] Error: write EIO
    at afterWriteDispatched (node:internal/stream_base_commons:160:15)
    at writeGeneric (node:internal/stream_base_commons:151:3)
    at Socket._writeGeneric (node:net:917:11)
    at Socket._write (node:net:929:8)
    at writeOrBuffer (node:internal/streams/writable:392:12)
    at _write (node:internal/streams/writable:333:10)
    at Writable.write (node:internal/streams/writable:337:10)
    at Console.log (/usr/local/lib/node_modules/firebase-tools/node_modules/winston/lib/winston/transports/console.js:79:23)
    at Console._write (/usr/local/lib/node_modules/firebase-tools/node_modules/winston-transport/index.js:103:17)
    at doWrite (/usr/local/lib/node_modules/firebase-tools/node_modules/winston-transport/node_modules/readable-stream/lib/_stream_writable.js:428:64)
    at writeOrBuffer (/usr/local/lib/node_modules/firebase-tools/node_modules/winston-transport/node_modules/readable-stream/lib/_stream_writable.js:417:5)
    at Writable.write (/usr/local/lib/node_modules/firebase-tools/node_modules/winston-transport/node_modules/readable-stream/lib/_stream_writable.js:334:11)
    at DerivedLogger.ondata (/usr/local/lib/node_modules/firebase-tools/node_modules/readable-stream/lib/_stream_readable.js:681:20)
    at DerivedLogger.emit (node:events:525:35)
    at DerivedLogger.emit (node:domain:489:12)
    at addChunk (/usr/local/lib/node_modules/firebase-tools/node_modules/readable-stream/lib/_stream_readable.js:298:12)
[error] 
[error] Error: An unexpected error has occurred.
[debug] [2023-02-06T18:47:53.033Z] Error: write EIO
    at afterWriteDispatched (node:internal/stream_base_commons:160:15)
    at writeGeneric (node:internal/stream_base_commons:151:3)
    at Socket._writeGeneric (node:net:917:11)
    at Socket._write (node:net:929:8)
    at writeOrBuffer (node:internal/streams/writable:392:12)
    at _write (node:internal/streams/writable:333:10)
    at Writable.write (node:internal/streams/writable:337:10)
    at Console.log (/usr/local/lib/node_modules/firebase-tools/node_modules/winston/lib/winston/transports/console.js:79:23)
    at Console._write (/usr/local/lib/node_modules/firebase-tools/node_modules/winston-transport/index.js:103:17)
    at doWrite (/usr/local/lib/node_modules/firebase-tools/node_modules/winston-transport/node_modules/readable-stream/lib/_stream_writable.js:428:64)
    at writeOrBuffer (/usr/local/lib/node_modules/firebase-tools/node_modules/winston-transport/node_modules/readable-stream/lib/_stream_writable.js:417:5)
    at Writable.write (/usr/local/lib/node_modules/firebase-tools/node_modules/winston-transport/node_modules/readable-stream/lib/_stream_writable.js:334:11)
    at DerivedLogger.ondata (/usr/local/lib/node_modules/firebase-tools/node_modules/readable-stream/lib/_stream_readable.js:681:20)
    at DerivedLogger.emit (node:events:525:35)
    at DerivedLogger.emit (node:domain:489:12)
    at addChunk (/usr/local/lib/node_modules/firebase-tools/node_modules/readable-stream/lib/_stream_readable.js:298:12)
[error] 
[error] Error: An unexpected error has occurred.
[debug] [2023-02-06T18:47:53.033Z] Error: write EIO
    at afterWriteDispatched (node:internal/stream_base_commons:160:15)
    at writeGeneric (node:internal/stream_base_commons:151:3)
    at Socket._writeGeneric (node:net:917:11)
    at Socket._write (node:net:929:8)
    at writeOrBuffer (node:internal/streams/writable:392:12)
    at _write (node:internal/streams/writable:333:10)
    at Writable.write (node:internal/streams/writable:337:10)
    at Console.log (/usr/local/lib/node_modules/firebase-tools/node_modules/winston/lib/winston/transports/console.js:79:23)
    at Console._write (/usr/local/lib/node_modules/firebase-tools/node_modules/winston-transport/index.js:103:17)
    at doWrite (/usr/local/lib/node_modules/firebase-tools/node_modules/winston-transport/node_modules/readable-stream/lib/_stream_writable.js:428:64)
    at writeOrBuffer (/usr/local/lib/node_modules/firebase-tools/node_modules/winston-transport/node_modules/readable-stream/lib/_stream_writable.js:417:5)
    at Writable.write (/usr/local/lib/node_modules/firebase-tools/node_modules/winston-transport/node_modules/readable-stream/lib/_stream_writable.js:334:11)
    at DerivedLogger.ondata (/usr/local/lib/node_modules/firebase-tools/node_modules/readable-stream/lib/_stream_readable.js:681:20)
    at DerivedLogger.emit (node:events:525:35)
    at DerivedLogger.emit (node:domain:489:12)
    at addChunk (/usr/local/lib/node_modules/firebase-tools/node_modules/readable-stream/lib/_stream_readable.js:298:12)
[error] 
[error] Error: An unexpected error has occurred.
[debug] [2023-02-06T18:47:53.033Z] Error: write EIO
    at afterWriteDispatched (node:internal/stream_base_commons:160:15)
    at writeGeneric (node:internal/stream_base_commons:151:3)
    at Socket._writeGeneric (node:net:917:11)
    at Socket._write (node:net:929:8)
    at writeOrBuffer (node:internal/streams/writable:392:12)
    at _write (node:internal/streams/writable:333:10)
    at Writable.write (node:internal/streams/writable:337:10)
    at Console.log (/usr/local/lib/node_modules/firebase-tools/node_modules/winston/lib/winston/transports/console.js:79:23)
    at Console._write (/usr/local/lib/node_modules/firebase-tools/node_modules/winston-transport/index.js:103:17)
    at doWrite (/usr/local/lib/node_modules/firebase-tools/node_modules/winston-transport/node_modules/readable-stream/lib/_stream_writable.js:428:64)
    at writeOrBuffer (/usr/local/lib/node_modules/firebase-tools/node_modules/winston-transport/node_modules/readable-stream/lib/_stream_writable.js:417:5)
    at Writable.write (/usr/local/lib/node_modules/firebase-tools/node_modules/winston-transport/node_modules/readable-stream/lib/_stream_writable.js:334:11)
    at DerivedLogger.ondata (/usr/local/lib/node_modules/firebase-tools/node_modules/readable-stream/lib/_stream_readable.js:681:20)
    at DerivedLogger.emit (node:events:525:35)
    at DerivedLogger.emit (node:domain:489:12)
    at addChunk (/usr/local/lib/node_modules/firebase-tools/node_modules/readable-stream/lib/_stream_readable.js:298:12)
[error] 
[error] Error: An unexpected error has occurred.
[debug] [2023-02-06T18:47:53.034Z] Error: write EIO
    at afterWriteDispatched (node:internal/stream_base_commons:160:15)
    at writeGeneric (node:internal/stream_base_commons:151:3)
    at Socket._writeGeneric (node:net:917:11)
    at Socket._write (node:net:929:8)
    at writeOrBuffer (node:internal/streams/writable:392:12)
    at _write (node:internal/streams/writable:333:10)
    at Writable.write (node:internal/streams/writable:337:10)
    at Console.log (/usr/local/lib/node_modules/firebase-tools/node_modules/winston/lib/winston/transports/console.js:79:23)
    at Console._write (/usr/local/lib/node_modules/firebase-tools/node_modules/winston-transport/index.js:103:17)
    at doWrite (/usr/local/lib/node_modules/firebase-tools/node_modules/winston-transport/node_modules/readable-stream/lib/_stream_writable.js:428:64)
    at writeOrBuffer (/usr/local/lib/node_modules/firebase-tools/node_modules/winston-transport/node_modules/readable-stream/lib/_stream_writable.js:417:5)
    at Writable.write (/usr/local/lib/node_modules/firebase-tools/node_modules/winston-transport/node_modules/readable-stream/lib/_stream_writable.js:334:11)
    at DerivedLogger.ondata (/usr/local/lib/node_modules/firebase-tools/node_modules/readable-stream/lib/_stream_readable.js:681:20)
    at DerivedLogger.emit (node:events:525:35)
    at DerivedLogger.emit (node:domain:489:12)
    at addChunk (/usr/local/lib/node_modules/firebase-tools/node_modules/readable-stream/lib/_stream_readable.js:298:12)
[error] 
[error] Error: An unexpected error has occurred.
[debug] [2023-02-06T18:47:53.036Z] Error: write EIO
    at afterWriteDispatched (node:internal/stream_base_commons:160:15)
    at writeGeneric (node:internal/stream_base_commons:151:3)
    at Socket._writeGeneric (node:net:917:11)
    at Socket._write (node:net:929:8)
    at writeOrBuffer (node:internal/streams/writable:392:12)
    at _write (node:internal/streams/writable:333:10)
    at Writable.write (node:internal/streams/writable:337:10)
    at Console.log (/usr/local/lib/node_modules/firebase-tools/node_modules/winston/lib/winston/transports/console.js:79:23)
    at Console._write (/usr/local/lib/node_modules/firebase-tools/node_modules/winston-transport/index.js:103:17)
    at doWrite (/usr/local/lib/node_modules/firebase-tools/node_modules/winston-transport/node_modules/readable-stream/lib/_stream_writable.js:428:64)
    at writeOrBuffer (/usr/local/lib/node_modules/firebase-tools/node_modules/winston-transport/node_modules/readable-stream/lib/_stream_writable.js:417:5)
    at Writable.write (/usr/local/lib/node_modules/firebase-tools/node_modules/winston-transport/node_modules/readable-stream/lib/_stream_writable.js:334:11)
    at DerivedLogger.ondata (/usr/local/lib/node_modules/firebase-tools/node_modules/readable-stream/lib/_stream_readable.js:681:20)
    at DerivedLogger.emit (node:events:525:35)
    at DerivedLogger.emit (node:domain:489:12)
    at addChunk (/usr/local/lib/node_modules/firebase-tools/node_modules/readable-stream/lib/_stream_readable.js:298:12)
[error] 
[error] Error: An unexpected error has occurred.
[debug] [2023-02-06T18:47:53.036Z] Error: write EIO
    at afterWriteDispatched (node:internal/stream_base_commons:160:15)
    at writeGeneric (node:internal/stream_base_commons:151:3)
    at Socket._writeGeneric (node:net:917:11)
    at Socket._write (node:net:929:8)
    at writeOrBuffer (node:internal/streams/writable:392:12)
    at _write (node:internal/streams/writable:333:10)
    at Writable.write (node:internal/streams/writable:337:10)
    at Console.log (/usr/local/lib/node_modules/firebase-tools/node_modules/winston/lib/winston/transports/console.js:79:23)
    at Console._write (/usr/local/lib/node_modules/firebase-tools/node_modules/winston-transport/index.js:103:17)
    at doWrite (/usr/local/lib/node_modules/firebase-tools/node_modules/winston-transport/node_modules/readable-stream/lib/_stream_writable.js:428:64)
    at writeOrBuffer (/usr/local/lib/node_modules/firebase-tools/node_modules/winston-transport/node_modules/readable-stream/lib/_stream_writable.js:417:5)
    at Writable.write (/usr/local/lib/node_modules/firebase-tools/node_modules/winston-transport/node_modules/readable-stream/lib/_stream_writable.js:334:11)
    at DerivedLogger.ondata (/usr/local/lib/node_modules/firebase-tools/node_modules/readable-stream/lib/_stream_readable.js:681:20)
    at DerivedLogger.emit (node:events:525:35)
    at DerivedLogger.emit (node:domain:489:12)
    at addChunk (/usr/local/lib/node_modules/firebase-tools/node_modules/readable-stream/lib/_stream_readable.js:298:12)
[error] 
[error] Error: An unexpected error has occurred.
[debug] [2023-02-06T18:47:53.036Z] Error: write EIO
    at afterWriteDispatched (node:internal/stream_base_commons:160:15)
    at writeGeneric (node:internal/stream_base_commons:151:3)
    at Socket._writeGeneric (node:net:917:11)
    at Socket._write (node:net:929:8)
    at writeOrBuffer (node:internal/streams/writable:392:12)
    at _write (node:internal/streams/writable:333:10)
    at Writable.write (node:internal/streams/writable:337:10)
    at Console.log (/usr/local/lib/node_modules/firebase-tools/node_modules/winston/lib/winston/transports/console.js:79:23)
    at Console._write (/usr/local/lib/node_modules/firebase-tools/node_modules/winston-transport/index.js:103:17)
    at doWrite (/usr/local/lib/node_modules/firebase-tools/node_modules/winston-transport/node_modules/readable-stream/lib/_stream_writable.js:428:64)
    at writeOrBuffer (/usr/local/lib/node_modules/firebase-tools/node_modules/winston-transport/node_modules/readable-stream/lib/_stream_writable.js:417:5)
    at Writable.write (/usr/local/lib/node_modules/firebase-tools/node_modules/winston-transport/node_modules/readable-stream/lib/_stream_writable.js:334:11)
    at DerivedLogger.ondata (/usr/local/lib/node_modules/firebase-tools/node_modules/readable-stream/lib/_stream_readable.js:681:20)
    at DerivedLogger.emit (node:events:525:35)
    at DerivedLogger.emit (node:domain:489:12)
    at addChunk (/usr/local/lib/node_modules/firebase-tools/node_modules/readable-stream/lib/_stream_readable.js:298:12)
[error] 
[error] Error: An unexpected error has occurred.
[debug] [2023-02-06T18:47:53.038Z] Error: write EIO
    at afterWriteDispatched (node:internal/stream_base_commons:160:15)
    at writeGeneric (node:internal/stream_base_commons:151:3)
    at Socket._writeGeneric (node:net:917:11)
    at Socket._write (node:net:929:8)
    at writeOrBuffer (node:internal/streams/writable:392:12)
    at _write (node:internal/streams/writable:333:10)
    at Writable.write (node:internal/streams/writable:337:10)
    at Console.log (/usr/local/lib/node_modules/firebase-tools/node_modules/winston/lib/winston/transports/console.js:79:23)
    at Console._write (/usr/local/lib/node_modules/firebase-tools/node_modules/winston-transport/index.js:103:17)
    at doWrite (/usr/local/lib/node_modules/firebase-tools/node_modules/winston-transport/node_modules/readable-stream/lib/_stream_writable.js:428:64)
    at writeOrBuffer (/usr/local/lib/node_modules/firebase-tools/node_modules/winston-transport/node_modules/readable-stream/lib/_stream_writable.js:417:5)
    at Writable.write (/usr/local/lib/node_modules/firebase-tools/node_modules/winston-transport/node_modules/readable-stream/lib/_stream_writable.js:334:11)
    at DerivedLogger.ondata (/usr/local/lib/node_modules/firebase-tools/node_modules/readable-stream/lib/_stream_readable.js:681:20)
    at DerivedLogger.emit (node:events:525:35)
    at DerivedLogger.emit (node:domain:489:12)
    at Readable.read (/usr/local/lib/node_modules/firebase-tools/node_modules/readable-stream/lib/_stream_readable.js:483:26)
[error] 
[error] Error: An unexpected error has occurred.
[debug] [2023-02-06T18:47:53.038Z] Error: write EIO
    at afterWriteDispatched (node:internal/stream_base_commons:160:15)
    at writeGeneric (node:internal/stream_base_commons:151:3)
    at Socket._writeGeneric (node:net:917:11)
    at Socket._write (node:net:929:8)
    at writeOrBuffer (node:internal/streams/writable:392:12)
    at _write (node:internal/streams/writable:333:10)
    at Writable.write (node:internal/streams/writable:337:10)
    at Console.log (/usr/local/lib/node_modules/firebase-tools/node_modules/winston/lib/winston/transports/console.js:79:23)
    at Console._write (/usr/local/lib/node_modules/firebase-tools/node_modules/winston-transport/index.js:103:17)
    at doWrite (/usr/local/lib/node_modules/firebase-tools/node_modules/winston-transport/node_modules/readable-stream/lib/_stream_writable.js:428:64)
    at writeOrBuffer (/usr/local/lib/node_modules/firebase-tools/node_modules/winston-transport/node_modules/readable-stream/lib/_stream_writable.js:417:5)
    at Writable.write (/usr/local/lib/node_modules/firebase-tools/node_modules/winston-transport/node_modules/readable-stream/lib/_stream_writable.js:334:11)
    at DerivedLogger.ondata (/usr/local/lib/node_modules/firebase-tools/node_modules/readable-stream/lib/_stream_readable.js:681:20)
    at DerivedLogger.emit (node:events:525:35)
    at DerivedLogger.emit (node:domain:489:12)
    at addChunk (/usr/local/lib/node_modules/firebase-tools/node_modules/readable-stream/lib/_stream_readable.js:298:12)
[error] 
[error] Error: An unexpected error has occurred.
[debug] [2023-02-06T18:47:53.038Z] Error: write EIO
    at afterWriteDispatched (node:internal/stream_base_commons:160:15)
    at writeGeneric (node:internal/stream_base_commons:151:3)
    at Socket._writeGeneric (node:net:917:11)
    at Socket._write (node:net:929:8)
    at writeOrBuffer (node:internal/streams/writable:392:12)
    at _write (node:internal/streams/writable:333:10)
    at Writable.write (node:internal/streams/writable:337:10)
    at Console.log (/usr/local/lib/node_modules/firebase-tools/node_modules/winston/lib/winston/transports/console.js:79:23)
    at Console._write (/usr/local/lib/node_modules/firebase-tools/node_modules/winston-transport/index.js:103:17)
    at doWrite (/usr/local/lib/node_modules/firebase-tools/node_modules/winston-transport/node_modules/readable-stream/lib/_stream_writable.js:428:64)
    at writeOrBuffer (/usr/local/lib/node_modules/firebase-tools/node_modules/winston-transport/node_modules/readable-stream/lib/_stream_writable.js:417:5)
    at Writable.write (/usr/local/lib/node_modules/firebase-tools/node_modules/winston-transport/node_modules/readable-stream/lib/_stream_writable.js:334:11)
    at DerivedLogger.ondata (/usr/local/lib/node_modules/firebase-tools/node_modules/readable-stream/lib/_stream_readable.js:681:20)
    at DerivedLogger.emit (node:events:525:35)
    at DerivedLogger.emit (node:domain:489:12)
    at addChunk (/usr/local/lib/node_modules/firebase-tools/node_modules/readable-stream/lib/_stream_readable.js:298:12)
[error] 
[error] Error: An unexpected error has occurred.
[debug] [2023-02-06T18:47:53.038Z] Error: write EIO
    at afterWriteDispatched (node:internal/stream_base_commons:160:15)
    at writeGeneric (node:internal/stream_base_commons:151:3)
    at Socket._writeGeneric (node:net:917:11)
    at Socket._write (node:net:929:8)
    at writeOrBuffer (node:internal/streams/writable:392:12)
    at _write (node:internal/streams/writable:333:10)
    at Writable.write (node:internal/streams/writable:337:10)
    at Console.log (/usr/local/lib/node_modules/firebase-tools/node_modules/winston/lib/winston/transports/console.js:79:23)
    at Console._write (/usr/local/lib/node_modules/firebase-tools/node_modules/winston-transport/index.js:103:17)
    at doWrite (/usr/local/lib/node_modules/firebase-tools/node_modules/winston-transport/node_modules/readable-stream/lib/_stream_writable.js:428:64)
    at writeOrBuffer (/usr/local/lib/node_modules/firebase-tools/node_modules/winston-transport/node_modules/readable-stream/lib/_stream_writable.js:417:5)
    at Writable.write (/usr/local/lib/node_modules/firebase-tools/node_modules/winston-transport/node_modules/readable-stream/lib/_stream_writable.js:334:11)
    at DerivedLogger.ondata (/usr/local/lib/node_modules/firebase-tools/node_modules/readable-stream/lib/_stream_readable.js:681:20)
    at DerivedLogger.emit (node:events:525:35)
    at DerivedLogger.emit (node:domain:489:12)
    at addChunk (/usr/local/lib/node_modules/firebase-tools/node_modules/readable-stream/lib/_stream_readable.js:298:12)
[error] 
[error] Error: An unexpected error has occurred.
[debug] [2023-02-06T18:47:53.038Z] Error: write EIO
    at afterWriteDispatched (node:internal/stream_base_commons:160:15)
    at writeGeneric (node:internal/stream_base_commons:151:3)
    at Socket._writeGeneric (node:net:917:11)
    at Socket._write (node:net:929:8)
    at writeOrBuffer (node:internal/streams/writable:392:12)
    at _write (node:internal/streams/writable:333:10)
    at Writable.write (node:internal/streams/writable:337:10)
    at Console.log (/usr/local/lib/node_modules/firebase-tools/node_modules/winston/lib/winston/transports/console.js:79:23)
    at Console._write (/usr/local/lib/node_modules/firebase-tools/node_modules/winston-transport/index.js:103:17)
    at doWrite (/usr/local/lib/node_modules/firebase-tools/node_modules/winston-transport/node_modules/readable-stream/lib/_stream_writable.js:428:64)
    at writeOrBuffer (/usr/local/lib/node_modules/firebase-tools/node_modules/winston-transport/node_modules/readable-stream/lib/_stream_writable.js:417:5)
    at Writable.write (/usr/local/lib/node_modules/firebase-tools/node_modules/winston-transport/node_modules/readable-stream/lib/_stream_writable.js:334:11)
    at DerivedLogger.ondata (/usr/local/lib/node_modules/firebase-tools/node_modules/readable-stream/lib/_stream_readable.js:681:20)
    at DerivedLogger.emit (node:events:525:35)
    at DerivedLogger.emit (node:domain:489:12)
    at addChunk (/usr/local/lib/node_modules/firebase-tools/node_modules/readable-stream/lib/_stream_readable.js:298:12)
[error] 
[error] Error: An unexpected error has occurred.
[debug] [2023-02-06T18:47:53.039Z] Error: write EIO
    at afterWriteDispatched (node:internal/stream_base_commons:160:15)
    at writeGeneric (node:internal/stream_base_commons:151:3)
    at Socket._writeGeneric (node:net:917:11)
    at Socket._write (node:net:929:8)
    at writeOrBuffer (node:internal/streams/writable:392:12)
    at _write (node:internal/streams/writable:333:10)
    at Writable.write (node:internal/streams/writable:337:10)
    at Console.log (/usr/local/lib/node_modules/firebase-tools/node_modules/winston/lib/winston/transports/console.js:79:23)
    at Console._write (/usr/local/lib/node_modules/firebase-tools/node_modules/winston-transport/index.js:103:17)
    at doWrite (/usr/local/lib/node_modules/firebase-tools/node_modules/winston-transport/node_modules/readable-stream/lib/_stream_writable.js:428:64)
    at writeOrBuffer (/usr/local/lib/node_modules/firebase-tools/node_modules/winston-transport/node_modules/readable-stream/lib/_stream_writable.js:417:5)
    at Writable.write (/usr/local/lib/node_modules/firebase-tools/node_modules/winston-transport/node_modules/readable-stream/lib/_stream_writable.js:334:11)
    at DerivedLogger.ondata (/usr/local/lib/node_modules/firebase-tools/node_modules/readable-stream/lib/_stream_readable.js:681:20)
    at DerivedLogger.emit (node:events:525:35)
    at DerivedLogger.emit (node:domain:489:12)
    at addChunk (/usr/local/lib/node_modules/firebase-tools/node_modules/readable-stream/lib/_stream_readable.js:298:12)
[error] 
[error] Error: An unexpected error has occurred.
[debug] [2023-02-06T18:47:53.039Z] Error: write EIO
    at afterWriteDispatched (node:internal/stream_base_commons:160:15)
    at writeGeneric (node:internal/stream_base_commons:151:3)
    at Socket._writeGeneric (node:net:917:11)
    at Socket._write (node:net:929:8)
    at writeOrBuffer (node:internal/streams/writable:392:12)
    at _write (node:internal/streams/writable:333:10)
    at Writable.write (node:internal/streams/writable:337:10)
    at Console.log (/usr/local/lib/node_modules/firebase-tools/node_modules/winston/lib/winston/transports/console.js:79:23)
    at Console._write (/usr/local/lib/node_modules/firebase-tools/node_modules/winston-transport/index.js:103:17)
    at doWrite (/usr/local/lib/node_modules/firebase-tools/node_modules/winston-transport/node_modules/readable-stream/lib/_stream_writable.js:428:64)
    at writeOrBuffer (/usr/local/lib/node_modules/firebase-tools/node_modules/winston-transport/node_modules/readable-stream/lib/_stream_writable.js:417:5)
    at Writable.write (/usr/local/lib/node_modules/firebase-tools/node_modules/winston-transport/node_modules/readable-stream/lib/_stream_writable.js:334:11)
    at DerivedLogger.ondata (/usr/local/lib/node_modules/firebase-tools/node_modules/readable-stream/lib/_stream_readable.js:681:20)
    at DerivedLogger.emit (node:events:525:35)
    at DerivedLogger.emit (node:domain:489:12)
    at addChunk (/usr/local/lib/node_modules/firebase-tools/node_modules/readable-stream/lib/_stream_readable.js:298:12)
[error] 
[error] Error: An unexpected error has occurred.
[debug] [2023-02-06T18:47:53.039Z] Error: write EIO
    at afterWriteDispatched (node:internal/stream_base_commons:160:15)
    at writeGeneric (node:internal/stream_base_commons:151:3)
    at Socket._writeGeneric (node:net:917:11)
    at Socket._write (node:net:929:8)
    at writeOrBuffer (node:internal/streams/writable:392:12)
    at _write (node:internal/streams/writable:333:10)
    at Writable.write (node:internal/streams/writable:337:10)
    at Console.log (/usr/local/lib/node_modules/firebase-tools/node_modules/winston/lib/winston/transports/console.js:79:23)
    at Console._write (/usr/local/lib/node_modules/firebase-tools/node_modules/winston-transport/index.js:103:17)
    at doWrite (/usr/local/lib/node_modules/firebase-tools/node_modules/winston-transport/node_modules/readable-stream/lib/_stream_writable.js:428:64)
    at writeOrBuffer (/usr/local/lib/node_modules/firebase-tools/node_modules/winston-transport/node_modules/readable-stream/lib/_stream_writable.js:417:5)
    at Writable.write (/usr/local/lib/node_modules/firebase-tools/node_modules/winston-transport/node_modules/readable-stream/lib/_stream_writable.js:334:11)
    at DerivedLogger.ondata (/usr/local/lib/node_modules/firebase-tools/node_modules/readable-stream/lib/_stream_readable.js:681:20)
    at DerivedLogger.emit (node:events:525:35)
    at DerivedLogger.emit (node:domain:489:12)
    at addChunk (/usr/local/lib/node_modules/firebase-tools/node_modules/readable-stream/lib/_stream_readable.js:298:12)
[error] 
[error] Error: An unexpected error has occurred.
[debug] [2023-02-06T18:47:53.039Z] Error: write EIO
    at afterWriteDispatched (node:internal/stream_base_commons:160:15)
    at writeGeneric (node:internal/stream_base_commons:151:3)
    at Socket._writeGeneric (node:net:917:11)
    at Socket._write (node:net:929:8)
    at writeOrBuffer (node:internal/streams/writable:392:12)
    at _write (node:internal/streams/writable:333:10)
    at Writable.write (node:internal/streams/writable:337:10)
    at Console.log (/usr/local/lib/node_modules/firebase-tools/node_modules/winston/lib/winston/transports/console.js:79:23)
    at Console._write (/usr/local/lib/node_modules/firebase-tools/node_modules/winston-transport/index.js:103:17)
    at doWrite (/usr/local/lib/node_modules/firebase-tools/node_modules/winston-transport/node_modules/readable-stream/lib/_stream_writable.js:428:64)
    at writeOrBuffer (/usr/local/lib/node_modules/firebase-tools/node_modules/winston-transport/node_modules/readable-stream/lib/_stream_writable.js:417:5)
    at Writable.write (/usr/local/lib/node_modules/firebase-tools/node_modules/winston-transport/node_modules/readable-stream/lib/_stream_writable.js:334:11)
    at DerivedLogger.ondata (/usr/local/lib/node_modules/firebase-tools/node_modules/readable-stream/lib/_stream_readable.js:681:20)
    at DerivedLogger.emit (node:events:525:35)
    at DerivedLogger.emit (node:domain:489:12)
    at addChunk (/usr/local/lib/node_modules/firebase-tools/node_modules/readable-stream/lib/_stream_readable.js:298:12)
[error] 
[error] Error: An unexpected error has occurred.
[debug] [2023-02-06T18:47:53.039Z] Error: write EIO
    at afterWriteDispatched (node:internal/stream_base_commons:160:15)
    at writeGeneric (node:internal/stream_base_commons:151:3)
    at Socket._writeGeneric (node:net:917:11)
    at Socket._write (node:net:929:8)
    at writeOrBuffer (node:internal/streams/writable:392:12)
    at _write (node:internal/streams/writable:333:10)
    at Writable.write (node:internal/streams/writable:337:10)
    at Console.log (/usr/local/lib/node_modules/firebase-tools/node_modules/winston/lib/winston/transports/console.js:79:23)
    at Console._write (/usr/local/lib/node_modules/firebase-tools/node_modules/winston-transport/index.js:103:17)
    at doWrite (/usr/local/lib/node_modules/firebase-tools/node_modules/winston-transport/node_modules/readable-stream/lib/_stream_writable.js:428:64)
    at writeOrBuffer (/usr/local/lib/node_modules/firebase-tools/node_modules/winston-transport/node_modules/readable-stream/lib/_stream_writable.js:417:5)
    at Writable.write (/usr/local/lib/node_modules/firebase-tools/node_modules/winston-transport/node_modules/readable-stream/lib/_stream_writable.js:334:11)
    at DerivedLogger.ondata (/usr/local/lib/node_modules/firebase-tools/node_modules/readable-stream/lib/_stream_readable.js:681:20)
    at DerivedLogger.emit (node:events:525:35)
    at DerivedLogger.emit (node:domain:489:12)
    at addChunk (/usr/local/lib/node_modules/firebase-tools/node_modules/readable-stream/lib/_stream_readable.js:298:12)
[error] 
[error] Error: An unexpected error has occurred.
[debug] [2023-02-06T18:47:53.039Z] Error: write EIO
    at afterWriteDispatched (node:internal/stream_base_commons:160:15)
    at writeGeneric (node:internal/stream_base_commons:151:3)
    at Socket._writeGeneric (node:net:917:11)
    at Socket._write (node:net:929:8)
    at writeOrBuffer (node:internal/streams/writable:392:12)
    at _write (node:internal/streams/writable:333:10)
    at Writable.write (node:internal/streams/writable:337:10)
    at Console.log (/usr/local/lib/node_modules/firebase-tools/node_modules/winston/lib/winston/transports/console.js:79:23)
    at Console._write (/usr/local/lib/node_modules/firebase-tools/node_modules/winston-transport/index.js:103:17)
    at doWrite (/usr/local/lib/node_modules/firebase-tools/node_modules/winston-transport/node_modules/readable-stream/lib/_stream_writable.js:428:64)
    at writeOrBuffer (/usr/local/lib/node_modules/firebase-tools/node_modules/winston-transport/node_modules/readable-stream/lib/_stream_writable.js:417:5)
    at Writable.write (/usr/local/lib/node_modules/firebase-tools/node_modules/winston-transport/node_modules/readable-stream/lib/_stream_writable.js:334:11)
    at DerivedLogger.ondata (/usr/local/lib/node_modules/firebase-tools/node_modules/readable-stream/lib/_stream_readable.js:681:20)
    at DerivedLogger.emit (node:events:525:35)
    at DerivedLogger.emit (node:domain:489:12)
    at addChunk (/usr/local/lib/node_modules/firebase-tools/node_modules/readable-stream/lib/_stream_readable.js:298:12)
[error] 
[error] Error: An unexpected error has occurred.
[debug] [2023-02-06T18:47:53.040Z] Error: write EIO
    at afterWriteDispatched (node:internal/stream_base_commons:160:15)
    at writeGeneric (node:internal/stream_base_commons:151:3)
    at Socket._writeGeneric (node:net:917:11)
    at Socket._write (node:net:929:8)
    at writeOrBuffer (node:internal/streams/writable:392:12)
    at _write (node:internal/streams/writable:333:10)
    at Writable.write (node:internal/streams/writable:337:10)
    at Console.log (/usr/local/lib/node_modules/firebase-tools/node_modules/winston/lib/winston/transports/console.js:79:23)
    at Console._write (/usr/local/lib/node_modules/firebase-tools/node_modules/winston-transport/index.js:103:17)
    at doWrite (/usr/local/lib/node_modules/firebase-tools/node_modules/winston-transport/node_modules/readable-stream/lib/_stream_writable.js:428:64)
    at writeOrBuffer (/usr/local/lib/node_modules/firebase-tools/node_modules/winston-transport/node_modules/readable-stream/lib/_stream_writable.js:417:5)
    at Writable.write (/usr/local/lib/node_modules/firebase-tools/node_modules/winston-transport/node_modules/readable-stream/lib/_stream_writable.js:334:11)
    at DerivedLogger.ondata (/usr/local/lib/node_modules/firebase-tools/node_modules/readable-stream/lib/_stream_readable.js:681:20)
    at DerivedLogger.emit (node:events:525:35)
    at DerivedLogger.emit (node:domain:489:12)
    at Readable.read (/usr/local/lib/node_modules/firebase-tools/node_modules/readable-stream/lib/_stream_readable.js:483:26)
[error] 
[error] Error: An unexpected error has occurred.
[debug] [2023-02-06T18:47:53.040Z] Error: write EIO
    at afterWriteDispatched (node:internal/stream_base_commons:160:15)
    at writeGeneric (node:internal/stream_base_commons:151:3)
    at Socket._writeGeneric (node:net:917:11)
    at Socket._write (node:net:929:8)
    at writeOrBuffer (node:internal/streams/writable:392:12)
    at _write (node:internal/streams/writable:333:10)
    at Writable.write (node:internal/streams/writable:337:10)
    at Console.log (/usr/local/lib/node_modules/firebase-tools/node_modules/winston/lib/winston/transports/console.js:79:23)
    at Console._write (/usr/local/lib/node_modules/firebase-tools/node_modules/winston-transport/index.js:103:17)
    at doWrite (/usr/local/lib/node_modules/firebase-tools/node_modules/winston-transport/node_modules/readable-stream/lib/_stream_writable.js:428:64)
    at writeOrBuffer (/usr/local/lib/node_modules/firebase-tools/node_modules/winston-transport/node_modules/readable-stream/lib/_stream_writable.js:417:5)
    at Writable.write (/usr/local/lib/node_modules/firebase-tools/node_modules/winston-transport/node_modules/readable-stream/lib/_stream_writable.js:334:11)
    at DerivedLogger.ondata (/usr/local/lib/node_modules/firebase-tools/node_modules/readable-stream/lib/_stream_readable.js:681:20)
    at DerivedLogger.emit (node:events:525:35)
    at DerivedLogger.emit (node:domain:489:12)
    at addChunk (/usr/local/lib/node_modules/firebase-tools/node_modules/readable-stream/lib/_stream_readable.js:298:12)
[error] 
[error] Error: An unexpected error has occurred.
[debug] [2023-02-06T18:47:53.040Z] Error: write EIO
    at afterWriteDispatched (node:internal/stream_base_commons:160:15)
    at writeGeneric (node:internal/stream_base_commons:151:3)
    at Socket._writeGeneric (node:net:917:11)
    at Socket._write (node:net:929:8)
    at writeOrBuffer (node:internal/streams/writable:392:12)
    at _write (node:internal/streams/writable:333:10)
    at Writable.write (node:internal/streams/writable:337:10)
    at Console.log (/usr/local/lib/node_modules/firebase-tools/node_modules/winston/lib/winston/transports/console.js:79:23)
    at Console._write (/usr/local/lib/node_modules/firebase-tools/node_modules/winston-transport/index.js:103:17)
    at doWrite (/usr/local/lib/node_modules/firebase-tools/node_modules/winston-transport/node_modules/readable-stream/lib/_stream_writable.js:428:64)
    at writeOrBuffer (/usr/local/lib/node_modules/firebase-tools/node_modules/winston-transport/node_modules/readable-stream/lib/_stream_writable.js:417:5)
    at Writable.write (/usr/local/lib/node_modules/firebase-tools/node_modules/winston-transport/node_modules/readable-stream/lib/_stream_writable.js:334:11)
    at DerivedLogger.ondata (/usr/local/lib/node_modules/firebase-tools/node_modules/readable-stream/lib/_stream_readable.js:681:20)
    at DerivedLogger.emit (node:events:525:35)
    at DerivedLogger.emit (node:domain:489:12)
    at addChunk (/usr/local/lib/node_modules/firebase-tools/node_modules/readable-stream/lib/_stream_readable.js:298:12)
[error] 
[error] Error: An unexpected error has occurred.
[debug] [2023-02-06T18:47:53.040Z] Error: write EIO
    at afterWriteDispatched (node:internal/stream_base_commons:160:15)
    at writeGeneric (node:internal/stream_base_commons:151:3)
    at Socket._writeGeneric (node:net:917:11)
    at Socket._write (node:net:929:8)
    at writeOrBuffer (node:internal/streams/writable:392:12)
    at _write (node:internal/streams/writable:333:10)
    at Writable.write (node:internal/streams/writable:337:10)
    at Console.log (/usr/local/lib/node_modules/firebase-tools/node_modules/winston/lib/winston/transports/console.js:79:23)
    at Console._write (/usr/local/lib/node_modules/firebase-tools/node_modules/winston-transport/index.js:103:17)
    at doWrite (/usr/local/lib/node_modules/firebase-tools/node_modules/winston-transport/node_modules/readable-stream/lib/_stream_writable.js:428:64)
    at writeOrBuffer (/usr/local/lib/node_modules/firebase-tools/node_modules/winston-transport/node_modules/readable-stream/lib/_stream_writable.js:417:5)
    at Writable.write (/usr/local/lib/node_modules/firebase-tools/node_modules/winston-transport/node_modules/readable-stream/lib/_stream_writable.js:334:11)
    at DerivedLogger.ondata (/usr/local/lib/node_modules/firebase-tools/node_modules/readable-stream/lib/_stream_readable.js:681:20)
    at DerivedLogger.emit (node:events:525:35)
    at DerivedLogger.emit (node:domain:489:12)
    at addChunk (/usr/local/lib/node_modules/firebase-tools/node_modules/readable-stream/lib/_stream_readable.js:298:12)
[error] 
[error] Error: An unexpected error has occurred.
[debug] [2023-02-06T18:47:53.041Z] Error: write EIO
    at afterWriteDispatched (node:internal/stream_base_commons:160:15)
    at writeGeneric (node:internal/stream_base_commons:151:3)
    at Socket._writeGeneric (node:net:917:11)
    at Socket._write (node:net:929:8)
    at writeOrBuffer (node:internal/streams/writable:392:12)
    at _write (node:internal/streams/writable:333:10)
    at Writable.write (node:internal/streams/writable:337:10)
    at Console.log (/usr/local/lib/node_modules/firebase-tools/node_modules/winston/lib/winston/transports/console.js:79:23)
    at Console._write (/usr/local/lib/node_modules/firebase-tools/node_modules/winston-transport/index.js:103:17)
    at doWrite (/usr/local/lib/node_modules/firebase-tools/node_modules/winston-transport/node_modules/readable-stream/lib/_stream_writable.js:428:64)
    at writeOrBuffer (/usr/local/lib/node_modules/firebase-tools/node_modules/winston-transport/node_modules/readable-stream/lib/_stream_writable.js:417:5)
    at Writable.write (/usr/local/lib/node_modules/firebase-tools/node_modules/winston-transport/node_modules/readable-stream/lib/_stream_writable.js:334:11)
    at DerivedLogger.ondata (/usr/local/lib/node_modules/firebase-tools/node_modules/readable-stream/lib/_stream_readable.js:681:20)
    at DerivedLogger.emit (node:events:525:35)
    at DerivedLogger.emit (node:domain:489:12)
    at addChunk (/usr/local/lib/node_modules/firebase-tools/node_modules/readable-stream/lib/_stream_readable.js:298:12)
[error] 
[error] Error: An unexpected error has occurred.
[debug] [2023-02-06T18:47:53.041Z] Error: write EIO
    at afterWriteDispatched (node:internal/stream_base_commons:160:15)
    at writeGeneric (node:internal/stream_base_commons:151:3)
    at Socket._writeGeneric (node:net:917:11)
    at Socket._write (node:net:929:8)
    at writeOrBuffer (node:internal/streams/writable:392:12)
    at _write (node:internal/streams/writable:333:10)
    at Writable.write (node:internal/streams/writable:337:10)
    at Console.log (/usr/local/lib/node_modules/firebase-tools/node_modules/winston/lib/winston/transports/console.js:79:23)
    at Console._write (/usr/local/lib/node_modules/firebase-tools/node_modules/winston-transport/index.js:103:17)
    at doWrite (/usr/local/lib/node_modules/firebase-tools/node_modules/winston-transport/node_modules/readable-stream/lib/_stream_writable.js:428:64)
    at writeOrBuffer (/usr/local/lib/node_modules/firebase-tools/node_modules/winston-transport/node_modules/readable-stream/lib/_stream_writable.js:417:5)
    at Writable.write (/usr/local/lib/node_modules/firebase-tools/node_modules/winston-transport/node_modules/readable-stream/lib/_stream_writable.js:334:11)
    at DerivedLogger.ondata (/usr/local/lib/node_modules/firebase-tools/node_modules/readable-stream/lib/_stream_readable.js:681:20)
    at DerivedLogger.emit (node:events:525:35)
    at DerivedLogger.emit (node:domain:489:12)
    at addChunk (/usr/local/lib/node_modules/firebase-tools/node_modules/readable-stream/lib/_stream_readable.js:298:12)
[error] 
[error] Error: An unexpected error has occurred.
[debug] [2023-02-06T18:47:53.041Z] Error: write EIO
    at afterWriteDispatched (node:internal/stream_base_commons:160:15)
    at writeGeneric (node:internal/stream_base_commons:151:3)
    at Socket._writeGeneric (node:net:917:11)
    at Socket._write (node:net:929:8)
    at writeOrBuffer (node:internal/streams/writable:392:12)
    at _write (node:internal/streams/writable:333:10)
    at Writable.write (node:internal/streams/writable:337:10)
    at Console.log (/usr/local/lib/node_modules/firebase-tools/node_modules/winston/lib/winston/transports/console.js:79:23)
    at Console._write (/usr/local/lib/node_modules/firebase-tools/node_modules/winston-transport/index.js:103:17)
    at doWrite (/usr/local/lib/node_modules/firebase-tools/node_modules/winston-transport/node_modules/readable-stream/lib/_stream_writable.js:428:64)
    at writeOrBuffer (/usr/local/lib/node_modules/firebase-tools/node_modules/winston-transport/node_modules/readable-stream/lib/_stream_writable.js:417:5)
    at Writable.write (/usr/local/lib/node_modules/firebase-tools/node_modules/winston-transport/node_modules/readable-stream/lib/_stream_writable.js:334:11)
    at DerivedLogger.ondata (/usr/local/lib/node_modules/firebase-tools/node_modules/readable-stream/lib/_stream_readable.js:681:20)
    at DerivedLogger.emit (node:events:525:35)
    at DerivedLogger.emit (node:domain:489:12)
    at addChunk (/usr/local/lib/node_modules/firebase-tools/node_modules/readable-stream/lib/_stream_readable.js:298:12)
[error] 
[error] Error: An unexpected error has occurred.
[debug] [2023-02-06T18:47:53.042Z] Error: write EIO
    at afterWriteDispatched (node:internal/stream_base_commons:160:15)
    at writeGeneric (node:internal/stream_base_commons:151:3)
    at Socket._writeGeneric (node:net:917:11)
    at Socket._write (node:net:929:8)
    at writeOrBuffer (node:internal/streams/writable:392:12)
    at _write (node:internal/streams/writable:333:10)
    at Writable.write (node:internal/streams/writable:337:10)
    at Console.log (/usr/local/lib/node_modules/firebase-tools/node_modules/winston/lib/winston/transports/console.js:79:23)
    at Console._write (/usr/local/lib/node_modules/firebase-tools/node_modules/winston-transport/index.js:103:17)
    at doWrite (/usr/local/lib/node_modules/firebase-tools/node_modules/winston-transport/node_modules/readable-stream/lib/_stream_writable.js:428:64)
    at writeOrBuffer (/usr/local/lib/node_modules/firebase-tools/node_modules/winston-transport/node_modules/readable-stream/lib/_stream_writable.js:417:5)
    at Writable.write (/usr/local/lib/node_modules/firebase-tools/node_modules/winston-transport/node_modules/readable-stream/lib/_stream_writable.js:334:11)
    at DerivedLogger.ondata (/usr/local/lib/node_modules/firebase-tools/node_modules/readable-stream/lib/_stream_readable.js:681:20)
    at DerivedLogger.emit (node:events:525:35)
    at DerivedLogger.emit (node:domain:489:12)
    at addChunk (/usr/local/lib/node_modules/firebase-tools/node_modules/readable-stream/lib/_stream_readable.js:298:12)
[error] 
[error] Error: An unexpected error has occurred.
[debug] [2023-02-06T18:47:53.042Z] Error: write EIO
    at afterWriteDispatched (node:internal/stream_base_commons:160:15)
    at writeGeneric (node:internal/stream_base_commons:151:3)
    at Socket._writeGeneric (node:net:917:11)
    at Socket._write (node:net:929:8)
    at writeOrBuffer (node:internal/streams/writable:392:12)
    at _write (node:internal/streams/writable:333:10)
    at Writable.write (node:internal/streams/writable:337:10)
    at Console.log (/usr/local/lib/node_modules/firebase-tools/node_modules/winston/lib/winston/transports/console.js:79:23)
    at Console._write (/usr/local/lib/node_modules/firebase-tools/node_modules/winston-transport/index.js:103:17)
    at doWrite (/usr/local/lib/node_modules/firebase-tools/node_modules/winston-transport/node_modules/readable-stream/lib/_stream_writable.js:428:64)
    at writeOrBuffer (/usr/local/lib/node_modules/firebase-tools/node_modules/winston-transport/node_modules/readable-stream/lib/_stream_writable.js:417:5)
    at Writable.write (/usr/local/lib/node_modules/firebase-tools/node_modules/winston-transport/node_modules/readable-stream/lib/_stream_writable.js:334:11)
    at DerivedLogger.ondata (/usr/local/lib/node_modules/firebase-tools/node_modules/readable-stream/lib/_stream_readable.js:681:20)
    at DerivedLogger.emit (node:events:525:35)
    at DerivedLogger.emit (node:domain:489:12)
    at addChunk (/usr/local/lib/node_modules/firebase-tools/node_modules/readable-stream/lib/_stream_readable.js:298:12)
[error] 
[error] Error: An unexpected error has occurred.
[debug] [2023-02-06T18:47:53.042Z] Error: write EIO
    at afterWriteDispatched (node:internal/stream_base_commons:160:15)
    at writeGeneric (node:internal/stream_base_commons:151:3)
    at Socket._writeGeneric (node:net:917:11)
    at Socket._write (node:net:929:8)
    at writeOrBuffer (node:internal/streams/writable:392:12)
    at _write (node:internal/streams/writable:333:10)
    at Writable.write (node:internal/streams/writable:337:10)
    at Console.log (/usr/local/lib/node_modules/firebase-tools/node_modules/winston/lib/winston/transports/console.js:79:23)
    at Console._write (/usr/local/lib/node_modules/firebase-tools/node_modules/winston-transport/index.js:103:17)
    at doWrite (/usr/local/lib/node_modules/firebase-tools/node_modules/winston-transport/node_modules/readable-stream/lib/_stream_writable.js:428:64)
    at writeOrBuffer (/usr/local/lib/node_modules/firebase-tools/node_modules/winston-transport/node_modules/readable-stream/lib/_stream_writable.js:417:5)
    at Writable.write (/usr/local/lib/node_modules/firebase-tools/node_modules/winston-transport/node_modules/readable-stream/lib/_stream_writable.js:334:11)
    at DerivedLogger.ondata (/usr/local/lib/node_modules/firebase-tools/node_modules/readable-stream/lib/_stream_readable.js:681:20)
    at DerivedLogger.emit (node:events:525:35)
    at DerivedLogger.emit (node:domain:489:12)
    at addChunk (/usr/local/lib/node_modules/firebase-tools/node_modules/readable-stream/lib/_stream_readable.js:298:12)
[error] 
[error] Error: An unexpected error has occurred.
[debug] [2023-02-06T18:47:53.042Z] Error: write EIO
    at afterWriteDispatched (node:internal/stream_base_commons:160:15)
    at writeGeneric (node:internal/stream_base_commons:151:3)
    at Socket._writeGeneric (node:net:917:11)
    at Socket._write (node:net:929:8)
    at writeOrBuffer (node:internal/streams/writable:392:12)
    at _write (node:internal/streams/writable:333:10)
    at Writable.write (node:internal/streams/writable:337:10)
    at Console.log (/usr/local/lib/node_modules/firebase-tools/node_modules/winston/lib/winston/transports/console.js:79:23)
    at Console._write (/usr/local/lib/node_modules/firebase-tools/node_modules/winston-transport/index.js:103:17)
    at doWrite (/usr/local/lib/node_modules/firebase-tools/node_modules/winston-transport/node_modules/readable-stream/lib/_stream_writable.js:428:64)
    at writeOrBuffer (/usr/local/lib/node_modules/firebase-tools/node_modules/winston-transport/node_modules/readable-stream/lib/_stream_writable.js:417:5)
    at Writable.write (/usr/local/lib/node_modules/firebase-tools/node_modules/winston-transport/node_modules/readable-stream/lib/_stream_writable.js:334:11)
    at DerivedLogger.ondata (/usr/local/lib/node_modules/firebase-tools/node_modules/readable-stream/lib/_stream_readable.js:681:20)
    at DerivedLogger.emit (node:events:525:35)
    at DerivedLogger.emit (node:domain:489:12)
    at addChunk (/usr/local/lib/node_modules/firebase-tools/node_modules/readable-stream/lib/_stream_readable.js:298:12)
[error] 
[error] Error: An unexpected error has occurred.
[debug] [2023-02-06T18:47:53.042Z] Error: write EIO
    at afterWriteDispatched (node:internal/stream_base_commons:160:15)
    at writeGeneric (node:internal/stream_base_commons:151:3)
    at Socket._writeGeneric (node:net:917:11)
    at Socket._write (node:net:929:8)
    at writeOrBuffer (node:internal/streams/writable:392:12)
    at _write (node:internal/streams/writable:333:10)
    at Writable.write (node:internal/streams/writable:337:10)
    at Console.log (/usr/local/lib/node_modules/firebase-tools/node_modules/winston/lib/winston/transports/console.js:79:23)
    at Console._write (/usr/local/lib/node_modules/firebase-tools/node_modules/winston-transport/index.js:103:17)
    at doWrite (/usr/local/lib/node_modules/firebase-tools/node_modules/winston-transport/node_modules/readable-stream/lib/_stream_writable.js:428:64)
    at writeOrBuffer (/usr/local/lib/node_modules/firebase-tools/node_modules/winston-transport/node_modules/readable-stream/lib/_stream_writable.js:417:5)
    at Writable.write (/usr/local/lib/node_modules/firebase-tools/node_modules/winston-transport/node_modules/readable-stream/lib/_stream_writable.js:334:11)
    at DerivedLogger.ondata (/usr/local/lib/node_modules/firebase-tools/node_modules/readable-stream/lib/_stream_readable.js:681:20)
    at DerivedLogger.emit (node:events:525:35)
    at DerivedLogger.emit (node:domain:489:12)
    at Readable.read (/usr/local/lib/node_modules/firebase-tools/node_modules/readable-stream/lib/_stream_readable.js:483:26)
[error] 
[error] Error: An unexpected error has occurred.
[debug] [2023-02-06T18:47:53.043Z] Error: write EIO
    at afterWriteDispatched (node:internal/stream_base_commons:160:15)
    at writeGeneric (node:internal/stream_base_commons:151:3)
    at Socket._writeGeneric (node:net:917:11)
    at Socket._write (node:net:929:8)
    at writeOrBuffer (node:internal/streams/writable:392:12)
    at _write (node:internal/streams/writable:333:10)
    at Writable.write (node:internal/streams/writable:337:10)
    at Console.log (/usr/local/lib/node_modules/firebase-tools/node_modules/winston/lib/winston/transports/console.js:79:23)
    at Console._write (/usr/local/lib/node_modules/firebase-tools/node_modules/winston-transport/index.js:103:17)
    at doWrite (/usr/local/lib/node_modules/firebase-tools/node_modules/winston-transport/node_modules/readable-stream/lib/_stream_writable.js:428:64)
    at writeOrBuffer (/usr/local/lib/node_modules/firebase-tools/node_modules/winston-transport/node_modules/readable-stream/lib/_stream_writable.js:417:5)
    at Writable.write (/usr/local/lib/node_modules/firebase-tools/node_modules/winston-transport/node_modules/readable-stream/lib/_stream_writable.js:334:11)
    at DerivedLogger.ondata (/usr/local/lib/node_modules/firebase-tools/node_modules/readable-stream/lib/_stream_readable.js:681:20)
    at DerivedLogger.emit (node:events:525:35)
    at DerivedLogger.emit (node:domain:489:12)
    at addChunk (/usr/local/lib/node_modules/firebase-tools/node_modules/readable-stream/lib/_stream_readable.js:298:12)
[error] 
[error] Error: An unexpected error has occurred.
[debug] [2023-02-06T18:47:53.043Z] Error: write EIO
    at afterWriteDispatched (node:internal/stream_base_commons:160:15)
    at writeGeneric (node:internal/stream_base_commons:151:3)
    at Socket._writeGeneric (node:net:917:11)
    at Socket._write (node:net:929:8)
    at writeOrBuffer (node:internal/streams/writable:392:12)
    at _write (node:internal/streams/writable:333:10)
    at Writable.write (node:internal/streams/writable:337:10)
    at Console.log (/usr/local/lib/node_modules/firebase-tools/node_modules/winston/lib/winston/transports/console.js:79:23)
    at Console._write (/usr/local/lib/node_modules/firebase-tools/node_modules/winston-transport/index.js:103:17)
    at doWrite (/usr/local/lib/node_modules/firebase-tools/node_modules/winston-transport/node_modules/readable-stream/lib/_stream_writable.js:428:64)
    at writeOrBuffer (/usr/local/lib/node_modules/firebase-tools/node_modules/winston-transport/node_modules/readable-stream/lib/_stream_writable.js:417:5)
    at Writable.write (/usr/local/lib/node_modules/firebase-tools/node_modules/winston-transport/node_modules/readable-stream/lib/_stream_writable.js:334:11)
    at DerivedLogger.ondata (/usr/local/lib/node_modules/firebase-tools/node_modules/readable-stream/lib/_stream_readable.js:681:20)
    at DerivedLogger.emit (node:events:525:35)
    at DerivedLogger.emit (node:domain:489:12)
    at addChunk (/usr/local/lib/node_modules/firebase-tools/node_modules/readable-stream/lib/_stream_readable.js:298:12)
[error] 
[error] Error: An unexpected error has occurred.
[debug] [2023-02-06T18:47:53.043Z] Error: write EIO
    at afterWriteDispatched (node:internal/stream_base_commons:160:15)
    at writeGeneric (node:internal/stream_base_commons:151:3)
    at Socket._writeGeneric (node:net:917:11)
    at Socket._write (node:net:929:8)
    at writeOrBuffer (node:internal/streams/writable:392:12)
    at _write (node:internal/streams/writable:333:10)
    at Writable.write (node:internal/streams/writable:337:10)
    at Console.log (/usr/local/lib/node_modules/firebase-tools/node_modules/winston/lib/winston/transports/console.js:79:23)
    at Console._write (/usr/local/lib/node_modules/firebase-tools/node_modules/winston-transport/index.js:103:17)
    at doWrite (/usr/local/lib/node_modules/firebase-tools/node_modules/winston-transport/node_modules/readable-stream/lib/_stream_writable.js:428:64)
    at writeOrBuffer (/usr/local/lib/node_modules/firebase-tools/node_modules/winston-transport/node_modules/readable-stream/lib/_stream_writable.js:417:5)
    at Writable.write (/usr/local/lib/node_modules/firebase-tools/node_modules/winston-transport/node_modules/readable-stream/lib/_stream_writable.js:334:11)
    at DerivedLogger.ondata (/usr/local/lib/node_modules/firebase-tools/node_modules/readable-stream/lib/_stream_readable.js:681:20)
    at DerivedLogger.emit (node:events:525:35)
    at DerivedLogger.emit (node:domain:489:12)
    at addChunk (/usr/local/lib/node_modules/firebase-tools/node_modules/readable-stream/lib/_stream_readable.js:298:12)
[error] 
[error] Error: An unexpected error has occurred.
[debug] [2023-02-06T18:47:53.043Z] Error: write EIO
    at afterWriteDispatched (node:internal/stream_base_commons:160:15)
    at writeGeneric (node:internal/stream_base_commons:151:3)
    at Socket._writeGeneric (node:net:917:11)
    at Socket._write (node:net:929:8)
    at writeOrBuffer (node:internal/streams/writable:392:12)
    at _write (node:internal/streams/writable:333:10)
    at Writable.write (node:internal/streams/writable:337:10)
    at Console.log (/usr/local/lib/node_modules/firebase-tools/node_modules/winston/lib/winston/transports/console.js:79:23)
    at Console._write (/usr/local/lib/node_modules/firebase-tools/node_modules/winston-transport/index.js:103:17)
    at doWrite (/usr/local/lib/node_modules/firebase-tools/node_modules/winston-transport/node_modules/readable-stream/lib/_stream_writable.js:428:64)
    at writeOrBuffer (/usr/local/lib/node_modules/firebase-tools/node_modules/winston-transport/node_modules/readable-stream/lib/_stream_writable.js:417:5)
    at Writable.write (/usr/local/lib/node_modules/firebase-tools/node_modules/winston-transport/node_modules/readable-stream/lib/_stream_writable.js:334:11)
    at DerivedLogger.ondata (/usr/local/lib/node_modules/firebase-tools/node_modules/readable-stream/lib/_stream_readable.js:681:20)
    at DerivedLogger.emit (node:events:525:35)
    at DerivedLogger.emit (node:domain:489:12)
    at addChunk (/usr/local/lib/node_modules/firebase-tools/node_modules/readable-stream/lib/_stream_readable.js:298:12)
[error] 
[error] Error: An unexpected error has occurred.
[debug] [2023-02-06T18:47:53.043Z] Error: write EIO
    at afterWriteDispatched (node:internal/stream_base_commons:160:15)
    at writeGeneric (node:internal/stream_base_commons:151:3)
    at Socket._writeGeneric (node:net:917:11)
    at Socket._write (node:net:929:8)
    at writeOrBuffer (node:internal/streams/writable:392:12)
    at _write (node:internal/streams/writable:333:10)
    at Writable.write (node:internal/streams/writable:337:10)
    at Console.log (/usr/local/lib/node_modules/firebase-tools/node_modules/winston/lib/winston/transports/console.js:79:23)
    at Console._write (/usr/local/lib/node_modules/firebase-tools/node_modules/winston-transport/index.js:103:17)
    at doWrite (/usr/local/lib/node_modules/firebase-tools/node_modules/winston-transport/node_modules/readable-stream/lib/_stream_writable.js:428:64)
    at writeOrBuffer (/usr/local/lib/node_modules/firebase-tools/node_modules/winston-transport/node_modules/readable-stream/lib/_stream_writable.js:417:5)
    at Writable.write (/usr/local/lib/node_modules/firebase-tools/node_modules/winston-transport/node_modules/readable-stream/lib/_stream_writable.js:334:11)
    at DerivedLogger.ondata (/usr/local/lib/node_modules/firebase-tools/node_modules/readable-stream/lib/_stream_readable.js:681:20)
    at DerivedLogger.emit (node:events:525:35)
    at DerivedLogger.emit (node:domain:489:12)
    at addChunk (/usr/local/lib/node_modules/firebase-tools/node_modules/readable-stream/lib/_stream_readable.js:298:12)
[error] 
[error] Error: An unexpected error has occurred.
[debug] [2023-02-06T18:47:53.043Z] Error: write EIO
    at afterWriteDispatched (node:internal/stream_base_commons:160:15)
    at writeGeneric (node:internal/stream_base_commons:151:3)
    at Socket._writeGeneric (node:net:917:11)
    at Socket._write (node:net:929:8)
    at writeOrBuffer (node:internal/streams/writable:392:12)
    at _write (node:internal/streams/writable:333:10)
    at Writable.write (node:internal/streams/writable:337:10)
    at Console.log (/usr/local/lib/node_modules/firebase-tools/node_modules/winston/lib/winston/transports/console.js:79:23)
    at Console._write (/usr/local/lib/node_modules/firebase-tools/node_modules/winston-transport/index.js:103:17)
    at doWrite (/usr/local/lib/node_modules/firebase-tools/node_modules/winston-transport/node_modules/readable-stream/lib/_stream_writable.js:428:64)
    at writeOrBuffer (/usr/local/lib/node_modules/firebase-tools/node_modules/winston-transport/node_modules/readable-stream/lib/_stream_writable.js:417:5)
    at Writable.write (/usr/local/lib/node_modules/firebase-tools/node_modules/winston-transport/node_modules/readable-stream/lib/_stream_writable.js:334:11)
    at DerivedLogger.ondata (/usr/local/lib/node_modules/firebase-tools/node_modules/readable-stream/lib/_stream_readable.js:681:20)
    at DerivedLogger.emit (node:events:525:35)
    at DerivedLogger.emit (node:domain:489:12)
    at addChunk (/usr/local/lib/node_modules/firebase-tools/node_modules/readable-stream/lib/_stream_readable.js:298:12)
[error] 
[error] Error: An unexpected error has occurred.
[debug] [2023-02-06T18:47:53.044Z] Error: write EIO
    at afterWriteDispatched (node:internal/stream_base_commons:160:15)
    at writeGeneric (node:internal/stream_base_commons:151:3)
    at Socket._writeGeneric (node:net:917:11)
    at Socket._write (node:net:929:8)
    at writeOrBuffer (node:internal/streams/writable:392:12)
    at _write (node:internal/streams/writable:333:10)
    at Writable.write (node:internal/streams/writable:337:10)
    at Console.log (/usr/local/lib/node_modules/firebase-tools/node_modules/winston/lib/winston/transports/console.js:79:23)
    at Console._write (/usr/local/lib/node_modules/firebase-tools/node_modules/winston-transport/index.js:103:17)
    at doWrite (/usr/local/lib/node_modules/firebase-tools/node_modules/winston-transport/node_modules/readable-stream/lib/_stream_writable.js:428:64)
    at writeOrBuffer (/usr/local/lib/node_modules/firebase-tools/node_modules/winston-transport/node_modules/readable-stream/lib/_stream_writable.js:417:5)
    at Writable.write (/usr/local/lib/node_modules/firebase-tools/node_modules/winston-transport/node_modules/readable-stream/lib/_stream_writable.js:334:11)
    at DerivedLogger.ondata (/usr/local/lib/node_modules/firebase-tools/node_modules/readable-stream/lib/_stream_readable.js:681:20)
    at DerivedLogger.emit (node:events:525:35)
    at DerivedLogger.emit (node:domain:489:12)
    at addChunk (/usr/local/lib/node_modules/firebase-tools/node_modules/readable-stream/lib/_stream_readable.js:298:12)
[error] 
[error] Error: An unexpected error has occurred.
[debug] [2023-02-06T18:47:53.044Z] Error: write EIO
    at afterWriteDispatched (node:internal/stream_base_commons:160:15)
    at writeGeneric (node:internal/stream_base_commons:151:3)
    at Socket._writeGeneric (node:net:917:11)
    at Socket._write (node:net:929:8)
    at writeOrBuffer (node:internal/streams/writable:392:12)
    at _write (node:internal/streams/writable:333:10)
    at Writable.write (node:internal/streams/writable:337:10)
    at Console.log (/usr/local/lib/node_modules/firebase-tools/node_modules/winston/lib/winston/transports/console.js:79:23)
    at Console._write (/usr/local/lib/node_modules/firebase-tools/node_modules/winston-transport/index.js:103:17)
    at doWrite (/usr/local/lib/node_modules/firebase-tools/node_modules/winston-transport/node_modules/readable-stream/lib/_stream_writable.js:428:64)
    at writeOrBuffer (/usr/local/lib/node_modules/firebase-tools/node_modules/winston-transport/node_modules/readable-stream/lib/_stream_writable.js:417:5)
    at Writable.write (/usr/local/lib/node_modules/firebase-tools/node_modules/winston-transport/node_modules/readable-stream/lib/_stream_writable.js:334:11)
    at DerivedLogger.ondata (/usr/local/lib/node_modules/firebase-tools/node_modules/readable-stream/lib/_stream_readable.js:681:20)
    at DerivedLogger.emit (node:events:525:35)
    at DerivedLogger.emit (node:domain:489:12)
    at addChunk (/usr/local/lib/node_modules/firebase-tools/node_modules/readable-stream/lib/_stream_readable.js:298:12)
[error] 
[error] Error: An unexpected error has occurred.
[debug] [2023-02-06T18:47:53.044Z] Error: write EIO
    at afterWriteDispatched (node:internal/stream_base_commons:160:15)
    at writeGeneric (node:internal/stream_base_commons:151:3)
    at Socket._writeGeneric (node:net:917:11)
    at Socket._write (node:net:929:8)
    at writeOrBuffer (node:internal/streams/writable:392:12)
    at _write (node:internal/streams/writable:333:10)
    at Writable.write (node:internal/streams/writable:337:10)
    at Console.log (/usr/local/lib/node_modules/firebase-tools/node_modules/winston/lib/winston/transports/console.js:79:23)
    at Console._write (/usr/local/lib/node_modules/firebase-tools/node_modules/winston-transport/index.js:103:17)
    at doWrite (/usr/local/lib/node_modules/firebase-tools/node_modules/winston-transport/node_modules/readable-stream/lib/_stream_writable.js:428:64)
    at writeOrBuffer (/usr/local/lib/node_modules/firebase-tools/node_modules/winston-transport/node_modules/readable-stream/lib/_stream_writable.js:417:5)
    at Writable.write (/usr/local/lib/node_modules/firebase-tools/node_modules/winston-transport/node_modules/readable-stream/lib/_stream_writable.js:334:11)
    at DerivedLogger.ondata (/usr/local/lib/node_modules/firebase-tools/node_modules/readable-stream/lib/_stream_readable.js:681:20)
    at DerivedLogger.emit (node:events:525:35)
    at DerivedLogger.emit (node:domain:489:12)
    at addChunk (/usr/local/lib/node_modules/firebase-tools/node_modules/readable-stream/lib/_stream_readable.js:298:12)
[error] 
[error] Error: An unexpected error has occurred.
[debug] [2023-02-06T18:47:53.045Z] Error: write EIO
    at afterWriteDispatched (node:internal/stream_base_commons:160:15)
    at writeGeneric (node:internal/stream_base_commons:151:3)
    at Socket._writeGeneric (node:net:917:11)
    at Socket._write (node:net:929:8)
    at writeOrBuffer (node:internal/streams/writable:392:12)
    at _write (node:internal/streams/writable:333:10)
    at Writable.write (node:internal/streams/writable:337:10)
    at Console.log (/usr/local/lib/node_modules/firebase-tools/node_modules/winston/lib/winston/transports/console.js:79:23)
    at Console._write (/usr/local/lib/node_modules/firebase-tools/node_modules/winston-transport/index.js:103:17)
    at doWrite (/usr/local/lib/node_modules/firebase-tools/node_modules/winston-transport/node_modules/readable-stream/lib/_stream_writable.js:428:64)
    at writeOrBuffer (/usr/local/lib/node_modules/firebase-tools/node_modules/winston-transport/node_modules/readable-stream/lib/_stream_writable.js:417:5)
    at Writable.write (/usr/local/lib/node_modules/firebase-tools/node_modules/winston-transport/node_modules/readable-stream/lib/_stream_writable.js:334:11)
    at DerivedLogger.ondata (/usr/local/lib/node_modules/firebase-tools/node_modules/readable-stream/lib/_stream_readable.js:681:20)
    at DerivedLogger.emit (node:events:525:35)
    at DerivedLogger.emit (node:domain:489:12)
    at addChunk (/usr/local/lib/node_modules/firebase-tools/node_modules/readable-stream/lib/_stream_readable.js:298:12)
[error] 
[error] Error: An unexpected error has occurred.
[debug] [2023-02-06T18:47:53.047Z] Error: write EIO
    at afterWriteDispatched (node:internal/stream_base_commons:160:15)
    at writeGeneric (node:internal/stream_base_commons:151:3)
    at Socket._writeGeneric (node:net:917:11)
    at Socket._write (node:net:929:8)
    at writeOrBuffer (node:internal/streams/writable:392:12)
    at _write (node:internal/streams/writable:333:10)
    at Writable.write (node:internal/streams/writable:337:10)
    at Console.log (/usr/local/lib/node_modules/firebase-tools/node_modules/winston/lib/winston/transports/console.js:79:23)
    at Console._write (/usr/local/lib/node_modules/firebase-tools/node_modules/winston-transport/index.js:103:17)
    at doWrite (/usr/local/lib/node_modules/firebase-tools/node_modules/winston-transport/node_modules/readable-stream/lib/_stream_writable.js:428:64)
    at writeOrBuffer (/usr/local/lib/node_modules/firebase-tools/node_modules/winston-transport/node_modules/readable-stream/lib/_stream_writable.js:417:5)
    at Writable.write (/usr/local/lib/node_modules/firebase-tools/node_modules/winston-transport/node_modules/readable-stream/lib/_stream_writable.js:334:11)
    at DerivedLogger.ondata (/usr/local/lib/node_modules/firebase-tools/node_modules/readable-stream/lib/_stream_readable.js:681:20)
    at DerivedLogger.emit (node:events:525:35)
    at DerivedLogger.emit (node:domain:489:12)
    at Readable.read (/usr/local/lib/node_modules/firebase-tools/node_modules/readable-stream/lib/_stream_readable.js:483:26)
[error] 
[error] Error: An unexpected error has occurred.
[debug] [2023-02-06T18:47:53.047Z] Error: write EIO
    at afterWriteDispatched (node:internal/stream_base_commons:160:15)
    at writeGeneric (node:internal/stream_base_commons:151:3)
    at Socket._writeGeneric (node:net:917:11)
    at Socket._write (node:net:929:8)
    at writeOrBuffer (node:internal/streams/writable:392:12)
    at _write (node:internal/streams/writable:333:10)
    at Writable.write (node:internal/streams/writable:337:10)
    at Console.log (/usr/local/lib/node_modules/firebase-tools/node_modules/winston/lib/winston/transports/console.js:79:23)
    at Console._write (/usr/local/lib/node_modules/firebase-tools/node_modules/winston-transport/index.js:103:17)
    at doWrite (/usr/local/lib/node_modules/firebase-tools/node_modules/winston-transport/node_modules/readable-stream/lib/_stream_writable.js:428:64)
    at writeOrBuffer (/usr/local/lib/node_modules/firebase-tools/node_modules/winston-transport/node_modules/readable-stream/lib/_stream_writable.js:417:5)
    at Writable.write (/usr/local/lib/node_modules/firebase-tools/node_modules/winston-transport/node_modules/readable-stream/lib/_stream_writable.js:334:11)
    at DerivedLogger.ondata (/usr/local/lib/node_modules/firebase-tools/node_modules/readable-stream/lib/_stream_readable.js:681:20)
    at DerivedLogger.emit (node:events:525:35)
    at DerivedLogger.emit (node:domain:489:12)
    at addChunk (/usr/local/lib/node_modules/firebase-tools/node_modules/readable-stream/lib/_stream_readable.js:298:12)
[error] 
[error] Error: An unexpected error has occurred.
[debug] [2023-02-06T18:47:53.047Z] Error: write EIO
    at afterWriteDispatched (node:internal/stream_base_commons:160:15)
    at writeGeneric (node:internal/stream_base_commons:151:3)
    at Socket._writeGeneric (node:net:917:11)
    at Socket._write (node:net:929:8)
    at writeOrBuffer (node:internal/streams/writable:392:12)
    at _write (node:internal/streams/writable:333:10)
    at Writable.write (node:internal/streams/writable:337:10)
    at Console.log (/usr/local/lib/node_modules/firebase-tools/node_modules/winston/lib/winston/transports/console.js:79:23)
    at Console._write (/usr/local/lib/node_modules/firebase-tools/node_modules/winston-transport/index.js:103:17)
    at doWrite (/usr/local/lib/node_modules/firebase-tools/node_modules/winston-transport/node_modules/readable-stream/lib/_stream_writable.js:428:64)
    at writeOrBuffer (/usr/local/lib/node_modules/firebase-tools/node_modules/winston-transport/node_modules/readable-stream/lib/_stream_writable.js:417:5)
    at Writable.write (/usr/local/lib/node_modules/firebase-tools/node_modules/winston-transport/node_modules/readable-stream/lib/_stream_writable.js:334:11)
    at DerivedLogger.ondata (/usr/local/lib/node_modules/firebase-tools/node_modules/readable-stream/lib/_stream_readable.js:681:20)
    at DerivedLogger.emit (node:events:525:35)
    at DerivedLogger.emit (node:domain:489:12)
    at addChunk (/usr/local/lib/node_modules/firebase-tools/node_modules/readable-stream/lib/_stream_readable.js:298:12)
[error] 
[error] Error: An unexpected error has occurred.
[debug] [2023-02-06T18:47:53.048Z] Error: write EIO
    at afterWriteDispatched (node:internal/stream_base_commons:160:15)
    at writeGeneric (node:internal/stream_base_commons:151:3)
    at Socket._writeGeneric (node:net:917:11)
    at Socket._write (node:net:929:8)
    at writeOrBuffer (node:internal/streams/writable:392:12)
    at _write (node:internal/streams/writable:333:10)
    at Writable.write (node:internal/streams/writable:337:10)
    at Console.log (/usr/local/lib/node_modules/firebase-tools/node_modules/winston/lib/winston/transports/console.js:79:23)
    at Console._write (/usr/local/lib/node_modules/firebase-tools/node_modules/winston-transport/index.js:103:17)
    at doWrite (/usr/local/lib/node_modules/firebase-tools/node_modules/winston-transport/node_modules/readable-stream/lib/_stream_writable.js:428:64)
    at writeOrBuffer (/usr/local/lib/node_modules/firebase-tools/node_modules/winston-transport/node_modules/readable-stream/lib/_stream_writable.js:417:5)
    at Writable.write (/usr/local/lib/node_modules/firebase-tools/node_modules/winston-transport/node_modules/readable-stream/lib/_stream_writable.js:334:11)
    at DerivedLogger.ondata (/usr/local/lib/node_modules/firebase-tools/node_modules/readable-stream/lib/_stream_readable.js:681:20)
    at DerivedLogger.emit (node:events:525:35)
    at DerivedLogger.emit (node:domain:489:12)
    at addChunk (/usr/local/lib/node_modules/firebase-tools/node_modules/readable-stream/lib/_stream_readable.js:298:12)
[error] 
[error] Error: An unexpected error has occurred.
[debug] [2023-02-06T18:47:53.048Z] Error: write EIO
    at afterWriteDispatched (node:internal/stream_base_commons:160:15)
    at writeGeneric (node:internal/stream_base_commons:151:3)
    at Socket._writeGeneric (node:net:917:11)
    at Socket._write (node:net:929:8)
    at writeOrBuffer (node:internal/streams/writable:392:12)
    at _write (node:internal/streams/writable:333:10)
    at Writable.write (node:internal/streams/writable:337:10)
    at Console.log (/usr/local/lib/node_modules/firebase-tools/node_modules/winston/lib/winston/transports/console.js:79:23)
    at Console._write (/usr/local/lib/node_modules/firebase-tools/node_modules/winston-transport/index.js:103:17)
    at doWrite (/usr/local/lib/node_modules/firebase-tools/node_modules/winston-transport/node_modules/readable-stream/lib/_stream_writable.js:428:64)
    at writeOrBuffer (/usr/local/lib/node_modules/firebase-tools/node_modules/winston-transport/node_modules/readable-stream/lib/_stream_writable.js:417:5)
    at Writable.write (/usr/local/lib/node_modules/firebase-tools/node_modules/winston-transport/node_modules/readable-stream/lib/_stream_writable.js:334:11)
    at DerivedLogger.ondata (/usr/local/lib/node_modules/firebase-tools/node_modules/readable-stream/lib/_stream_readable.js:681:20)
    at DerivedLogger.emit (node:events:525:35)
    at DerivedLogger.emit (node:domain:489:12)
    at addChunk (/usr/local/lib/node_modules/firebase-tools/node_modules/readable-stream/lib/_stream_readable.js:298:12)
[error] 
[error] Error: An unexpected error has occurred.
[debug] [2023-02-06T18:47:53.048Z] Error: write EIO
    at afterWriteDispatched (node:internal/stream_base_commons:160:15)
    at writeGeneric (node:internal/stream_base_commons:151:3)
    at Socket._writeGeneric (node:net:917:11)
    at Socket._write (node:net:929:8)
    at writeOrBuffer (node:internal/streams/writable:392:12)
    at _write (node:internal/streams/writable:333:10)
    at Writable.write (node:internal/streams/writable:337:10)
    at Console.log (/usr/local/lib/node_modules/firebase-tools/node_modules/winston/lib/winston/transports/console.js:79:23)
    at Console._write (/usr/local/lib/node_modules/firebase-tools/node_modules/winston-transport/index.js:103:17)
    at doWrite (/usr/local/lib/node_modules/firebase-tools/node_modules/winston-transport/node_modules/readable-stream/lib/_stream_writable.js:428:64)
    at writeOrBuffer (/usr/local/lib/node_modules/firebase-tools/node_modules/winston-transport/node_modules/readable-stream/lib/_stream_writable.js:417:5)
    at Writable.write (/usr/local/lib/node_modules/firebase-tools/node_modules/winston-transport/node_modules/readable-stream/lib/_stream_writable.js:334:11)
    at DerivedLogger.ondata (/usr/local/lib/node_modules/firebase-tools/node_modules/readable-stream/lib/_stream_readable.js:681:20)
    at DerivedLogger.emit (node:events:525:35)
    at DerivedLogger.emit (node:domain:489:12)
    at addChunk (/usr/local/lib/node_modules/firebase-tools/node_modules/readable-stream/lib/_stream_readable.js:298:12)
[error] 
[error] Error: An unexpected error has occurred.
[debug] [2023-02-06T18:47:53.048Z] Error: write EIO
    at afterWriteDispatched (node:internal/stream_base_commons:160:15)
    at writeGeneric (node:internal/stream_base_commons:151:3)
    at Socket._writeGeneric (node:net:917:11)
    at Socket._write (node:net:929:8)
    at writeOrBuffer (node:internal/streams/writable:392:12)
    at _write (node:internal/streams/writable:333:10)
    at Writable.write (node:internal/streams/writable:337:10)
    at Console.log (/usr/local/lib/node_modules/firebase-tools/node_modules/winston/lib/winston/transports/console.js:79:23)
    at Console._write (/usr/local/lib/node_modules/firebase-tools/node_modules/winston-transport/index.js:103:17)
    at doWrite (/usr/local/lib/node_modules/firebase-tools/node_modules/winston-transport/node_modules/readable-stream/lib/_stream_writable.js:428:64)
    at writeOrBuffer (/usr/local/lib/node_modules/firebase-tools/node_modules/winston-transport/node_modules/readable-stream/lib/_stream_writable.js:417:5)
    at Writable.write (/usr/local/lib/node_modules/firebase-tools/node_modules/winston-transport/node_modules/readable-stream/lib/_stream_writable.js:334:11)
    at DerivedLogger.ondata (/usr/local/lib/node_modules/firebase-tools/node_modules/readable-stream/lib/_stream_readable.js:681:20)
    at DerivedLogger.emit (node:events:525:35)
    at DerivedLogger.emit (node:domain:489:12)
    at addChunk (/usr/local/lib/node_modules/firebase-tools/node_modules/readable-stream/lib/_stream_readable.js:298:12)
[error] 
[error] Error: An unexpected error has occurred.
[debug] [2023-02-06T18:47:53.049Z] Error: write EIO
    at afterWriteDispatched (node:internal/stream_base_commons:160:15)
    at writeGeneric (node:internal/stream_base_commons:151:3)
    at Socket._writeGeneric (node:net:917:11)
    at Socket._write (node:net:929:8)
    at writeOrBuffer (node:internal/streams/writable:392:12)
    at _write (node:internal/streams/writable:333:10)
    at Writable.write (node:internal/streams/writable:337:10)
    at Console.log (/usr/local/lib/node_modules/firebase-tools/node_modules/winston/lib/winston/transports/console.js:79:23)
    at Console._write (/usr/local/lib/node_modules/firebase-tools/node_modules/winston-transport/index.js:103:17)
    at doWrite (/usr/local/lib/node_modules/firebase-tools/node_modules/winston-transport/node_modules/readable-stream/lib/_stream_writable.js:428:64)
    at writeOrBuffer (/usr/local/lib/node_modules/firebase-tools/node_modules/winston-transport/node_modules/readable-stream/lib/_stream_writable.js:417:5)
    at Writable.write (/usr/local/lib/node_modules/firebase-tools/node_modules/winston-transport/node_modules/readable-stream/lib/_stream_writable.js:334:11)
    at DerivedLogger.ondata (/usr/local/lib/node_modules/firebase-tools/node_modules/readable-stream/lib/_stream_readable.js:681:20)
    at DerivedLogger.emit (node:events:525:35)
    at DerivedLogger.emit (node:domain:489:12)
    at addChunk (/usr/local/lib/node_modules/firebase-tools/node_modules/readable-stream/lib/_stream_readable.js:298:12)
[error] 
[error] Error: An unexpected error has occurred.
[debug] [2023-02-06T18:47:53.049Z] Error: write EIO
    at afterWriteDispatched (node:internal/stream_base_commons:160:15)
    at writeGeneric (node:internal/stream_base_commons:151:3)
    at Socket._writeGeneric (node:net:917:11)
    at Socket._write (node:net:929:8)
    at writeOrBuffer (node:internal/streams/writable:392:12)
    at _write (node:internal/streams/writable:333:10)
    at Writable.write (node:internal/streams/writable:337:10)
    at Console.log (/usr/local/lib/node_modules/firebase-tools/node_modules/winston/lib/winston/transports/console.js:79:23)
    at Console._write (/usr/local/lib/node_modules/firebase-tools/node_modules/winston-transport/index.js:103:17)
    at doWrite (/usr/local/lib/node_modules/firebase-tools/node_modules/winston-transport/node_modules/readable-stream/lib/_stream_writable.js:428:64)
    at writeOrBuffer (/usr/local/lib/node_modules/firebase-tools/node_modules/winston-transport/node_modules/readable-stream/lib/_stream_writable.js:417:5)
    at Writable.write (/usr/local/lib/node_modules/firebase-tools/node_modules/winston-transport/node_modules/readable-stream/lib/_stream_writable.js:334:11)
    at DerivedLogger.ondata (/usr/local/lib/node_modules/firebase-tools/node_modules/readable-stream/lib/_stream_readable.js:681:20)
    at DerivedLogger.emit (node:events:525:35)
    at DerivedLogger.emit (node:domain:489:12)
    at addChunk (/usr/local/lib/node_modules/firebase-tools/node_modules/readable-stream/lib/_stream_readable.js:298:12)
[error] 
[error] Error: An unexpected error has occurred.
[debug] [2023-02-06T18:47:53.049Z] Error: write EIO
    at afterWriteDispatched (node:internal/stream_base_commons:160:15)
    at writeGeneric (node:internal/stream_base_commons:151:3)
    at Socket._writeGeneric (node:net:917:11)
    at Socket._write (node:net:929:8)
    at writeOrBuffer (node:internal/streams/writable:392:12)
    at _write (node:internal/streams/writable:333:10)
    at Writable.write (node:internal/streams/writable:337:10)
    at Console.log (/usr/local/lib/node_modules/firebase-tools/node_modules/winston/lib/winston/transports/console.js:79:23)
    at Console._write (/usr/local/lib/node_modules/firebase-tools/node_modules/winston-transport/index.js:103:17)
    at doWrite (/usr/local/lib/node_modules/firebase-tools/node_modules/winston-transport/node_modules/readable-stream/lib/_stream_writable.js:428:64)
    at writeOrBuffer (/usr/local/lib/node_modules/firebase-tools/node_modules/winston-transport/node_modules/readable-stream/lib/_stream_writable.js:417:5)
    at Writable.write (/usr/local/lib/node_modules/firebase-tools/node_modules/winston-transport/node_modules/readable-stream/lib/_stream_writable.js:334:11)
    at DerivedLogger.ondata (/usr/local/lib/node_modules/firebase-tools/node_modules/readable-stream/lib/_stream_readable.js:681:20)
    at DerivedLogger.emit (node:events:525:35)
    at DerivedLogger.emit (node:domain:489:12)
    at addChunk (/usr/local/lib/node_modules/firebase-tools/node_modules/readable-stream/lib/_stream_readable.js:298:12)
[error] 
[error] Error: An unexpected error has occurred.
[debug] [2023-02-06T18:47:53.049Z] Error: write EIO
    at afterWriteDispatched (node:internal/stream_base_commons:160:15)
    at writeGeneric (node:internal/stream_base_commons:151:3)
    at Socket._writeGeneric (node:net:917:11)
    at Socket._write (node:net:929:8)
    at writeOrBuffer (node:internal/streams/writable:392:12)
    at _write (node:internal/streams/writable:333:10)
    at Writable.write (node:internal/streams/writable:337:10)
    at Console.log (/usr/local/lib/node_modules/firebase-tools/node_modules/winston/lib/winston/transports/console.js:79:23)
    at Console._write (/usr/local/lib/node_modules/firebase-tools/node_modules/winston-transport/index.js:103:17)
    at doWrite (/usr/local/lib/node_modules/firebase-tools/node_modules/winston-transport/node_modules/readable-stream/lib/_stream_writable.js:428:64)
    at writeOrBuffer (/usr/local/lib/node_modules/firebase-tools/node_modules/winston-transport/node_modules/readable-stream/lib/_stream_writable.js:417:5)
    at Writable.write (/usr/local/lib/node_modules/firebase-tools/node_modules/winston-transport/node_modules/readable-stream/lib/_stream_writable.js:334:11)
    at DerivedLogger.ondata (/usr/local/lib/node_modules/firebase-tools/node_modules/readable-stream/lib/_stream_readable.js:681:20)
    at DerivedLogger.emit (node:events:525:35)
    at DerivedLogger.emit (node:domain:489:12)
    at addChunk (/usr/local/lib/node_modules/firebase-tools/node_modules/readable-stream/lib/_stream_readable.js:298:12)
[error] 
[error] Error: An unexpected error has occurred.
[debug] [2023-02-06T18:47:53.050Z] Error: write EIO
    at afterWriteDispatched (node:internal/stream_base_commons:160:15)
    at writeGeneric (node:internal/stream_base_commons:151:3)
    at Socket._writeGeneric (node:net:917:11)
    at Socket._write (node:net:929:8)
    at writeOrBuffer (node:internal/streams/writable:392:12)
    at _write (node:internal/streams/writable:333:10)
    at Writable.write (node:internal/streams/writable:337:10)
    at Console.log (/usr/local/lib/node_modules/firebase-tools/node_modules/winston/lib/winston/transports/console.js:79:23)
    at Console._write (/usr/local/lib/node_modules/firebase-tools/node_modules/winston-transport/index.js:103:17)
    at doWrite (/usr/local/lib/node_modules/firebase-tools/node_modules/winston-transport/node_modules/readable-stream/lib/_stream_writable.js:428:64)
    at writeOrBuffer (/usr/local/lib/node_modules/firebase-tools/node_modules/winston-transport/node_modules/readable-stream/lib/_stream_writable.js:417:5)
    at Writable.write (/usr/local/lib/node_modules/firebase-tools/node_modules/winston-transport/node_modules/readable-stream/lib/_stream_writable.js:334:11)
    at DerivedLogger.ondata (/usr/local/lib/node_modules/firebase-tools/node_modules/readable-stream/lib/_stream_readable.js:681:20)
    at DerivedLogger.emit (node:events:525:35)
    at DerivedLogger.emit (node:domain:489:12)
    at Readable.read (/usr/local/lib/node_modules/firebase-tools/node_modules/readable-stream/lib/_stream_readable.js:483:26)
[error] 
[error] Error: An unexpected error has occurred.
[debug] [2023-02-06T18:47:53.050Z] Error: write EIO
    at afterWriteDispatched (node:internal/stream_base_commons:160:15)
    at writeGeneric (node:internal/stream_base_commons:151:3)
    at Socket._writeGeneric (node:net:917:11)
    at Socket._write (node:net:929:8)
    at writeOrBuffer (node:internal/streams/writable:392:12)
    at _write (node:internal/streams/writable:333:10)
    at Writable.write (node:internal/streams/writable:337:10)
    at Console.log (/usr/local/lib/node_modules/firebase-tools/node_modules/winston/lib/winston/transports/console.js:79:23)
    at Console._write (/usr/local/lib/node_modules/firebase-tools/node_modules/winston-transport/index.js:103:17)
    at doWrite (/usr/local/lib/node_modules/firebase-tools/node_modules/winston-transport/node_modules/readable-stream/lib/_stream_writable.js:428:64)
    at writeOrBuffer (/usr/local/lib/node_modules/firebase-tools/node_modules/winston-transport/node_modules/readable-stream/lib/_stream_writable.js:417:5)
    at Writable.write (/usr/local/lib/node_modules/firebase-tools/node_modules/winston-transport/node_modules/readable-stream/lib/_stream_writable.js:334:11)
    at DerivedLogger.ondata (/usr/local/lib/node_modules/firebase-tools/node_modules/readable-stream/lib/_stream_readable.js:681:20)
    at DerivedLogger.emit (node:events:525:35)
    at DerivedLogger.emit (node:domain:489:12)
    at addChunk (/usr/local/lib/node_modules/firebase-tools/node_modules/readable-stream/lib/_stream_readable.js:298:12)
[error] 
[error] Error: An unexpected error has occurred.
[debug] [2023-02-06T18:47:53.050Z] Error: write EIO
    at afterWriteDispatched (node:internal/stream_base_commons:160:15)
    at writeGeneric (node:internal/stream_base_commons:151:3)
    at Socket._writeGeneric (node:net:917:11)
    at Socket._write (node:net:929:8)
    at writeOrBuffer (node:internal/streams/writable:392:12)
    at _write (node:internal/streams/writable:333:10)
    at Writable.write (node:internal/streams/writable:337:10)
    at Console.log (/usr/local/lib/node_modules/firebase-tools/node_modules/winston/lib/winston/transports/console.js:79:23)
    at Console._write (/usr/local/lib/node_modules/firebase-tools/node_modules/winston-transport/index.js:103:17)
    at doWrite (/usr/local/lib/node_modules/firebase-tools/node_modules/winston-transport/node_modules/readable-stream/lib/_stream_writable.js:428:64)
    at writeOrBuffer (/usr/local/lib/node_modules/firebase-tools/node_modules/winston-transport/node_modules/readable-stream/lib/_stream_writable.js:417:5)
    at Writable.write (/usr/local/lib/node_modules/firebase-tools/node_modules/winston-transport/node_modules/readable-stream/lib/_stream_writable.js:334:11)
    at DerivedLogger.ondata (/usr/local/lib/node_modules/firebase-tools/node_modules/readable-stream/lib/_stream_readable.js:681:20)
    at DerivedLogger.emit (node:events:525:35)
    at DerivedLogger.emit (node:domain:489:12)
    at addChunk (/usr/local/lib/node_modules/firebase-tools/node_modules/readable-stream/lib/_stream_readable.js:298:12)
[error] 
[error] Error: An unexpected error has occurred.
[debug] [2023-02-06T18:47:53.051Z] Error: write EIO
    at afterWriteDispatched (node:internal/stream_base_commons:160:15)
    at writeGeneric (node:internal/stream_base_commons:151:3)
    at Socket._writeGeneric (node:net:917:11)
    at Socket._write (node:net:929:8)
    at writeOrBuffer (node:internal/streams/writable:392:12)
    at _write (node:internal/streams/writable:333:10)
    at Writable.write (node:internal/streams/writable:337:10)
    at Console.log (/usr/local/lib/node_modules/firebase-tools/node_modules/winston/lib/winston/transports/console.js:79:23)
    at Console._write (/usr/local/lib/node_modules/firebase-tools/node_modules/winston-transport/index.js:103:17)
    at doWrite (/usr/local/lib/node_modules/firebase-tools/node_modules/winston-transport/node_modules/readable-stream/lib/_stream_writable.js:428:64)
    at writeOrBuffer (/usr/local/lib/node_modules/firebase-tools/node_modules/winston-transport/node_modules/readable-stream/lib/_stream_writable.js:417:5)
    at Writable.write (/usr/local/lib/node_modules/firebase-tools/node_modules/winston-transport/node_modules/readable-stream/lib/_stream_writable.js:334:11)
    at DerivedLogger.ondata (/usr/local/lib/node_modules/firebase-tools/node_modules/readable-stream/lib/_stream_readable.js:681:20)
    at DerivedLogger.emit (node:events:525:35)
    at DerivedLogger.emit (node:domain:489:12)
    at addChunk (/usr/local/lib/node_modules/firebase-tools/node_modules/readable-stream/lib/_stream_readable.js:298:12)
[error] 
[error] Error: An unexpected error has occurred.
[debug] [2023-02-06T18:47:53.051Z] Error: write EIO
    at afterWriteDispatched (node:internal/stream_base_commons:160:15)
    at writeGeneric (node:internal/stream_base_commons:151:3)
    at Socket._writeGeneric (node:net:917:11)
    at Socket._write (node:net:929:8)
    at writeOrBuffer (node:internal/streams/writable:392:12)
    at _write (node:internal/streams/writable:333:10)
    at Writable.write (node:internal/streams/writable:337:10)
    at Console.log (/usr/local/lib/node_modules/firebase-tools/node_modules/winston/lib/winston/transports/console.js:79:23)
    at Console._write (/usr/local/lib/node_modules/firebase-tools/node_modules/winston-transport/index.js:103:17)
    at doWrite (/usr/local/lib/node_modules/firebase-tools/node_modules/winston-transport/node_modules/readable-stream/lib/_stream_writable.js:428:64)
    at writeOrBuffer (/usr/local/lib/node_modules/firebase-tools/node_modules/winston-transport/node_modules/readable-stream/lib/_stream_writable.js:417:5)
    at Writable.write (/usr/local/lib/node_modules/firebase-tools/node_modules/winston-transport/node_modules/readable-stream/lib/_stream_writable.js:334:11)
    at DerivedLogger.ondata (/usr/local/lib/node_modules/firebase-tools/node_modules/readable-stream/lib/_stream_readable.js:681:20)
    at DerivedLogger.emit (node:events:525:35)
    at DerivedLogger.emit (node:domain:489:12)
    at addChunk (/usr/local/lib/node_modules/firebase-tools/node_modules/readable-stream/lib/_stream_readable.js:298:12)
[error] 
[error] Error: An unexpected error has occurred.
[debug] [2023-02-06T18:47:53.051Z] Error: write EIO
    at afterWriteDispatched (node:internal/stream_base_commons:160:15)
    at writeGeneric (node:internal/stream_base_commons:151:3)
    at Socket._writeGeneric (node:net:917:11)
    at Socket._write (node:net:929:8)
    at writeOrBuffer (node:internal/streams/writable:392:12)
    at _write (node:internal/streams/writable:333:10)
    at Writable.write (node:internal/streams/writable:337:10)
    at Console.log (/usr/local/lib/node_modules/firebase-tools/node_modules/winston/lib/winston/transports/console.js:79:23)
    at Console._write (/usr/local/lib/node_modules/firebase-tools/node_modules/winston-transport/index.js:103:17)
    at doWrite (/usr/local/lib/node_modules/firebase-tools/node_modules/winston-transport/node_modules/readable-stream/lib/_stream_writable.js:428:64)
    at writeOrBuffer (/usr/local/lib/node_modules/firebase-tools/node_modules/winston-transport/node_modules/readable-stream/lib/_stream_writable.js:417:5)
    at Writable.write (/usr/local/lib/node_modules/firebase-tools/node_modules/winston-transport/node_modules/readable-stream/lib/_stream_writable.js:334:11)
    at DerivedLogger.ondata (/usr/local/lib/node_modules/firebase-tools/node_modules/readable-stream/lib/_stream_readable.js:681:20)
    at DerivedLogger.emit (node:events:525:35)
    at DerivedLogger.emit (node:domain:489:12)
    at addChunk (/usr/local/lib/node_modules/firebase-tools/node_modules/readable-stream/lib/_stream_readable.js:298:12)
[error] 
[error] Error: An unexpected error has occurred.
[debug] [2023-02-06T18:47:53.051Z] Error: write EIO
    at afterWriteDispatched (node:internal/stream_base_commons:160:15)
    at writeGeneric (node:internal/stream_base_commons:151:3)
    at Socket._writeGeneric (node:net:917:11)
    at Socket._write (node:net:929:8)
    at writeOrBuffer (node:internal/streams/writable:392:12)
    at _write (node:internal/streams/writable:333:10)
    at Writable.write (node:internal/streams/writable:337:10)
    at Console.log (/usr/local/lib/node_modules/firebase-tools/node_modules/winston/lib/winston/transports/console.js:79:23)
    at Console._write (/usr/local/lib/node_modules/firebase-tools/node_modules/winston-transport/index.js:103:17)
    at doWrite (/usr/local/lib/node_modules/firebase-tools/node_modules/winston-transport/node_modules/readable-stream/lib/_stream_writable.js:428:64)
    at writeOrBuffer (/usr/local/lib/node_modules/firebase-tools/node_modules/winston-transport/node_modules/readable-stream/lib/_stream_writable.js:417:5)
    at Writable.write (/usr/local/lib/node_modules/firebase-tools/node_modules/winston-transport/node_modules/readable-stream/lib/_stream_writable.js:334:11)
    at DerivedLogger.ondata (/usr/local/lib/node_modules/firebase-tools/node_modules/readable-stream/lib/_stream_readable.js:681:20)
    at DerivedLogger.emit (node:events:525:35)
    at DerivedLogger.emit (node:domain:489:12)
    at addChunk (/usr/local/lib/node_modules/firebase-tools/node_modules/readable-stream/lib/_stream_readable.js:298:12)
[error] 
[error] Error: An unexpected error has occurred.
[debug] [2023-02-06T18:47:53.051Z] Error: write EIO
    at afterWriteDispatched (node:internal/stream_base_commons:160:15)
    at writeGeneric (node:internal/stream_base_commons:151:3)
    at Socket._writeGeneric (node:net:917:11)
    at Socket._write (node:net:929:8)
    at writeOrBuffer (node:internal/streams/writable:392:12)
    at _write (node:internal/streams/writable:333:10)
    at Writable.write (node:internal/streams/writable:337:10)
    at Console.log (/usr/local/lib/node_modules/firebase-tools/node_modules/winston/lib/winston/transports/console.js:79:23)
    at Console._write (/usr/local/lib/node_modules/firebase-tools/node_modules/winston-transport/index.js:103:17)
    at doWrite (/usr/local/lib/node_modules/firebase-tools/node_modules/winston-transport/node_modules/readable-stream/lib/_stream_writable.js:428:64)
    at writeOrBuffer (/usr/local/lib/node_modules/firebase-tools/node_modules/winston-transport/node_modules/readable-stream/lib/_stream_writable.js:417:5)
    at Writable.write (/usr/local/lib/node_modules/firebase-tools/node_modules/winston-transport/node_modules/readable-stream/lib/_stream_writable.js:334:11)
    at DerivedLogger.ondata (/usr/local/lib/node_modules/firebase-tools/node_modules/readable-stream/lib/_stream_readable.js:681:20)
    at DerivedLogger.emit (node:events:525:35)
    at DerivedLogger.emit (node:domain:489:12)
    at addChunk (/usr/local/lib/node_modules/firebase-tools/node_modules/readable-stream/lib/_stream_readable.js:298:12)
[error] 
[error] Error: An unexpected error has occurred.
[debug] [2023-02-06T18:47:53.051Z] Error: write EIO
    at afterWriteDispatched (node:internal/stream_base_commons:160:15)
    at writeGeneric (node:internal/stream_base_commons:151:3)
    at Socket._writeGeneric (node:net:917:11)
    at Socket._write (node:net:929:8)
    at writeOrBuffer (node:internal/streams/writable:392:12)
    at _write (node:internal/streams/writable:333:10)
    at Writable.write (node:internal/streams/writable:337:10)
    at Console.log (/usr/local/lib/node_modules/firebase-tools/node_modules/winston/lib/winston/transports/console.js:79:23)
    at Console._write (/usr/local/lib/node_modules/firebase-tools/node_modules/winston-transport/index.js:103:17)
    at doWrite (/usr/local/lib/node_modules/firebase-tools/node_modules/winston-transport/node_modules/readable-stream/lib/_stream_writable.js:428:64)
    at writeOrBuffer (/usr/local/lib/node_modules/firebase-tools/node_modules/winston-transport/node_modules/readable-stream/lib/_stream_writable.js:417:5)
    at Writable.write (/usr/local/lib/node_modules/firebase-tools/node_modules/winston-transport/node_modules/readable-stream/lib/_stream_writable.js:334:11)
    at DerivedLogger.ondata (/usr/local/lib/node_modules/firebase-tools/node_modules/readable-stream/lib/_stream_readable.js:681:20)
    at DerivedLogger.emit (node:events:525:35)
    at DerivedLogger.emit (node:domain:489:12)
    at addChunk (/usr/local/lib/node_modules/firebase-tools/node_modules/readable-stream/lib/_stream_readable.js:298:12)
[error] 
[error] Error: An unexpected error has occurred.
[debug] [2023-02-06T18:47:53.051Z] Error: write EIO
    at afterWriteDispatched (node:internal/stream_base_commons:160:15)
    at writeGeneric (node:internal/stream_base_commons:151:3)
    at Socket._writeGeneric (node:net:917:11)
    at Socket._write (node:net:929:8)
    at writeOrBuffer (node:internal/streams/writable:392:12)
    at _write (node:internal/streams/writable:333:10)
    at Writable.write (node:internal/streams/writable:337:10)
    at Console.log (/usr/local/lib/node_modules/firebase-tools/node_modules/winston/lib/winston/transports/console.js:79:23)
    at Console._write (/usr/local/lib/node_modules/firebase-tools/node_modules/winston-transport/index.js:103:17)
    at doWrite (/usr/local/lib/node_modules/firebase-tools/node_modules/winston-transport/node_modules/readable-stream/lib/_stream_writable.js:428:64)
    at writeOrBuffer (/usr/local/lib/node_modules/firebase-tools/node_modules/winston-transport/node_modules/readable-stream/lib/_stream_writable.js:417:5)
    at Writable.write (/usr/local/lib/node_modules/firebase-tools/node_modules/winston-transport/node_modules/readable-stream/lib/_stream_writable.js:334:11)
    at DerivedLogger.ondata (/usr/local/lib/node_modules/firebase-tools/node_modules/readable-stream/lib/_stream_readable.js:681:20)
    at DerivedLogger.emit (node:events:525:35)
    at DerivedLogger.emit (node:domain:489:12)
    at addChunk (/usr/local/lib/node_modules/firebase-tools/node_modules/readable-stream/lib/_stream_readable.js:298:12)
[error] 
[error] Error: An unexpected error has occurred.
[debug] [2023-02-06T18:47:53.052Z] Error: write EIO
    at afterWriteDispatched (node:internal/stream_base_commons:160:15)
    at writeGeneric (node:internal/stream_base_commons:151:3)
    at Socket._writeGeneric (node:net:917:11)
    at Socket._write (node:net:929:8)
    at writeOrBuffer (node:internal/streams/writable:392:12)
    at _write (node:internal/streams/writable:333:10)
    at Writable.write (node:internal/streams/writable:337:10)
    at Console.log (/usr/local/lib/node_modules/firebase-tools/node_modules/winston/lib/winston/transports/console.js:79:23)
    at Console._write (/usr/local/lib/node_modules/firebase-tools/node_modules/winston-transport/index.js:103:17)
    at doWrite (/usr/local/lib/node_modules/firebase-tools/node_modules/winston-transport/node_modules/readable-stream/lib/_stream_writable.js:428:64)
    at writeOrBuffer (/usr/local/lib/node_modules/firebase-tools/node_modules/winston-transport/node_modules/readable-stream/lib/_stream_writable.js:417:5)
    at Writable.write (/usr/local/lib/node_modules/firebase-tools/node_modules/winston-transport/node_modules/readable-stream/lib/_stream_writable.js:334:11)
    at DerivedLogger.ondata (/usr/local/lib/node_modules/firebase-tools/node_modules/readable-stream/lib/_stream_readable.js:681:20)
    at DerivedLogger.emit (node:events:525:35)
    at DerivedLogger.emit (node:domain:489:12)
    at addChunk (/usr/local/lib/node_modules/firebase-tools/node_modules/readable-stream/lib/_stream_readable.js:298:12)
[error] 
[error] Error: An unexpected error has occurred.
[debug] [2023-02-06T18:47:53.052Z] Error: write EIO
    at afterWriteDispatched (node:internal/stream_base_commons:160:15)
    at writeGeneric (node:internal/stream_base_commons:151:3)
    at Socket._writeGeneric (node:net:917:11)
    at Socket._write (node:net:929:8)
    at writeOrBuffer (node:internal/streams/writable:392:12)
    at _write (node:internal/streams/writable:333:10)
    at Writable.write (node:internal/streams/writable:337:10)
    at Console.log (/usr/local/lib/node_modules/firebase-tools/node_modules/winston/lib/winston/transports/console.js:79:23)
    at Console._write (/usr/local/lib/node_modules/firebase-tools/node_modules/winston-transport/index.js:103:17)
    at doWrite (/usr/local/lib/node_modules/firebase-tools/node_modules/winston-transport/node_modules/readable-stream/lib/_stream_writable.js:428:64)
    at writeOrBuffer (/usr/local/lib/node_modules/firebase-tools/node_modules/winston-transport/node_modules/readable-stream/lib/_stream_writable.js:417:5)
    at Writable.write (/usr/local/lib/node_modules/firebase-tools/node_modules/winston-transport/node_modules/readable-stream/lib/_stream_writable.js:334:11)
    at DerivedLogger.ondata (/usr/local/lib/node_modules/firebase-tools/node_modules/readable-stream/lib/_stream_readable.js:681:20)
    at DerivedLogger.emit (node:events:525:35)
    at DerivedLogger.emit (node:domain:489:12)
    at Readable.read (/usr/local/lib/node_modules/firebase-tools/node_modules/readable-stream/lib/_stream_readable.js:483:26)
[error] 
[error] Error: An unexpected error has occurred.
[debug] [2023-02-06T18:47:53.052Z] Error: write EIO
    at afterWriteDispatched (node:internal/stream_base_commons:160:15)
    at writeGeneric (node:internal/stream_base_commons:151:3)
    at Socket._writeGeneric (node:net:917:11)
    at Socket._write (node:net:929:8)
    at writeOrBuffer (node:internal/streams/writable:392:12)
    at _write (node:internal/streams/writable:333:10)
    at Writable.write (node:internal/streams/writable:337:10)
    at Console.log (/usr/local/lib/node_modules/firebase-tools/node_modules/winston/lib/winston/transports/console.js:79:23)
    at Console._write (/usr/local/lib/node_modules/firebase-tools/node_modules/winston-transport/index.js:103:17)
    at doWrite (/usr/local/lib/node_modules/firebase-tools/node_modules/winston-transport/node_modules/readable-stream/lib/_stream_writable.js:428:64)
    at writeOrBuffer (/usr/local/lib/node_modules/firebase-tools/node_modules/winston-transport/node_modules/readable-stream/lib/_stream_writable.js:417:5)
    at Writable.write (/usr/local/lib/node_modules/firebase-tools/node_modules/winston-transport/node_modules/readable-stream/lib/_stream_writable.js:334:11)
    at DerivedLogger.ondata (/usr/local/lib/node_modules/firebase-tools/node_modules/readable-stream/lib/_stream_readable.js:681:20)
    at DerivedLogger.emit (node:events:525:35)
    at DerivedLogger.emit (node:domain:489:12)
    at addChunk (/usr/local/lib/node_modules/firebase-tools/node_modules/readable-stream/lib/_stream_readable.js:298:12)
[error] 
[error] Error: An unexpected error has occurred.
[debug] [2023-02-06T18:47:53.053Z] Error: write EIO
    at afterWriteDispatched (node:internal/stream_base_commons:160:15)
    at writeGeneric (node:internal/stream_base_commons:151:3)
    at Socket._writeGeneric (node:net:917:11)
    at Socket._write (node:net:929:8)
    at writeOrBuffer (node:internal/streams/writable:392:12)
    at _write (node:internal/streams/writable:333:10)
    at Writable.write (node:internal/streams/writable:337:10)
    at Console.log (/usr/local/lib/node_modules/firebase-tools/node_modules/winston/lib/winston/transports/console.js:79:23)
    at Console._write (/usr/local/lib/node_modules/firebase-tools/node_modules/winston-transport/index.js:103:17)
    at doWrite (/usr/local/lib/node_modules/firebase-tools/node_modules/winston-transport/node_modules/readable-stream/lib/_stream_writable.js:428:64)
    at writeOrBuffer (/usr/local/lib/node_modules/firebase-tools/node_modules/winston-transport/node_modules/readable-stream/lib/_stream_writable.js:417:5)
    at Writable.write (/usr/local/lib/node_modules/firebase-tools/node_modules/winston-transport/node_modules/readable-stream/lib/_stream_writable.js:334:11)
    at DerivedLogger.ondata (/usr/local/lib/node_modules/firebase-tools/node_modules/readable-stream/lib/_stream_readable.js:681:20)
    at DerivedLogger.emit (node:events:525:35)
    at DerivedLogger.emit (node:domain:489:12)
    at addChunk (/usr/local/lib/node_modules/firebase-tools/node_modules/readable-stream/lib/_stream_readable.js:298:12)
[error] 
[error] Error: An unexpected error has occurred.
[debug] [2023-02-06T18:47:53.053Z] Error: write EIO
    at afterWriteDispatched (node:internal/stream_base_commons:160:15)
    at writeGeneric (node:internal/stream_base_commons:151:3)
    at Socket._writeGeneric (node:net:917:11)
    at Socket._write (node:net:929:8)
    at writeOrBuffer (node:internal/streams/writable:392:12)
    at _write (node:internal/streams/writable:333:10)
    at Writable.write (node:internal/streams/writable:337:10)
    at Console.log (/usr/local/lib/node_modules/firebase-tools/node_modules/winston/lib/winston/transports/console.js:79:23)
    at Console._write (/usr/local/lib/node_modules/firebase-tools/node_modules/winston-transport/index.js:103:17)
    at doWrite (/usr/local/lib/node_modules/firebase-tools/node_modules/winston-transport/node_modules/readable-stream/lib/_stream_writable.js:428:64)
    at writeOrBuffer (/usr/local/lib/node_modules/firebase-tools/node_modules/winston-transport/node_modules/readable-stream/lib/_stream_writable.js:417:5)
    at Writable.write (/usr/local/lib/node_modules/firebase-tools/node_modules/winston-transport/node_modules/readable-stream/lib/_stream_writable.js:334:11)
    at DerivedLogger.ondata (/usr/local/lib/node_modules/firebase-tools/node_modules/readable-stream/lib/_stream_readable.js:681:20)
    at DerivedLogger.emit (node:events:525:35)
    at DerivedLogger.emit (node:domain:489:12)
    at addChunk (/usr/local/lib/node_modules/firebase-tools/node_modules/readable-stream/lib/_stream_readable.js:298:12)
[error] 
[error] Error: An unexpected error has occurred.
[debug] [2023-02-06T18:47:53.053Z] Error: write EIO
    at afterWriteDispatched (node:internal/stream_base_commons:160:15)
    at writeGeneric (node:internal/stream_base_commons:151:3)
    at Socket._writeGeneric (node:net:917:11)
    at Socket._write (node:net:929:8)
    at writeOrBuffer (node:internal/streams/writable:392:12)
    at _write (node:internal/streams/writable:333:10)
    at Writable.write (node:internal/streams/writable:337:10)
    at Console.log (/usr/local/lib/node_modules/firebase-tools/node_modules/winston/lib/winston/transports/console.js:79:23)
    at Console._write (/usr/local/lib/node_modules/firebase-tools/node_modules/winston-transport/index.js:103:17)
    at doWrite (/usr/local/lib/node_modules/firebase-tools/node_modules/winston-transport/node_modules/readable-stream/lib/_stream_writable.js:428:64)
    at writeOrBuffer (/usr/local/lib/node_modules/firebase-tools/node_modules/winston-transport/node_modules/readable-stream/lib/_stream_writable.js:417:5)
    at Writable.write (/usr/local/lib/node_modules/firebase-tools/node_modules/winston-transport/node_modules/readable-stream/lib/_stream_writable.js:334:11)
    at DerivedLogger.ondata (/usr/local/lib/node_modules/firebase-tools/node_modules/readable-stream/lib/_stream_readable.js:681:20)
    at DerivedLogger.emit (node:events:525:35)
    at DerivedLogger.emit (node:domain:489:12)
    at addChunk (/usr/local/lib/node_modules/firebase-tools/node_modules/readable-stream/lib/_stream_readable.js:298:12)
[error] 
[error] Error: An unexpected error has occurred.
[debug] [2023-02-06T18:47:53.053Z] Error: write EIO
    at afterWriteDispatched (node:internal/stream_base_commons:160:15)
    at writeGeneric (node:internal/stream_base_commons:151:3)
    at Socket._writeGeneric (node:net:917:11)
    at Socket._write (node:net:929:8)
    at writeOrBuffer (node:internal/streams/writable:392:12)
    at _write (node:internal/streams/writable:333:10)
    at Writable.write (node:internal/streams/writable:337:10)
    at Console.log (/usr/local/lib/node_modules/firebase-tools/node_modules/winston/lib/winston/transports/console.js:79:23)
    at Console._write (/usr/local/lib/node_modules/firebase-tools/node_modules/winston-transport/index.js:103:17)
    at doWrite (/usr/local/lib/node_modules/firebase-tools/node_modules/winston-transport/node_modules/readable-stream/lib/_stream_writable.js:428:64)
    at writeOrBuffer (/usr/local/lib/node_modules/firebase-tools/node_modules/winston-transport/node_modules/readable-stream/lib/_stream_writable.js:417:5)
    at Writable.write (/usr/local/lib/node_modules/firebase-tools/node_modules/winston-transport/node_modules/readable-stream/lib/_stream_writable.js:334:11)
    at DerivedLogger.ondata (/usr/local/lib/node_modules/firebase-tools/node_modules/readable-stream/lib/_stream_readable.js:681:20)
    at DerivedLogger.emit (node:events:525:35)
    at DerivedLogger.emit (node:domain:489:12)
    at addChunk (/usr/local/lib/node_modules/firebase-tools/node_modules/readable-stream/lib/_stream_readable.js:298:12)
[error] 
[error] Error: An unexpected error has occurred.
[debug] [2023-02-06T18:47:53.053Z] Error: write EIO
    at afterWriteDispatched (node:internal/stream_base_commons:160:15)
    at writeGeneric (node:internal/stream_base_commons:151:3)
    at Socket._writeGeneric (node:net:917:11)
    at Socket._write (node:net:929:8)
    at writeOrBuffer (node:internal/streams/writable:392:12)
    at _write (node:internal/streams/writable:333:10)
    at Writable.write (node:internal/streams/writable:337:10)
    at Console.log (/usr/local/lib/node_modules/firebase-tools/node_modules/winston/lib/winston/transports/console.js:79:23)
    at Console._write (/usr/local/lib/node_modules/firebase-tools/node_modules/winston-transport/index.js:103:17)
    at doWrite (/usr/local/lib/node_modules/firebase-tools/node_modules/winston-transport/node_modules/readable-stream/lib/_stream_writable.js:428:64)
    at writeOrBuffer (/usr/local/lib/node_modules/firebase-tools/node_modules/winston-transport/node_modules/readable-stream/lib/_stream_writable.js:417:5)
    at Writable.write (/usr/local/lib/node_modules/firebase-tools/node_modules/winston-transport/node_modules/readable-stream/lib/_stream_writable.js:334:11)
    at DerivedLogger.ondata (/usr/local/lib/node_modules/firebase-tools/node_modules/readable-stream/lib/_stream_readable.js:681:20)
    at DerivedLogger.emit (node:events:525:35)
    at DerivedLogger.emit (node:domain:489:12)
    at addChunk (/usr/local/lib/node_modules/firebase-tools/node_modules/readable-stream/lib/_stream_readable.js:298:12)
[error] 
[error] Error: An unexpected error has occurred.
[debug] [2023-02-06T18:47:53.053Z] Error: write EIO
    at afterWriteDispatched (node:internal/stream_base_commons:160:15)
    at writeGeneric (node:internal/stream_base_commons:151:3)
    at Socket._writeGeneric (node:net:917:11)
    at Socket._write (node:net:929:8)
    at writeOrBuffer (node:internal/streams/writable:392:12)
    at _write (node:internal/streams/writable:333:10)
    at Writable.write (node:internal/streams/writable:337:10)
    at Console.log (/usr/local/lib/node_modules/firebase-tools/node_modules/winston/lib/winston/transports/console.js:79:23)
    at Console._write (/usr/local/lib/node_modules/firebase-tools/node_modules/winston-transport/index.js:103:17)
    at doWrite (/usr/local/lib/node_modules/firebase-tools/node_modules/winston-transport/node_modules/readable-stream/lib/_stream_writable.js:428:64)
    at writeOrBuffer (/usr/local/lib/node_modules/firebase-tools/node_modules/winston-transport/node_modules/readable-stream/lib/_stream_writable.js:417:5)
    at Writable.write (/usr/local/lib/node_modules/firebase-tools/node_modules/winston-transport/node_modules/readable-stream/lib/_stream_writable.js:334:11)
    at DerivedLogger.ondata (/usr/local/lib/node_modules/firebase-tools/node_modules/readable-stream/lib/_stream_readable.js:681:20)
    at DerivedLogger.emit (node:events:525:35)
    at DerivedLogger.emit (node:domain:489:12)
    at addChunk (/usr/local/lib/node_modules/firebase-tools/node_modules/readable-stream/lib/_stream_readable.js:298:12)
[error] 
[error] Error: An unexpected error has occurred.
[debug] [2023-02-06T18:47:53.053Z] Error: write EIO
    at afterWriteDispatched (node:internal/stream_base_commons:160:15)
    at writeGeneric (node:internal/stream_base_commons:151:3)
    at Socket._writeGeneric (node:net:917:11)
    at Socket._write (node:net:929:8)
    at writeOrBuffer (node:internal/streams/writable:392:12)
    at _write (node:internal/streams/writable:333:10)
    at Writable.write (node:internal/streams/writable:337:10)
    at Console.log (/usr/local/lib/node_modules/firebase-tools/node_modules/winston/lib/winston/transports/console.js:79:23)
    at Console._write (/usr/local/lib/node_modules/firebase-tools/node_modules/winston-transport/index.js:103:17)
    at doWrite (/usr/local/lib/node_modules/firebase-tools/node_modules/winston-transport/node_modules/readable-stream/lib/_stream_writable.js:428:64)
    at writeOrBuffer (/usr/local/lib/node_modules/firebase-tools/node_modules/winston-transport/node_modules/readable-stream/lib/_stream_writable.js:417:5)
    at Writable.write (/usr/local/lib/node_modules/firebase-tools/node_modules/winston-transport/node_modules/readable-stream/lib/_stream_writable.js:334:11)
    at DerivedLogger.ondata (/usr/local/lib/node_modules/firebase-tools/node_modules/readable-stream/lib/_stream_readable.js:681:20)
    at DerivedLogger.emit (node:events:525:35)
    at DerivedLogger.emit (node:domain:489:12)
    at addChunk (/usr/local/lib/node_modules/firebase-tools/node_modules/readable-stream/lib/_stream_readable.js:298:12)
[error] 
[error] Error: An unexpected error has occurred.
[debug] [2023-02-06T18:47:53.054Z] Error: write EIO
    at afterWriteDispatched (node:internal/stream_base_commons:160:15)
    at writeGeneric (node:internal/stream_base_commons:151:3)
    at Socket._writeGeneric (node:net:917:11)
    at Socket._write (node:net:929:8)
    at writeOrBuffer (node:internal/streams/writable:392:12)
    at _write (node:internal/streams/writable:333:10)
    at Writable.write (node:internal/streams/writable:337:10)
    at Console.log (/usr/local/lib/node_modules/firebase-tools/node_modules/winston/lib/winston/transports/console.js:79:23)
    at Console._write (/usr/local/lib/node_modules/firebase-tools/node_modules/winston-transport/index.js:103:17)
    at doWrite (/usr/local/lib/node_modules/firebase-tools/node_modules/winston-transport/node_modules/readable-stream/lib/_stream_writable.js:428:64)
    at writeOrBuffer (/usr/local/lib/node_modules/firebase-tools/node_modules/winston-transport/node_modules/readable-stream/lib/_stream_writable.js:417:5)
    at Writable.write (/usr/local/lib/node_modules/firebase-tools/node_modules/winston-transport/node_modules/readable-stream/lib/_stream_writable.js:334:11)
    at DerivedLogger.ondata (/usr/local/lib/node_modules/firebase-tools/node_modules/readable-stream/lib/_stream_readable.js:681:20)
    at DerivedLogger.emit (node:events:525:35)
    at DerivedLogger.emit (node:domain:489:12)
    at addChunk (/usr/local/lib/node_modules/firebase-tools/node_modules/readable-stream/lib/_stream_readable.js:298:12)
[error] 
[error] Error: An unexpected error has occurred.
[debug] [2023-02-06T18:47:53.054Z] Error: write EIO
    at afterWriteDispatched (node:internal/stream_base_commons:160:15)
    at writeGeneric (node:internal/stream_base_commons:151:3)
    at Socket._writeGeneric (node:net:917:11)
    at Socket._write (node:net:929:8)
    at writeOrBuffer (node:internal/streams/writable:392:12)
    at _write (node:internal/streams/writable:333:10)
    at Writable.write (node:internal/streams/writable:337:10)
    at Console.log (/usr/local/lib/node_modules/firebase-tools/node_modules/winston/lib/winston/transports/console.js:79:23)
    at Console._write (/usr/local/lib/node_modules/firebase-tools/node_modules/winston-transport/index.js:103:17)
    at doWrite (/usr/local/lib/node_modules/firebase-tools/node_modules/winston-transport/node_modules/readable-stream/lib/_stream_writable.js:428:64)
    at writeOrBuffer (/usr/local/lib/node_modules/firebase-tools/node_modules/winston-transport/node_modules/readable-stream/lib/_stream_writable.js:417:5)
    at Writable.write (/usr/local/lib/node_modules/firebase-tools/node_modules/winston-transport/node_modules/readable-stream/lib/_stream_writable.js:334:11)
    at DerivedLogger.ondata (/usr/local/lib/node_modules/firebase-tools/node_modules/readable-stream/lib/_stream_readable.js:681:20)
    at DerivedLogger.emit (node:events:525:35)
    at DerivedLogger.emit (node:domain:489:12)
    at addChunk (/usr/local/lib/node_modules/firebase-tools/node_modules/readable-stream/lib/_stream_readable.js:298:12)
[error] 
[error] Error: An unexpected error has occurred.
[debug] [2023-02-06T18:47:53.054Z] Error: write EIO
    at afterWriteDispatched (node:internal/stream_base_commons:160:15)
    at writeGeneric (node:internal/stream_base_commons:151:3)
    at Socket._writeGeneric (node:net:917:11)
    at Socket._write (node:net:929:8)
    at writeOrBuffer (node:internal/streams/writable:392:12)
    at _write (node:internal/streams/writable:333:10)
    at Writable.write (node:internal/streams/writable:337:10)
    at Console.log (/usr/local/lib/node_modules/firebase-tools/node_modules/winston/lib/winston/transports/console.js:79:23)
    at Console._write (/usr/local/lib/node_modules/firebase-tools/node_modules/winston-transport/index.js:103:17)
    at doWrite (/usr/local/lib/node_modules/firebase-tools/node_modules/winston-transport/node_modules/readable-stream/lib/_stream_writable.js:428:64)
    at writeOrBuffer (/usr/local/lib/node_modules/firebase-tools/node_modules/winston-transport/node_modules/readable-stream/lib/_stream_writable.js:417:5)
    at Writable.write (/usr/local/lib/node_modules/firebase-tools/node_modules/winston-transport/node_modules/readable-stream/lib/_stream_writable.js:334:11)
    at DerivedLogger.ondata (/usr/local/lib/node_modules/firebase-tools/node_modules/readable-stream/lib/_stream_readable.js:681:20)
    at DerivedLogger.emit (node:events:525:35)
    at DerivedLogger.emit (node:domain:489:12)
    at Readable.read (/usr/local/lib/node_modules/firebase-tools/node_modules/readable-stream/lib/_stream_readable.js:483:26)
[error] 
[error] Error: An unexpected error has occurred.
[debug] [2023-02-06T18:47:53.054Z] Error: write EIO
    at afterWriteDispatched (node:internal/stream_base_commons:160:15)
    at writeGeneric (node:internal/stream_base_commons:151:3)
    at Socket._writeGeneric (node:net:917:11)
    at Socket._write (node:net:929:8)
    at writeOrBuffer (node:internal/streams/writable:392:12)
    at _write (node:internal/streams/writable:333:10)
    at Writable.write (node:internal/streams/writable:337:10)
    at Console.log (/usr/local/lib/node_modules/firebase-tools/node_modules/winston/lib/winston/transports/console.js:79:23)
    at Console._write (/usr/local/lib/node_modules/firebase-tools/node_modules/winston-transport/index.js:103:17)
    at doWrite (/usr/local/lib/node_modules/firebase-tools/node_modules/winston-transport/node_modules/readable-stream/lib/_stream_writable.js:428:64)
    at writeOrBuffer (/usr/local/lib/node_modules/firebase-tools/node_modules/winston-transport/node_modules/readable-stream/lib/_stream_writable.js:417:5)
    at Writable.write (/usr/local/lib/node_modules/firebase-tools/node_modules/winston-transport/node_modules/readable-stream/lib/_stream_writable.js:334:11)
    at DerivedLogger.ondata (/usr/local/lib/node_modules/firebase-tools/node_modules/readable-stream/lib/_stream_readable.js:681:20)
    at DerivedLogger.emit (node:events:525:35)
    at DerivedLogger.emit (node:domain:489:12)
    at addChunk (/usr/local/lib/node_modules/firebase-tools/node_modules/readable-stream/lib/_stream_readable.js:298:12)
[error] 
[error] Error: An unexpected error has occurred.
[debug] [2023-02-06T18:47:53.054Z] Error: write EIO
    at afterWriteDispatched (node:internal/stream_base_commons:160:15)
    at writeGeneric (node:internal/stream_base_commons:151:3)
    at Socket._writeGeneric (node:net:917:11)
    at Socket._write (node:net:929:8)
    at writeOrBuffer (node:internal/streams/writable:392:12)
    at _write (node:internal/streams/writable:333:10)
    at Writable.write (node:internal/streams/writable:337:10)
    at Console.log (/usr/local/lib/node_modules/firebase-tools/node_modules/winston/lib/winston/transports/console.js:79:23)
    at Console._write (/usr/local/lib/node_modules/firebase-tools/node_modules/winston-transport/index.js:103:17)
    at doWrite (/usr/local/lib/node_modules/firebase-tools/node_modules/winston-transport/node_modules/readable-stream/lib/_stream_writable.js:428:64)
    at writeOrBuffer (/usr/local/lib/node_modules/firebase-tools/node_modules/winston-transport/node_modules/readable-stream/lib/_stream_writable.js:417:5)
    at Writable.write (/usr/local/lib/node_modules/firebase-tools/node_modules/winston-transport/node_modules/readable-stream/lib/_stream_writable.js:334:11)
    at DerivedLogger.ondata (/usr/local/lib/node_modules/firebase-tools/node_modules/readable-stream/lib/_stream_readable.js:681:20)
    at DerivedLogger.emit (node:events:525:35)
    at DerivedLogger.emit (node:domain:489:12)
    at addChunk (/usr/local/lib/node_modules/firebase-tools/node_modules/readable-stream/lib/_stream_readable.js:298:12)
[error] 
[error] Error: An unexpected error has occurred.
[debug] [2023-02-06T18:47:53.055Z] Error: write EIO
    at afterWriteDispatched (node:internal/stream_base_commons:160:15)
    at writeGeneric (node:internal/stream_base_commons:151:3)
    at Socket._writeGeneric (node:net:917:11)
    at Socket._write (node:net:929:8)
    at writeOrBuffer (node:internal/streams/writable:392:12)
    at _write (node:internal/streams/writable:333:10)
    at Writable.write (node:internal/streams/writable:337:10)
    at Console.log (/usr/local/lib/node_modules/firebase-tools/node_modules/winston/lib/winston/transports/console.js:79:23)
    at Console._write (/usr/local/lib/node_modules/firebase-tools/node_modules/winston-transport/index.js:103:17)
    at doWrite (/usr/local/lib/node_modules/firebase-tools/node_modules/winston-transport/node_modules/readable-stream/lib/_stream_writable.js:428:64)
    at writeOrBuffer (/usr/local/lib/node_modules/firebase-tools/node_modules/winston-transport/node_modules/readable-stream/lib/_stream_writable.js:417:5)
    at Writable.write (/usr/local/lib/node_modules/firebase-tools/node_modules/winston-transport/node_modules/readable-stream/lib/_stream_writable.js:334:11)
    at DerivedLogger.ondata (/usr/local/lib/node_modules/firebase-tools/node_modules/readable-stream/lib/_stream_readable.js:681:20)
    at DerivedLogger.emit (node:events:525:35)
    at DerivedLogger.emit (node:domain:489:12)
    at addChunk (/usr/local/lib/node_modules/firebase-tools/node_modules/readable-stream/lib/_stream_readable.js:298:12)
[error] 
[error] Error: An unexpected error has occurred.
[debug] [2023-02-06T18:47:53.055Z] Error: write EIO
    at afterWriteDispatched (node:internal/stream_base_commons:160:15)
    at writeGeneric (node:internal/stream_base_commons:151:3)
    at Socket._writeGeneric (node:net:917:11)
    at Socket._write (node:net:929:8)
    at writeOrBuffer (node:internal/streams/writable:392:12)
    at _write (node:internal/streams/writable:333:10)
    at Writable.write (node:internal/streams/writable:337:10)
    at Console.log (/usr/local/lib/node_modules/firebase-tools/node_modules/winston/lib/winston/transports/console.js:79:23)
    at Console._write (/usr/local/lib/node_modules/firebase-tools/node_modules/winston-transport/index.js:103:17)
    at doWrite (/usr/local/lib/node_modules/firebase-tools/node_modules/winston-transport/node_modules/readable-stream/lib/_stream_writable.js:428:64)
    at writeOrBuffer (/usr/local/lib/node_modules/firebase-tools/node_modules/winston-transport/node_modules/readable-stream/lib/_stream_writable.js:417:5)
    at Writable.write (/usr/local/lib/node_modules/firebase-tools/node_modules/winston-transport/node_modules/readable-stream/lib/_stream_writable.js:334:11)
    at DerivedLogger.ondata (/usr/local/lib/node_modules/firebase-tools/node_modules/readable-stream/lib/_stream_readable.js:681:20)
    at DerivedLogger.emit (node:events:525:35)
    at DerivedLogger.emit (node:domain:489:12)
    at addChunk (/usr/local/lib/node_modules/firebase-tools/node_modules/readable-stream/lib/_stream_readable.js:298:12)
[error] 
[error] Error: An unexpected error has occurred.
[debug] [2023-02-06T18:47:53.055Z] Error: write EIO
    at afterWriteDispatched (node:internal/stream_base_commons:160:15)
    at writeGeneric (node:internal/stream_base_commons:151:3)
    at Socket._writeGeneric (node:net:917:11)
    at Socket._write (node:net:929:8)
    at writeOrBuffer (node:internal/streams/writable:392:12)
    at _write (node:internal/streams/writable:333:10)
    at Writable.write (node:internal/streams/writable:337:10)
    at Console.log (/usr/local/lib/node_modules/firebase-tools/node_modules/winston/lib/winston/transports/console.js:79:23)
    at Console._write (/usr/local/lib/node_modules/firebase-tools/node_modules/winston-transport/index.js:103:17)
    at doWrite (/usr/local/lib/node_modules/firebase-tools/node_modules/winston-transport/node_modules/readable-stream/lib/_stream_writable.js:428:64)
    at writeOrBuffer (/usr/local/lib/node_modules/firebase-tools/node_modules/winston-transport/node_modules/readable-stream/lib/_stream_writable.js:417:5)
    at Writable.write (/usr/local/lib/node_modules/firebase-tools/node_modules/winston-transport/node_modules/readable-stream/lib/_stream_writable.js:334:11)
    at DerivedLogger.ondata (/usr/local/lib/node_modules/firebase-tools/node_modules/readable-stream/lib/_stream_readable.js:681:20)
    at DerivedLogger.emit (node:events:525:35)
    at DerivedLogger.emit (node:domain:489:12)
    at addChunk (/usr/local/lib/node_modules/firebase-tools/node_modules/readable-stream/lib/_stream_readable.js:298:12)
[error] 
[error] Error: An unexpected error has occurred.
[debug] [2023-02-06T18:47:53.055Z] Error: write EIO
    at afterWriteDispatched (node:internal/stream_base_commons:160:15)
    at writeGeneric (node:internal/stream_base_commons:151:3)
    at Socket._writeGeneric (node:net:917:11)
    at Socket._write (node:net:929:8)
    at writeOrBuffer (node:internal/streams/writable:392:12)
    at _write (node:internal/streams/writable:333:10)
    at Writable.write (node:internal/streams/writable:337:10)
    at Console.log (/usr/local/lib/node_modules/firebase-tools/node_modules/winston/lib/winston/transports/console.js:79:23)
    at Console._write (/usr/local/lib/node_modules/firebase-tools/node_modules/winston-transport/index.js:103:17)
    at doWrite (/usr/local/lib/node_modules/firebase-tools/node_modules/winston-transport/node_modules/readable-stream/lib/_stream_writable.js:428:64)
    at writeOrBuffer (/usr/local/lib/node_modules/firebase-tools/node_modules/winston-transport/node_modules/readable-stream/lib/_stream_writable.js:417:5)
    at Writable.write (/usr/local/lib/node_modules/firebase-tools/node_modules/winston-transport/node_modules/readable-stream/lib/_stream_writable.js:334:11)
    at DerivedLogger.ondata (/usr/local/lib/node_modules/firebase-tools/node_modules/readable-stream/lib/_stream_readable.js:681:20)
    at DerivedLogger.emit (node:events:525:35)
    at DerivedLogger.emit (node:domain:489:12)
    at addChunk (/usr/local/lib/node_modules/firebase-tools/node_modules/readable-stream/lib/_stream_readable.js:298:12)
[error] 
[error] Error: An unexpected error has occurred.
[debug] [2023-02-06T18:47:53.055Z] Error: write EIO
    at afterWriteDispatched (node:internal/stream_base_commons:160:15)
    at writeGeneric (node:internal/stream_base_commons:151:3)
    at Socket._writeGeneric (node:net:917:11)
    at Socket._write (node:net:929:8)
    at writeOrBuffer (node:internal/streams/writable:392:12)
    at _write (node:internal/streams/writable:333:10)
    at Writable.write (node:internal/streams/writable:337:10)
    at Console.log (/usr/local/lib/node_modules/firebase-tools/node_modules/winston/lib/winston/transports/console.js:79:23)
    at Console._write (/usr/local/lib/node_modules/firebase-tools/node_modules/winston-transport/index.js:103:17)
    at doWrite (/usr/local/lib/node_modules/firebase-tools/node_modules/winston-transport/node_modules/readable-stream/lib/_stream_writable.js:428:64)
    at writeOrBuffer (/usr/local/lib/node_modules/firebase-tools/node_modules/winston-transport/node_modules/readable-stream/lib/_stream_writable.js:417:5)
    at Writable.write (/usr/local/lib/node_modules/firebase-tools/node_modules/winston-transport/node_modules/readable-stream/lib/_stream_writable.js:334:11)
    at DerivedLogger.ondata (/usr/local/lib/node_modules/firebase-tools/node_modules/readable-stream/lib/_stream_readable.js:681:20)
    at DerivedLogger.emit (node:events:525:35)
    at DerivedLogger.emit (node:domain:489:12)
    at addChunk (/usr/local/lib/node_modules/firebase-tools/node_modules/readable-stream/lib/_stream_readable.js:298:12)
[error] 
[error] Error: An unexpected error has occurred.
[debug] [2023-02-06T18:47:53.055Z] Error: write EIO
    at afterWriteDispatched (node:internal/stream_base_commons:160:15)
    at writeGeneric (node:internal/stream_base_commons:151:3)
    at Socket._writeGeneric (node:net:917:11)
    at Socket._write (node:net:929:8)
    at writeOrBuffer (node:internal/streams/writable:392:12)
    at _write (node:internal/streams/writable:333:10)
    at Writable.write (node:internal/streams/writable:337:10)
    at Console.log (/usr/local/lib/node_modules/firebase-tools/node_modules/winston/lib/winston/transports/console.js:79:23)
    at Console._write (/usr/local/lib/node_modules/firebase-tools/node_modules/winston-transport/index.js:103:17)
    at doWrite (/usr/local/lib/node_modules/firebase-tools/node_modules/winston-transport/node_modules/readable-stream/lib/_stream_writable.js:428:64)
    at writeOrBuffer (/usr/local/lib/node_modules/firebase-tools/node_modules/winston-transport/node_modules/readable-stream/lib/_stream_writable.js:417:5)
    at Writable.write (/usr/local/lib/node_modules/firebase-tools/node_modules/winston-transport/node_modules/readable-stream/lib/_stream_writable.js:334:11)
    at DerivedLogger.ondata (/usr/local/lib/node_modules/firebase-tools/node_modules/readable-stream/lib/_stream_readable.js:681:20)
    at DerivedLogger.emit (node:events:525:35)
    at DerivedLogger.emit (node:domain:489:12)
    at addChunk (/usr/local/lib/node_modules/firebase-tools/node_modules/readable-stream/lib/_stream_readable.js:298:12)
[error] 
[error] Error: An unexpected error has occurred.
[debug] [2023-02-06T18:47:53.055Z] Error: write EIO
    at afterWriteDispatched (node:internal/stream_base_commons:160:15)
    at writeGeneric (node:internal/stream_base_commons:151:3)
    at Socket._writeGeneric (node:net:917:11)
    at Socket._write (node:net:929:8)
    at writeOrBuffer (node:internal/streams/writable:392:12)
    at _write (node:internal/streams/writable:333:10)
    at Writable.write (node:internal/streams/writable:337:10)
    at Console.log (/usr/local/lib/node_modules/firebase-tools/node_modules/winston/lib/winston/transports/console.js:79:23)
    at Console._write (/usr/local/lib/node_modules/firebase-tools/node_modules/winston-transport/index.js:103:17)
    at doWrite (/usr/local/lib/node_modules/firebase-tools/node_modules/winston-transport/node_modules/readable-stream/lib/_stream_writable.js:428:64)
    at writeOrBuffer (/usr/local/lib/node_modules/firebase-tools/node_modules/winston-transport/node_modules/readable-stream/lib/_stream_writable.js:417:5)
    at Writable.write (/usr/local/lib/node_modules/firebase-tools/node_modules/winston-transport/node_modules/readable-stream/lib/_stream_writable.js:334:11)
    at DerivedLogger.ondata (/usr/local/lib/node_modules/firebase-tools/node_modules/readable-stream/lib/_stream_readable.js:681:20)
    at DerivedLogger.emit (node:events:525:35)
    at DerivedLogger.emit (node:domain:489:12)
    at addChunk (/usr/local/lib/node_modules/firebase-tools/node_modules/readable-stream/lib/_stream_readable.js:298:12)
[error] 
[error] Error: An unexpected error has occurred.
[debug] [2023-02-06T18:47:53.056Z] Error: write EIO
    at afterWriteDispatched (node:internal/stream_base_commons:160:15)
    at writeGeneric (node:internal/stream_base_commons:151:3)
    at Socket._writeGeneric (node:net:917:11)
    at Socket._write (node:net:929:8)
    at writeOrBuffer (node:internal/streams/writable:392:12)
    at _write (node:internal/streams/writable:333:10)
    at Writable.write (node:internal/streams/writable:337:10)
    at Console.log (/usr/local/lib/node_modules/firebase-tools/node_modules/winston/lib/winston/transports/console.js:79:23)
    at Console._write (/usr/local/lib/node_modules/firebase-tools/node_modules/winston-transport/index.js:103:17)
    at doWrite (/usr/local/lib/node_modules/firebase-tools/node_modules/winston-transport/node_modules/readable-stream/lib/_stream_writable.js:428:64)
    at writeOrBuffer (/usr/local/lib/node_modules/firebase-tools/node_modules/winston-transport/node_modules/readable-stream/lib/_stream_writable.js:417:5)
    at Writable.write (/usr/local/lib/node_modules/firebase-tools/node_modules/winston-transport/node_modules/readable-stream/lib/_stream_writable.js:334:11)
    at DerivedLogger.ondata (/usr/local/lib/node_modules/firebase-tools/node_modules/readable-stream/lib/_stream_readable.js:681:20)
    at DerivedLogger.emit (node:events:525:35)
    at DerivedLogger.emit (node:domain:489:12)
    at addChunk (/usr/local/lib/node_modules/firebase-tools/node_modules/readable-stream/lib/_stream_readable.js:298:12)
[error] 
[error] Error: An unexpected error has occurred.
[debug] [2023-02-06T18:47:53.056Z] Error: write EIO
    at afterWriteDispatched (node:internal/stream_base_commons:160:15)
    at writeGeneric (node:internal/stream_base_commons:151:3)
    at Socket._writeGeneric (node:net:917:11)
    at Socket._write (node:net:929:8)
    at writeOrBuffer (node:internal/streams/writable:392:12)
    at _write (node:internal/streams/writable:333:10)
    at Writable.write (node:internal/streams/writable:337:10)
    at Console.log (/usr/local/lib/node_modules/firebase-tools/node_modules/winston/lib/winston/transports/console.js:79:23)
    at Console._write (/usr/local/lib/node_modules/firebase-tools/node_modules/winston-transport/index.js:103:17)
    at doWrite (/usr/local/lib/node_modules/firebase-tools/node_modules/winston-transport/node_modules/readable-stream/lib/_stream_writable.js:428:64)
    at writeOrBuffer (/usr/local/lib/node_modules/firebase-tools/node_modules/winston-transport/node_modules/readable-stream/lib/_stream_writable.js:417:5)
    at Writable.write (/usr/local/lib/node_modules/firebase-tools/node_modules/winston-transport/node_modules/readable-stream/lib/_stream_writable.js:334:11)
    at DerivedLogger.ondata (/usr/local/lib/node_modules/firebase-tools/node_modules/readable-stream/lib/_stream_readable.js:681:20)
    at DerivedLogger.emit (node:events:525:35)
    at DerivedLogger.emit (node:domain:489:12)
    at Readable.read (/usr/local/lib/node_modules/firebase-tools/node_modules/readable-stream/lib/_stream_readable.js:483:26)
[error] 
[error] Error: An unexpected error has occurred.
[debug] [2023-02-06T18:47:53.057Z] Error: write EIO
    at afterWriteDispatched (node:internal/stream_base_commons:160:15)
    at writeGeneric (node:internal/stream_base_commons:151:3)
    at Socket._writeGeneric (node:net:917:11)
    at Socket._write (node:net:929:8)
    at writeOrBuffer (node:internal/streams/writable:392:12)
    at _write (node:internal/streams/writable:333:10)
    at Writable.write (node:internal/streams/writable:337:10)
    at Console.log (/usr/local/lib/node_modules/firebase-tools/node_modules/winston/lib/winston/transports/console.js:79:23)
    at Console._write (/usr/local/lib/node_modules/firebase-tools/node_modules/winston-transport/index.js:103:17)
    at doWrite (/usr/local/lib/node_modules/firebase-tools/node_modules/winston-transport/node_modules/readable-stream/lib/_stream_writable.js:428:64)
    at writeOrBuffer (/usr/local/lib/node_modules/firebase-tools/node_modules/winston-transport/node_modules/readable-stream/lib/_stream_writable.js:417:5)
    at Writable.write (/usr/local/lib/node_modules/firebase-tools/node_modules/winston-transport/node_modules/readable-stream/lib/_stream_writable.js:334:11)
    at DerivedLogger.ondata (/usr/local/lib/node_modules/firebase-tools/node_modules/readable-stream/lib/_stream_readable.js:681:20)
    at DerivedLogger.emit (node:events:525:35)
    at DerivedLogger.emit (node:domain:489:12)
    at addChunk (/usr/local/lib/node_modules/firebase-tools/node_modules/readable-stream/lib/_stream_readable.js:298:12)
[error] 
[error] Error: An unexpected error has occurred.
[debug] [2023-02-06T18:47:53.057Z] Error: write EIO
    at afterWriteDispatched (node:internal/stream_base_commons:160:15)
    at writeGeneric (node:internal/stream_base_commons:151:3)
    at Socket._writeGeneric (node:net:917:11)
    at Socket._write (node:net:929:8)
    at writeOrBuffer (node:internal/streams/writable:392:12)
    at _write (node:internal/streams/writable:333:10)
    at Writable.write (node:internal/streams/writable:337:10)
    at Console.log (/usr/local/lib/node_modules/firebase-tools/node_modules/winston/lib/winston/transports/console.js:79:23)
    at Console._write (/usr/local/lib/node_modules/firebase-tools/node_modules/winston-transport/index.js:103:17)
    at doWrite (/usr/local/lib/node_modules/firebase-tools/node_modules/winston-transport/node_modules/readable-stream/lib/_stream_writable.js:428:64)
    at writeOrBuffer (/usr/local/lib/node_modules/firebase-tools/node_modules/winston-transport/node_modules/readable-stream/lib/_stream_writable.js:417:5)
    at Writable.write (/usr/local/lib/node_modules/firebase-tools/node_modules/winston-transport/node_modules/readable-stream/lib/_stream_writable.js:334:11)
    at DerivedLogger.ondata (/usr/local/lib/node_modules/firebase-tools/node_modules/readable-stream/lib/_stream_readable.js:681:20)
    at DerivedLogger.emit (node:events:525:35)
    at DerivedLogger.emit (node:domain:489:12)
    at addChunk (/usr/local/lib/node_modules/firebase-tools/node_modules/readable-stream/lib/_stream_readable.js:298:12)
[error] 
[error] Error: An unexpected error has occurred.
[debug] [2023-02-06T18:47:53.060Z] Error: write EIO
    at afterWriteDispatched (node:internal/stream_base_commons:160:15)
    at writeGeneric (node:internal/stream_base_commons:151:3)
    at Socket._writeGeneric (node:net:917:11)
    at Socket._write (node:net:929:8)
    at writeOrBuffer (node:internal/streams/writable:392:12)
    at _write (node:internal/streams/writable:333:10)
    at Writable.write (node:internal/streams/writable:337:10)
    at Console.log (/usr/local/lib/node_modules/firebase-tools/node_modules/winston/lib/winston/transports/console.js:79:23)
    at Console._write (/usr/local/lib/node_modules/firebase-tools/node_modules/winston-transport/index.js:103:17)
    at doWrite (/usr/local/lib/node_modules/firebase-tools/node_modules/winston-transport/node_modules/readable-stream/lib/_stream_writable.js:428:64)
    at writeOrBuffer (/usr/local/lib/node_modules/firebase-tools/node_modules/winston-transport/node_modules/readable-stream/lib/_stream_writable.js:417:5)
    at Writable.write (/usr/local/lib/node_modules/firebase-tools/node_modules/winston-transport/node_modules/readable-stream/lib/_stream_writable.js:334:11)
    at DerivedLogger.ondata (/usr/local/lib/node_modules/firebase-tools/node_modules/readable-stream/lib/_stream_readable.js:681:20)
    at DerivedLogger.emit (node:events:525:35)
    at DerivedLogger.emit (node:domain:489:12)
    at addChunk (/usr/local/lib/node_modules/firebase-tools/node_modules/readable-stream/lib/_stream_readable.js:298:12)
[error] 
[error] Error: An unexpected error has occurred.
[debug] [2023-02-06T18:47:53.060Z] Error: write EIO
    at afterWriteDispatched (node:internal/stream_base_commons:160:15)
    at writeGeneric (node:internal/stream_base_commons:151:3)
    at Socket._writeGeneric (node:net:917:11)
    at Socket._write (node:net:929:8)
    at writeOrBuffer (node:internal/streams/writable:392:12)
    at _write (node:internal/streams/writable:333:10)
    at Writable.write (node:internal/streams/writable:337:10)
    at Console.log (/usr/local/lib/node_modules/firebase-tools/node_modules/winston/lib/winston/transports/console.js:79:23)
    at Console._write (/usr/local/lib/node_modules/firebase-tools/node_modules/winston-transport/index.js:103:17)
    at doWrite (/usr/local/lib/node_modules/firebase-tools/node_modules/winston-transport/node_modules/readable-stream/lib/_stream_writable.js:428:64)
    at writeOrBuffer (/usr/local/lib/node_modules/firebase-tools/node_modules/winston-transport/node_modules/readable-stream/lib/_stream_writable.js:417:5)
    at Writable.write (/usr/local/lib/node_modules/firebase-tools/node_modules/winston-transport/node_modules/readable-stream/lib/_stream_writable.js:334:11)
    at DerivedLogger.ondata (/usr/local/lib/node_modules/firebase-tools/node_modules/readable-stream/lib/_stream_readable.js:681:20)
    at DerivedLogger.emit (node:events:525:35)
    at DerivedLogger.emit (node:domain:489:12)
    at addChunk (/usr/local/lib/node_modules/firebase-tools/node_modules/readable-stream/lib/_stream_readable.js:298:12)
[error] 
[error] Error: An unexpected error has occurred.
[debug] [2023-02-06T18:47:53.060Z] Error: write EIO
    at afterWriteDispatched (node:internal/stream_base_commons:160:15)
    at writeGeneric (node:internal/stream_base_commons:151:3)
    at Socket._writeGeneric (node:net:917:11)
    at Socket._write (node:net:929:8)
    at writeOrBuffer (node:internal/streams/writable:392:12)
    at _write (node:internal/streams/writable:333:10)
    at Writable.write (node:internal/streams/writable:337:10)
    at Console.log (/usr/local/lib/node_modules/firebase-tools/node_modules/winston/lib/winston/transports/console.js:79:23)
    at Console._write (/usr/local/lib/node_modules/firebase-tools/node_modules/winston-transport/index.js:103:17)
    at doWrite (/usr/local/lib/node_modules/firebase-tools/node_modules/winston-transport/node_modules/readable-stream/lib/_stream_writable.js:428:64)
    at writeOrBuffer (/usr/local/lib/node_modules/firebase-tools/node_modules/winston-transport/node_modules/readable-stream/lib/_stream_writable.js:417:5)
    at Writable.write (/usr/local/lib/node_modules/firebase-tools/node_modules/winston-transport/node_modules/readable-stream/lib/_stream_writable.js:334:11)
    at DerivedLogger.ondata (/usr/local/lib/node_modules/firebase-tools/node_modules/readable-stream/lib/_stream_readable.js:681:20)
    at DerivedLogger.emit (node:events:525:35)
    at DerivedLogger.emit (node:domain:489:12)
    at addChunk (/usr/local/lib/node_modules/firebase-tools/node_modules/readable-stream/lib/_stream_readable.js:298:12)
[error] 
[error] Error: An unexpected error has occurred.
[debug] [2023-02-06T18:47:53.062Z] Error: write EIO
    at afterWriteDispatched (node:internal/stream_base_commons:160:15)
    at writeGeneric (node:internal/stream_base_commons:151:3)
    at Socket._writeGeneric (node:net:917:11)
    at Socket._write (node:net:929:8)
    at writeOrBuffer (node:internal/streams/writable:392:12)
    at _write (node:internal/streams/writable:333:10)
    at Writable.write (node:internal/streams/writable:337:10)
    at Console.log (/usr/local/lib/node_modules/firebase-tools/node_modules/winston/lib/winston/transports/console.js:79:23)
    at Console._write (/usr/local/lib/node_modules/firebase-tools/node_modules/winston-transport/index.js:103:17)
    at doWrite (/usr/local/lib/node_modules/firebase-tools/node_modules/winston-transport/node_modules/readable-stream/lib/_stream_writable.js:428:64)
    at writeOrBuffer (/usr/local/lib/node_modules/firebase-tools/node_modules/winston-transport/node_modules/readable-stream/lib/_stream_writable.js:417:5)
    at Writable.write (/usr/local/lib/node_modules/firebase-tools/node_modules/winston-transport/node_modules/readable-stream/lib/_stream_writable.js:334:11)
    at DerivedLogger.ondata (/usr/local/lib/node_modules/firebase-tools/node_modules/readable-stream/lib/_stream_readable.js:681:20)
    at DerivedLogger.emit (node:events:525:35)
    at DerivedLogger.emit (node:domain:489:12)
    at addChunk (/usr/local/lib/node_modules/firebase-tools/node_modules/readable-stream/lib/_stream_readable.js:298:12)
[error] 
[error] Error: An unexpected error has occurred.
[debug] [2023-02-06T18:47:53.063Z] Error: write EIO
    at afterWriteDispatched (node:internal/stream_base_commons:160:15)
    at writeGeneric (node:internal/stream_base_commons:151:3)
    at Socket._writeGeneric (node:net:917:11)
    at Socket._write (node:net:929:8)
    at writeOrBuffer (node:internal/streams/writable:392:12)
    at _write (node:internal/streams/writable:333:10)
    at Writable.write (node:internal/streams/writable:337:10)
    at Console.log (/usr/local/lib/node_modules/firebase-tools/node_modules/winston/lib/winston/transports/console.js:79:23)
    at Console._write (/usr/local/lib/node_modules/firebase-tools/node_modules/winston-transport/index.js:103:17)
    at doWrite (/usr/local/lib/node_modules/firebase-tools/node_modules/winston-transport/node_modules/readable-stream/lib/_stream_writable.js:428:64)
    at writeOrBuffer (/usr/local/lib/node_modules/firebase-tools/node_modules/winston-transport/node_modules/readable-stream/lib/_stream_writable.js:417:5)
    at Writable.write (/usr/local/lib/node_modules/firebase-tools/node_modules/winston-transport/node_modules/readable-stream/lib/_stream_writable.js:334:11)
    at DerivedLogger.ondata (/usr/local/lib/node_modules/firebase-tools/node_modules/readable-stream/lib/_stream_readable.js:681:20)
    at DerivedLogger.emit (node:events:525:35)
    at DerivedLogger.emit (node:domain:489:12)
    at addChunk (/usr/local/lib/node_modules/firebase-tools/node_modules/readable-stream/lib/_stream_readable.js:298:12)
[error] 
[error] Error: An unexpected error has occurred.
[debug] [2023-02-06T18:47:53.063Z] Error: write EIO
    at afterWriteDispatched (node:internal/stream_base_commons:160:15)
    at writeGeneric (node:internal/stream_base_commons:151:3)
    at Socket._writeGeneric (node:net:917:11)
    at Socket._write (node:net:929:8)
    at writeOrBuffer (node:internal/streams/writable:392:12)
    at _write (node:internal/streams/writable:333:10)
    at Writable.write (node:internal/streams/writable:337:10)
    at Console.log (/usr/local/lib/node_modules/firebase-tools/node_modules/winston/lib/winston/transports/console.js:79:23)
    at Console._write (/usr/local/lib/node_modules/firebase-tools/node_modules/winston-transport/index.js:103:17)
    at doWrite (/usr/local/lib/node_modules/firebase-tools/node_modules/winston-transport/node_modules/readable-stream/lib/_stream_writable.js:428:64)
    at writeOrBuffer (/usr/local/lib/node_modules/firebase-tools/node_modules/winston-transport/node_modules/readable-stream/lib/_stream_writable.js:417:5)
    at Writable.write (/usr/local/lib/node_modules/firebase-tools/node_modules/winston-transport/node_modules/readable-stream/lib/_stream_writable.js:334:11)
    at DerivedLogger.ondata (/usr/local/lib/node_modules/firebase-tools/node_modules/readable-stream/lib/_stream_readable.js:681:20)
    at DerivedLogger.emit (node:events:525:35)
    at DerivedLogger.emit (node:domain:489:12)
    at addChunk (/usr/local/lib/node_modules/firebase-tools/node_modules/readable-stream/lib/_stream_readable.js:298:12)
[error] 
[error] Error: An unexpected error has occurred.
[debug] [2023-02-06T18:47:53.063Z] Error: write EIO
    at afterWriteDispatched (node:internal/stream_base_commons:160:15)
    at writeGeneric (node:internal/stream_base_commons:151:3)
    at Socket._writeGeneric (node:net:917:11)
    at Socket._write (node:net:929:8)
    at writeOrBuffer (node:internal/streams/writable:392:12)
    at _write (node:internal/streams/writable:333:10)
    at Writable.write (node:internal/streams/writable:337:10)
    at Console.log (/usr/local/lib/node_modules/firebase-tools/node_modules/winston/lib/winston/transports/console.js:79:23)
    at Console._write (/usr/local/lib/node_modules/firebase-tools/node_modules/winston-transport/index.js:103:17)
    at doWrite (/usr/local/lib/node_modules/firebase-tools/node_modules/winston-transport/node_modules/readable-stream/lib/_stream_writable.js:428:64)
    at writeOrBuffer (/usr/local/lib/node_modules/firebase-tools/node_modules/winston-transport/node_modules/readable-stream/lib/_stream_writable.js:417:5)
    at Writable.write (/usr/local/lib/node_modules/firebase-tools/node_modules/winston-transport/node_modules/readable-stream/lib/_stream_writable.js:334:11)
    at DerivedLogger.ondata (/usr/local/lib/node_modules/firebase-tools/node_modules/readable-stream/lib/_stream_readable.js:681:20)
    at DerivedLogger.emit (node:events:525:35)
    at DerivedLogger.emit (node:domain:489:12)
    at addChunk (/usr/local/lib/node_modules/firebase-tools/node_modules/readable-stream/lib/_stream_readable.js:298:12)
[error] 
[error] Error: An unexpected error has occurred.
[debug] [2023-02-06T18:47:53.063Z] Error: write EIO
    at afterWriteDispatched (node:internal/stream_base_commons:160:15)
    at writeGeneric (node:internal/stream_base_commons:151:3)
    at Socket._writeGeneric (node:net:917:11)
    at Socket._write (node:net:929:8)
    at writeOrBuffer (node:internal/streams/writable:392:12)
    at _write (node:internal/streams/writable:333:10)
    at Writable.write (node:internal/streams/writable:337:10)
    at Console.log (/usr/local/lib/node_modules/firebase-tools/node_modules/winston/lib/winston/transports/console.js:79:23)
    at Console._write (/usr/local/lib/node_modules/firebase-tools/node_modules/winston-transport/index.js:103:17)
    at doWrite (/usr/local/lib/node_modules/firebase-tools/node_modules/winston-transport/node_modules/readable-stream/lib/_stream_writable.js:428:64)
    at writeOrBuffer (/usr/local/lib/node_modules/firebase-tools/node_modules/winston-transport/node_modules/readable-stream/lib/_stream_writable.js:417:5)
    at Writable.write (/usr/local/lib/node_modules/firebase-tools/node_modules/winston-transport/node_modules/readable-stream/lib/_stream_writable.js:334:11)
    at DerivedLogger.ondata (/usr/local/lib/node_modules/firebase-tools/node_modules/readable-stream/lib/_stream_readable.js:681:20)
    at DerivedLogger.emit (node:events:525:35)
    at DerivedLogger.emit (node:domain:489:12)
    at addChunk (/usr/local/lib/node_modules/firebase-tools/node_modules/readable-stream/lib/_stream_readable.js:298:12)
[error] 
[error] Error: An unexpected error has occurred.
[debug] [2023-02-06T18:47:53.065Z] Error: write EIO
    at afterWriteDispatched (node:internal/stream_base_commons:160:15)
    at writeGeneric (node:internal/stream_base_commons:151:3)
    at Socket._writeGeneric (node:net:917:11)
    at Socket._write (node:net:929:8)
    at writeOrBuffer (node:internal/streams/writable:392:12)
    at _write (node:internal/streams/writable:333:10)
    at Writable.write (node:internal/streams/writable:337:10)
    at Console.log (/usr/local/lib/node_modules/firebase-tools/node_modules/winston/lib/winston/transports/console.js:79:23)
    at Console._write (/usr/local/lib/node_modules/firebase-tools/node_modules/winston-transport/index.js:103:17)
    at doWrite (/usr/local/lib/node_modules/firebase-tools/node_modules/winston-transport/node_modules/readable-stream/lib/_stream_writable.js:428:64)
    at writeOrBuffer (/usr/local/lib/node_modules/firebase-tools/node_modules/winston-transport/node_modules/readable-stream/lib/_stream_writable.js:417:5)
    at Writable.write (/usr/local/lib/node_modules/firebase-tools/node_modules/winston-transport/node_modules/readable-stream/lib/_stream_writable.js:334:11)
    at DerivedLogger.ondata (/usr/local/lib/node_modules/firebase-tools/node_modules/readable-stream/lib/_stream_readable.js:681:20)
    at DerivedLogger.emit (node:events:525:35)
    at DerivedLogger.emit (node:domain:489:12)
    at Readable.read (/usr/local/lib/node_modules/firebase-tools/node_modules/readable-stream/lib/_stream_readable.js:483:26)
[error] 
[error] Error: An unexpected error has occurred.
[debug] [2023-02-06T18:47:53.065Z] Error: write EIO
    at afterWriteDispatched (node:internal/stream_base_commons:160:15)
    at writeGeneric (node:internal/stream_base_commons:151:3)
    at Socket._writeGeneric (node:net:917:11)
    at Socket._write (node:net:929:8)
    at writeOrBuffer (node:internal/streams/writable:392:12)
    at _write (node:internal/streams/writable:333:10)
    at Writable.write (node:internal/streams/writable:337:10)
    at Console.log (/usr/local/lib/node_modules/firebase-tools/node_modules/winston/lib/winston/transports/console.js:79:23)
    at Console._write (/usr/local/lib/node_modules/firebase-tools/node_modules/winston-transport/index.js:103:17)
    at doWrite (/usr/local/lib/node_modules/firebase-tools/node_modules/winston-transport/node_modules/readable-stream/lib/_stream_writable.js:428:64)
    at writeOrBuffer (/usr/local/lib/node_modules/firebase-tools/node_modules/winston-transport/node_modules/readable-stream/lib/_stream_writable.js:417:5)
    at Writable.write (/usr/local/lib/node_modules/firebase-tools/node_modules/winston-transport/node_modules/readable-stream/lib/_stream_writable.js:334:11)
    at DerivedLogger.ondata (/usr/local/lib/node_modules/firebase-tools/node_modules/readable-stream/lib/_stream_readable.js:681:20)
    at DerivedLogger.emit (node:events:525:35)
    at DerivedLogger.emit (node:domain:489:12)
    at addChunk (/usr/local/lib/node_modules/firebase-tools/node_modules/readable-stream/lib/_stream_readable.js:298:12)
[error] 
[error] Error: An unexpected error has occurred.
[debug] [2023-02-06T18:47:53.065Z] Error: write EIO
    at afterWriteDispatched (node:internal/stream_base_commons:160:15)
    at writeGeneric (node:internal/stream_base_commons:151:3)
    at Socket._writeGeneric (node:net:917:11)
    at Socket._write (node:net:929:8)
    at writeOrBuffer (node:internal/streams/writable:392:12)
    at _write (node:internal/streams/writable:333:10)
    at Writable.write (node:internal/streams/writable:337:10)
    at Console.log (/usr/local/lib/node_modules/firebase-tools/node_modules/winston/lib/winston/transports/console.js:79:23)
    at Console._write (/usr/local/lib/node_modules/firebase-tools/node_modules/winston-transport/index.js:103:17)
    at doWrite (/usr/local/lib/node_modules/firebase-tools/node_modules/winston-transport/node_modules/readable-stream/lib/_stream_writable.js:428:64)
    at writeOrBuffer (/usr/local/lib/node_modules/firebase-tools/node_modules/winston-transport/node_modules/readable-stream/lib/_stream_writable.js:417:5)
    at Writable.write (/usr/local/lib/node_modules/firebase-tools/node_modules/winston-transport/node_modules/readable-stream/lib/_stream_writable.js:334:11)
    at DerivedLogger.ondata (/usr/local/lib/node_modules/firebase-tools/node_modules/readable-stream/lib/_stream_readable.js:681:20)
    at DerivedLogger.emit (node:events:525:35)
    at DerivedLogger.emit (node:domain:489:12)
    at addChunk (/usr/local/lib/node_modules/firebase-tools/node_modules/readable-stream/lib/_stream_readable.js:298:12)
[error] 
[error] Error: An unexpected error has occurred.
[debug] [2023-02-06T18:47:53.065Z] Error: write EIO
    at afterWriteDispatched (node:internal/stream_base_commons:160:15)
    at writeGeneric (node:internal/stream_base_commons:151:3)
    at Socket._writeGeneric (node:net:917:11)
    at Socket._write (node:net:929:8)
    at writeOrBuffer (node:internal/streams/writable:392:12)
    at _write (node:internal/streams/writable:333:10)
    at Writable.write (node:internal/streams/writable:337:10)
    at Console.log (/usr/local/lib/node_modules/firebase-tools/node_modules/winston/lib/winston/transports/console.js:79:23)
    at Console._write (/usr/local/lib/node_modules/firebase-tools/node_modules/winston-transport/index.js:103:17)
    at doWrite (/usr/local/lib/node_modules/firebase-tools/node_modules/winston-transport/node_modules/readable-stream/lib/_stream_writable.js:428:64)
    at writeOrBuffer (/usr/local/lib/node_modules/firebase-tools/node_modules/winston-transport/node_modules/readable-stream/lib/_stream_writable.js:417:5)
    at Writable.write (/usr/local/lib/node_modules/firebase-tools/node_modules/winston-transport/node_modules/readable-stream/lib/_stream_writable.js:334:11)
    at DerivedLogger.ondata (/usr/local/lib/node_modules/firebase-tools/node_modules/readable-stream/lib/_stream_readable.js:681:20)
    at DerivedLogger.emit (node:events:525:35)
    at DerivedLogger.emit (node:domain:489:12)
    at addChunk (/usr/local/lib/node_modules/firebase-tools/node_modules/readable-stream/lib/_stream_readable.js:298:12)
[error] 
[error] Error: An unexpected error has occurred.
[debug] [2023-02-06T18:47:53.065Z] Error: write EIO
    at afterWriteDispatched (node:internal/stream_base_commons:160:15)
    at writeGeneric (node:internal/stream_base_commons:151:3)
    at Socket._writeGeneric (node:net:917:11)
    at Socket._write (node:net:929:8)
    at writeOrBuffer (node:internal/streams/writable:392:12)
    at _write (node:internal/streams/writable:333:10)
    at Writable.write (node:internal/streams/writable:337:10)
    at Console.log (/usr/local/lib/node_modules/firebase-tools/node_modules/winston/lib/winston/transports/console.js:79:23)
    at Console._write (/usr/local/lib/node_modules/firebase-tools/node_modules/winston-transport/index.js:103:17)
    at doWrite (/usr/local/lib/node_modules/firebase-tools/node_modules/winston-transport/node_modules/readable-stream/lib/_stream_writable.js:428:64)
    at writeOrBuffer (/usr/local/lib/node_modules/firebase-tools/node_modules/winston-transport/node_modules/readable-stream/lib/_stream_writable.js:417:5)
    at Writable.write (/usr/local/lib/node_modules/firebase-tools/node_modules/winston-transport/node_modules/readable-stream/lib/_stream_writable.js:334:11)
    at DerivedLogger.ondata (/usr/local/lib/node_modules/firebase-tools/node_modules/readable-stream/lib/_stream_readable.js:681:20)
    at DerivedLogger.emit (node:events:525:35)
    at DerivedLogger.emit (node:domain:489:12)
    at addChunk (/usr/local/lib/node_modules/firebase-tools/node_modules/readable-stream/lib/_stream_readable.js:298:12)
[error] 
[error] Error: An unexpected error has occurred.
[debug] [2023-02-06T18:47:53.066Z] Error: write EIO
    at afterWriteDispatched (node:internal/stream_base_commons:160:15)
    at writeGeneric (node:internal/stream_base_commons:151:3)
    at Socket._writeGeneric (node:net:917:11)
    at Socket._write (node:net:929:8)
    at writeOrBuffer (node:internal/streams/writable:392:12)
    at _write (node:internal/streams/writable:333:10)
    at Writable.write (node:internal/streams/writable:337:10)
    at Console.log (/usr/local/lib/node_modules/firebase-tools/node_modules/winston/lib/winston/transports/console.js:79:23)
    at Console._write (/usr/local/lib/node_modules/firebase-tools/node_modules/winston-transport/index.js:103:17)
    at doWrite (/usr/local/lib/node_modules/firebase-tools/node_modules/winston-transport/node_modules/readable-stream/lib/_stream_writable.js:428:64)
    at writeOrBuffer (/usr/local/lib/node_modules/firebase-tools/node_modules/winston-transport/node_modules/readable-stream/lib/_stream_writable.js:417:5)
    at Writable.write (/usr/local/lib/node_modules/firebase-tools/node_modules/winston-transport/node_modules/readable-stream/lib/_stream_writable.js:334:11)
    at DerivedLogger.ondata (/usr/local/lib/node_modules/firebase-tools/node_modules/readable-stream/lib/_stream_readable.js:681:20)
    at DerivedLogger.emit (node:events:525:35)
    at DerivedLogger.emit (node:domain:489:12)
    at addChunk (/usr/local/lib/node_modules/firebase-tools/node_modules/readable-stream/lib/_stream_readable.js:298:12)
[error] 
[error] Error: An unexpected error has occurred.
[debug] [2023-02-06T18:47:53.066Z] Error: write EIO
    at afterWriteDispatched (node:internal/stream_base_commons:160:15)
    at writeGeneric (node:internal/stream_base_commons:151:3)
    at Socket._writeGeneric (node:net:917:11)
    at Socket._write (node:net:929:8)
    at writeOrBuffer (node:internal/streams/writable:392:12)
    at _write (node:internal/streams/writable:333:10)
    at Writable.write (node:internal/streams/writable:337:10)
    at Console.log (/usr/local/lib/node_modules/firebase-tools/node_modules/winston/lib/winston/transports/console.js:79:23)
    at Console._write (/usr/local/lib/node_modules/firebase-tools/node_modules/winston-transport/index.js:103:17)
    at doWrite (/usr/local/lib/node_modules/firebase-tools/node_modules/winston-transport/node_modules/readable-stream/lib/_stream_writable.js:428:64)
    at writeOrBuffer (/usr/local/lib/node_modules/firebase-tools/node_modules/winston-transport/node_modules/readable-stream/lib/_stream_writable.js:417:5)
    at Writable.write (/usr/local/lib/node_modules/firebase-tools/node_modules/winston-transport/node_modules/readable-stream/lib/_stream_writable.js:334:11)
    at DerivedLogger.ondata (/usr/local/lib/node_modules/firebase-tools/node_modules/readable-stream/lib/_stream_readable.js:681:20)
    at DerivedLogger.emit (node:events:525:35)
    at DerivedLogger.emit (node:domain:489:12)
    at addChunk (/usr/local/lib/node_modules/firebase-tools/node_modules/readable-stream/lib/_stream_readable.js:298:12)
[error] 
[error] Error: An unexpected error has occurred.
[debug] [2023-02-06T18:47:53.066Z] Error: write EIO
    at afterWriteDispatched (node:internal/stream_base_commons:160:15)
    at writeGeneric (node:internal/stream_base_commons:151:3)
    at Socket._writeGeneric (node:net:917:11)
    at Socket._write (node:net:929:8)
    at writeOrBuffer (node:internal/streams/writable:392:12)
    at _write (node:internal/streams/writable:333:10)
    at Writable.write (node:internal/streams/writable:337:10)
    at Console.log (/usr/local/lib/node_modules/firebase-tools/node_modules/winston/lib/winston/transports/console.js:79:23)
    at Console._write (/usr/local/lib/node_modules/firebase-tools/node_modules/winston-transport/index.js:103:17)
    at doWrite (/usr/local/lib/node_modules/firebase-tools/node_modules/winston-transport/node_modules/readable-stream/lib/_stream_writable.js:428:64)
    at writeOrBuffer (/usr/local/lib/node_modules/firebase-tools/node_modules/winston-transport/node_modules/readable-stream/lib/_stream_writable.js:417:5)
    at Writable.write (/usr/local/lib/node_modules/firebase-tools/node_modules/winston-transport/node_modules/readable-stream/lib/_stream_writable.js:334:11)
    at DerivedLogger.ondata (/usr/local/lib/node_modules/firebase-tools/node_modules/readable-stream/lib/_stream_readable.js:681:20)
    at DerivedLogger.emit (node:events:525:35)
    at DerivedLogger.emit (node:domain:489:12)
    at addChunk (/usr/local/lib/node_modules/firebase-tools/node_modules/readable-stream/lib/_stream_readable.js:298:12)
[error] 
[error] Error: An unexpected error has occurred.
[debug] [2023-02-06T18:47:53.066Z] Error: write EIO
    at afterWriteDispatched (node:internal/stream_base_commons:160:15)
    at writeGeneric (node:internal/stream_base_commons:151:3)
    at Socket._writeGeneric (node:net:917:11)
    at Socket._write (node:net:929:8)
    at writeOrBuffer (node:internal/streams/writable:392:12)
    at _write (node:internal/streams/writable:333:10)
    at Writable.write (node:internal/streams/writable:337:10)
    at Console.log (/usr/local/lib/node_modules/firebase-tools/node_modules/winston/lib/winston/transports/console.js:79:23)
    at Console._write (/usr/local/lib/node_modules/firebase-tools/node_modules/winston-transport/index.js:103:17)
    at doWrite (/usr/local/lib/node_modules/firebase-tools/node_modules/winston-transport/node_modules/readable-stream/lib/_stream_writable.js:428:64)
    at writeOrBuffer (/usr/local/lib/node_modules/firebase-tools/node_modules/winston-transport/node_modules/readable-stream/lib/_stream_writable.js:417:5)
    at Writable.write (/usr/local/lib/node_modules/firebase-tools/node_modules/winston-transport/node_modules/readable-stream/lib/_stream_writable.js:334:11)
    at DerivedLogger.ondata (/usr/local/lib/node_modules/firebase-tools/node_modules/readable-stream/lib/_stream_readable.js:681:20)
    at DerivedLogger.emit (node:events:525:35)
    at DerivedLogger.emit (node:domain:489:12)
    at addChunk (/usr/local/lib/node_modules/firebase-tools/node_modules/readable-stream/lib/_stream_readable.js:298:12)
[error] 
[error] Error: An unexpected error has occurred.
[debug] [2023-02-06T18:47:53.066Z] Error: write EIO
    at afterWriteDispatched (node:internal/stream_base_commons:160:15)
    at writeGeneric (node:internal/stream_base_commons:151:3)
    at Socket._writeGeneric (node:net:917:11)
    at Socket._write (node:net:929:8)
    at writeOrBuffer (node:internal/streams/writable:392:12)
    at _write (node:internal/streams/writable:333:10)
    at Writable.write (node:internal/streams/writable:337:10)
    at Console.log (/usr/local/lib/node_modules/firebase-tools/node_modules/winston/lib/winston/transports/console.js:79:23)
    at Console._write (/usr/local/lib/node_modules/firebase-tools/node_modules/winston-transport/index.js:103:17)
    at doWrite (/usr/local/lib/node_modules/firebase-tools/node_modules/winston-transport/node_modules/readable-stream/lib/_stream_writable.js:428:64)
    at writeOrBuffer (/usr/local/lib/node_modules/firebase-tools/node_modules/winston-transport/node_modules/readable-stream/lib/_stream_writable.js:417:5)
    at Writable.write (/usr/local/lib/node_modules/firebase-tools/node_modules/winston-transport/node_modules/readable-stream/lib/_stream_writable.js:334:11)
    at DerivedLogger.ondata (/usr/local/lib/node_modules/firebase-tools/node_modules/readable-stream/lib/_stream_readable.js:681:20)
    at DerivedLogger.emit (node:events:525:35)
    at DerivedLogger.emit (node:domain:489:12)
    at addChunk (/usr/local/lib/node_modules/firebase-tools/node_modules/readable-stream/lib/_stream_readable.js:298:12)
[error] 
[error] Error: An unexpected error has occurred.
[debug] [2023-02-06T18:47:53.066Z] Error: write EIO
    at afterWriteDispatched (node:internal/stream_base_commons:160:15)
    at writeGeneric (node:internal/stream_base_commons:151:3)
    at Socket._writeGeneric (node:net:917:11)
    at Socket._write (node:net:929:8)
    at writeOrBuffer (node:internal/streams/writable:392:12)
    at _write (node:internal/streams/writable:333:10)
    at Writable.write (node:internal/streams/writable:337:10)
    at Console.log (/usr/local/lib/node_modules/firebase-tools/node_modules/winston/lib/winston/transports/console.js:79:23)
    at Console._write (/usr/local/lib/node_modules/firebase-tools/node_modules/winston-transport/index.js:103:17)
    at doWrite (/usr/local/lib/node_modules/firebase-tools/node_modules/winston-transport/node_modules/readable-stream/lib/_stream_writable.js:428:64)
    at writeOrBuffer (/usr/local/lib/node_modules/firebase-tools/node_modules/winston-transport/node_modules/readable-stream/lib/_stream_writable.js:417:5)
    at Writable.write (/usr/local/lib/node_modules/firebase-tools/node_modules/winston-transport/node_modules/readable-stream/lib/_stream_writable.js:334:11)
    at DerivedLogger.ondata (/usr/local/lib/node_modules/firebase-tools/node_modules/readable-stream/lib/_stream_readable.js:681:20)
    at DerivedLogger.emit (node:events:525:35)
    at DerivedLogger.emit (node:domain:489:12)
    at addChunk (/usr/local/lib/node_modules/firebase-tools/node_modules/readable-stream/lib/_stream_readable.js:298:12)
[error] 
[error] Error: An unexpected error has occurred.
[debug] [2023-02-06T18:47:53.067Z] Error: write EIO
    at afterWriteDispatched (node:internal/stream_base_commons:160:15)
    at writeGeneric (node:internal/stream_base_commons:151:3)
    at Socket._writeGeneric (node:net:917:11)
    at Socket._write (node:net:929:8)
    at writeOrBuffer (node:internal/streams/writable:392:12)
    at _write (node:internal/streams/writable:333:10)
    at Writable.write (node:internal/streams/writable:337:10)
    at Console.log (/usr/local/lib/node_modules/firebase-tools/node_modules/winston/lib/winston/transports/console.js:79:23)
    at Console._write (/usr/local/lib/node_modules/firebase-tools/node_modules/winston-transport/index.js:103:17)
    at doWrite (/usr/local/lib/node_modules/firebase-tools/node_modules/winston-transport/node_modules/readable-stream/lib/_stream_writable.js:428:64)
    at writeOrBuffer (/usr/local/lib/node_modules/firebase-tools/node_modules/winston-transport/node_modules/readable-stream/lib/_stream_writable.js:417:5)
    at Writable.write (/usr/local/lib/node_modules/firebase-tools/node_modules/winston-transport/node_modules/readable-stream/lib/_stream_writable.js:334:11)
    at DerivedLogger.ondata (/usr/local/lib/node_modules/firebase-tools/node_modules/readable-stream/lib/_stream_readable.js:681:20)
    at DerivedLogger.emit (node:events:525:35)
    at DerivedLogger.emit (node:domain:489:12)
    at Readable.read (/usr/local/lib/node_modules/firebase-tools/node_modules/readable-stream/lib/_stream_readable.js:483:26)
[error] 
[error] Error: An unexpected error has occurred.
[debug] [2023-02-06T18:47:53.067Z] Error: write EIO
    at afterWriteDispatched (node:internal/stream_base_commons:160:15)
    at writeGeneric (node:internal/stream_base_commons:151:3)
    at Socket._writeGeneric (node:net:917:11)
    at Socket._write (node:net:929:8)
    at writeOrBuffer (node:internal/streams/writable:392:12)
    at _write (node:internal/streams/writable:333:10)
    at Writable.write (node:internal/streams/writable:337:10)
    at Console.log (/usr/local/lib/node_modules/firebase-tools/node_modules/winston/lib/winston/transports/console.js:79:23)
    at Console._write (/usr/local/lib/node_modules/firebase-tools/node_modules/winston-transport/index.js:103:17)
    at doWrite (/usr/local/lib/node_modules/firebase-tools/node_modules/winston-transport/node_modules/readable-stream/lib/_stream_writable.js:428:64)
    at writeOrBuffer (/usr/local/lib/node_modules/firebase-tools/node_modules/winston-transport/node_modules/readable-stream/lib/_stream_writable.js:417:5)
    at Writable.write (/usr/local/lib/node_modules/firebase-tools/node_modules/winston-transport/node_modules/readable-stream/lib/_stream_writable.js:334:11)
    at DerivedLogger.ondata (/usr/local/lib/node_modules/firebase-tools/node_modules/readable-stream/lib/_stream_readable.js:681:20)
    at DerivedLogger.emit (node:events:525:35)
    at DerivedLogger.emit (node:domain:489:12)
    at addChunk (/usr/local/lib/node_modules/firebase-tools/node_modules/readable-stream/lib/_stream_readable.js:298:12)
[error] 
[error] Error: An unexpected error has occurred.
[debug] [2023-02-06T18:47:53.067Z] Error: write EIO
    at afterWriteDispatched (node:internal/stream_base_commons:160:15)
    at writeGeneric (node:internal/stream_base_commons:151:3)
    at Socket._writeGeneric (node:net:917:11)
    at Socket._write (node:net:929:8)
    at writeOrBuffer (node:internal/streams/writable:392:12)
    at _write (node:internal/streams/writable:333:10)
    at Writable.write (node:internal/streams/writable:337:10)
    at Console.log (/usr/local/lib/node_modules/firebase-tools/node_modules/winston/lib/winston/transports/console.js:79:23)
    at Console._write (/usr/local/lib/node_modules/firebase-tools/node_modules/winston-transport/index.js:103:17)
    at doWrite (/usr/local/lib/node_modules/firebase-tools/node_modules/winston-transport/node_modules/readable-stream/lib/_stream_writable.js:428:64)
    at writeOrBuffer (/usr/local/lib/node_modules/firebase-tools/node_modules/winston-transport/node_modules/readable-stream/lib/_stream_writable.js:417:5)
    at Writable.write (/usr/local/lib/node_modules/firebase-tools/node_modules/winston-transport/node_modules/readable-stream/lib/_stream_writable.js:334:11)
    at DerivedLogger.ondata (/usr/local/lib/node_modules/firebase-tools/node_modules/readable-stream/lib/_stream_readable.js:681:20)
    at DerivedLogger.emit (node:events:525:35)
    at DerivedLogger.emit (node:domain:489:12)
    at addChunk (/usr/local/lib/node_modules/firebase-tools/node_modules/readable-stream/lib/_stream_readable.js:298:12)
[error] 
[error] Error: An unexpected error has occurred.
[debug] [2023-02-06T18:47:53.068Z] Error: write EIO
    at afterWriteDispatched (node:internal/stream_base_commons:160:15)
    at writeGeneric (node:internal/stream_base_commons:151:3)
    at Socket._writeGeneric (node:net:917:11)
    at Socket._write (node:net:929:8)
    at writeOrBuffer (node:internal/streams/writable:392:12)
    at _write (node:internal/streams/writable:333:10)
    at Writable.write (node:internal/streams/writable:337:10)
    at Console.log (/usr/local/lib/node_modules/firebase-tools/node_modules/winston/lib/winston/transports/console.js:79:23)
    at Console._write (/usr/local/lib/node_modules/firebase-tools/node_modules/winston-transport/index.js:103:17)
    at doWrite (/usr/local/lib/node_modules/firebase-tools/node_modules/winston-transport/node_modules/readable-stream/lib/_stream_writable.js:428:64)
    at writeOrBuffer (/usr/local/lib/node_modules/firebase-tools/node_modules/winston-transport/node_modules/readable-stream/lib/_stream_writable.js:417:5)
    at Writable.write (/usr/local/lib/node_modules/firebase-tools/node_modules/winston-transport/node_modules/readable-stream/lib/_stream_writable.js:334:11)
    at DerivedLogger.ondata (/usr/local/lib/node_modules/firebase-tools/node_modules/readable-stream/lib/_stream_readable.js:681:20)
    at DerivedLogger.emit (node:events:525:35)
    at DerivedLogger.emit (node:domain:489:12)
    at addChunk (/usr/local/lib/node_modules/firebase-tools/node_modules/readable-stream/lib/_stream_readable.js:298:12)
[error] 
[error] Error: An unexpected error has occurred.
[debug] [2023-02-06T18:47:53.068Z] Error: write EIO
    at afterWriteDispatched (node:internal/stream_base_commons:160:15)
    at writeGeneric (node:internal/stream_base_commons:151:3)
    at Socket._writeGeneric (node:net:917:11)
    at Socket._write (node:net:929:8)
    at writeOrBuffer (node:internal/streams/writable:392:12)
    at _write (node:internal/streams/writable:333:10)
    at Writable.write (node:internal/streams/writable:337:10)
    at Console.log (/usr/local/lib/node_modules/firebase-tools/node_modules/winston/lib/winston/transports/console.js:79:23)
    at Console._write (/usr/local/lib/node_modules/firebase-tools/node_modules/winston-transport/index.js:103:17)
    at doWrite (/usr/local/lib/node_modules/firebase-tools/node_modules/winston-transport/node_modules/readable-stream/lib/_stream_writable.js:428:64)
    at writeOrBuffer (/usr/local/lib/node_modules/firebase-tools/node_modules/winston-transport/node_modules/readable-stream/lib/_stream_writable.js:417:5)
    at Writable.write (/usr/local/lib/node_modules/firebase-tools/node_modules/winston-transport/node_modules/readable-stream/lib/_stream_writable.js:334:11)
    at DerivedLogger.ondata (/usr/local/lib/node_modules/firebase-tools/node_modules/readable-stream/lib/_stream_readable.js:681:20)
    at DerivedLogger.emit (node:events:525:35)
    at DerivedLogger.emit (node:domain:489:12)
    at addChunk (/usr/local/lib/node_modules/firebase-tools/node_modules/readable-stream/lib/_stream_readable.js:298:12)
[error] 
[error] Error: An unexpected error has occurred.
[debug] [2023-02-06T18:47:53.068Z] Error: write EIO
    at afterWriteDispatched (node:internal/stream_base_commons:160:15)
    at writeGeneric (node:internal/stream_base_commons:151:3)
    at Socket._writeGeneric (node:net:917:11)
    at Socket._write (node:net:929:8)
    at writeOrBuffer (node:internal/streams/writable:392:12)
    at _write (node:internal/streams/writable:333:10)
    at Writable.write (node:internal/streams/writable:337:10)
    at Console.log (/usr/local/lib/node_modules/firebase-tools/node_modules/winston/lib/winston/transports/console.js:79:23)
    at Console._write (/usr/local/lib/node_modules/firebase-tools/node_modules/winston-transport/index.js:103:17)
    at doWrite (/usr/local/lib/node_modules/firebase-tools/node_modules/winston-transport/node_modules/readable-stream/lib/_stream_writable.js:428:64)
    at writeOrBuffer (/usr/local/lib/node_modules/firebase-tools/node_modules/winston-transport/node_modules/readable-stream/lib/_stream_writable.js:417:5)
    at Writable.write (/usr/local/lib/node_modules/firebase-tools/node_modules/winston-transport/node_modules/readable-stream/lib/_stream_writable.js:334:11)
    at DerivedLogger.ondata (/usr/local/lib/node_modules/firebase-tools/node_modules/readable-stream/lib/_stream_readable.js:681:20)
    at DerivedLogger.emit (node:events:525:35)
    at DerivedLogger.emit (node:domain:489:12)
    at addChunk (/usr/local/lib/node_modules/firebase-tools/node_modules/readable-stream/lib/_stream_readable.js:298:12)
[error] 
[error] Error: An unexpected error has occurred.
[debug] [2023-02-06T18:47:53.068Z] Error: write EIO
    at afterWriteDispatched (node:internal/stream_base_commons:160:15)
    at writeGeneric (node:internal/stream_base_commons:151:3)
    at Socket._writeGeneric (node:net:917:11)
    at Socket._write (node:net:929:8)
    at writeOrBuffer (node:internal/streams/writable:392:12)
    at _write (node:internal/streams/writable:333:10)
    at Writable.write (node:internal/streams/writable:337:10)
    at Console.log (/usr/local/lib/node_modules/firebase-tools/node_modules/winston/lib/winston/transports/console.js:79:23)
    at Console._write (/usr/local/lib/node_modules/firebase-tools/node_modules/winston-transport/index.js:103:17)
    at doWrite (/usr/local/lib/node_modules/firebase-tools/node_modules/winston-transport/node_modules/readable-stream/lib/_stream_writable.js:428:64)
    at writeOrBuffer (/usr/local/lib/node_modules/firebase-tools/node_modules/winston-transport/node_modules/readable-stream/lib/_stream_writable.js:417:5)
    at Writable.write (/usr/local/lib/node_modules/firebase-tools/node_modules/winston-transport/node_modules/readable-stream/lib/_stream_writable.js:334:11)
    at DerivedLogger.ondata (/usr/local/lib/node_modules/firebase-tools/node_modules/readable-stream/lib/_stream_readable.js:681:20)
    at DerivedLogger.emit (node:events:525:35)
    at DerivedLogger.emit (node:domain:489:12)
    at addChunk (/usr/local/lib/node_modules/firebase-tools/node_modules/readable-stream/lib/_stream_readable.js:298:12)
[error] 
[error] Error: An unexpected error has occurred.
[debug] [2023-02-06T18:47:53.068Z] Error: write EIO
    at afterWriteDispatched (node:internal/stream_base_commons:160:15)
    at writeGeneric (node:internal/stream_base_commons:151:3)
    at Socket._writeGeneric (node:net:917:11)
    at Socket._write (node:net:929:8)
    at writeOrBuffer (node:internal/streams/writable:392:12)
    at _write (node:internal/streams/writable:333:10)
    at Writable.write (node:internal/streams/writable:337:10)
    at Console.log (/usr/local/lib/node_modules/firebase-tools/node_modules/winston/lib/winston/transports/console.js:79:23)
    at Console._write (/usr/local/lib/node_modules/firebase-tools/node_modules/winston-transport/index.js:103:17)
    at doWrite (/usr/local/lib/node_modules/firebase-tools/node_modules/winston-transport/node_modules/readable-stream/lib/_stream_writable.js:428:64)
    at writeOrBuffer (/usr/local/lib/node_modules/firebase-tools/node_modules/winston-transport/node_modules/readable-stream/lib/_stream_writable.js:417:5)
    at Writable.write (/usr/local/lib/node_modules/firebase-tools/node_modules/winston-transport/node_modules/readable-stream/lib/_stream_writable.js:334:11)
    at DerivedLogger.ondata (/usr/local/lib/node_modules/firebase-tools/node_modules/readable-stream/lib/_stream_readable.js:681:20)
    at DerivedLogger.emit (node:events:525:35)
    at DerivedLogger.emit (node:domain:489:12)
    at addChunk (/usr/local/lib/node_modules/firebase-tools/node_modules/readable-stream/lib/_stream_readable.js:298:12)
[error] 
[error] Error: An unexpected error has occurred.
[debug] [2023-02-06T18:47:53.068Z] Error: write EIO
    at afterWriteDispatched (node:internal/stream_base_commons:160:15)
    at writeGeneric (node:internal/stream_base_commons:151:3)
    at Socket._writeGeneric (node:net:917:11)
    at Socket._write (node:net:929:8)
    at writeOrBuffer (node:internal/streams/writable:392:12)
    at _write (node:internal/streams/writable:333:10)
    at Writable.write (node:internal/streams/writable:337:10)
    at Console.log (/usr/local/lib/node_modules/firebase-tools/node_modules/winston/lib/winston/transports/console.js:79:23)
    at Console._write (/usr/local/lib/node_modules/firebase-tools/node_modules/winston-transport/index.js:103:17)
    at doWrite (/usr/local/lib/node_modules/firebase-tools/node_modules/winston-transport/node_modules/readable-stream/lib/_stream_writable.js:428:64)
    at writeOrBuffer (/usr/local/lib/node_modules/firebase-tools/node_modules/winston-transport/node_modules/readable-stream/lib/_stream_writable.js:417:5)
    at Writable.write (/usr/local/lib/node_modules/firebase-tools/node_modules/winston-transport/node_modules/readable-stream/lib/_stream_writable.js:334:11)
    at DerivedLogger.ondata (/usr/local/lib/node_modules/firebase-tools/node_modules/readable-stream/lib/_stream_readable.js:681:20)
    at DerivedLogger.emit (node:events:525:35)
    at DerivedLogger.emit (node:domain:489:12)
    at addChunk (/usr/local/lib/node_modules/firebase-tools/node_modules/readable-stream/lib/_stream_readable.js:298:12)
[error] 
[error] Error: An unexpected error has occurred.
[debug] [2023-02-06T18:47:53.068Z] Error: write EIO
    at afterWriteDispatched (node:internal/stream_base_commons:160:15)
    at writeGeneric (node:internal/stream_base_commons:151:3)
    at Socket._writeGeneric (node:net:917:11)
    at Socket._write (node:net:929:8)
    at writeOrBuffer (node:internal/streams/writable:392:12)
    at _write (node:internal/streams/writable:333:10)
    at Writable.write (node:internal/streams/writable:337:10)
    at Console.log (/usr/local/lib/node_modules/firebase-tools/node_modules/winston/lib/winston/transports/console.js:79:23)
    at Console._write (/usr/local/lib/node_modules/firebase-tools/node_modules/winston-transport/index.js:103:17)
    at doWrite (/usr/local/lib/node_modules/firebase-tools/node_modules/winston-transport/node_modules/readable-stream/lib/_stream_writable.js:428:64)
    at writeOrBuffer (/usr/local/lib/node_modules/firebase-tools/node_modules/winston-transport/node_modules/readable-stream/lib/_stream_writable.js:417:5)
    at Writable.write (/usr/local/lib/node_modules/firebase-tools/node_modules/winston-transport/node_modules/readable-stream/lib/_stream_writable.js:334:11)
    at DerivedLogger.ondata (/usr/local/lib/node_modules/firebase-tools/node_modules/readable-stream/lib/_stream_readable.js:681:20)
    at DerivedLogger.emit (node:events:525:35)
    at DerivedLogger.emit (node:domain:489:12)
    at addChunk (/usr/local/lib/node_modules/firebase-tools/node_modules/readable-stream/lib/_stream_readable.js:298:12)
[error] 
[error] Error: An unexpected error has occurred.
[debug] [2023-02-06T18:47:53.069Z] Error: write EIO
    at afterWriteDispatched (node:internal/stream_base_commons:160:15)
    at writeGeneric (node:internal/stream_base_commons:151:3)
    at Socket._writeGeneric (node:net:917:11)
    at Socket._write (node:net:929:8)
    at writeOrBuffer (node:internal/streams/writable:392:12)
    at _write (node:internal/streams/writable:333:10)
    at Writable.write (node:internal/streams/writable:337:10)
    at Console.log (/usr/local/lib/node_modules/firebase-tools/node_modules/winston/lib/winston/transports/console.js:79:23)
    at Console._write (/usr/local/lib/node_modules/firebase-tools/node_modules/winston-transport/index.js:103:17)
    at doWrite (/usr/local/lib/node_modules/firebase-tools/node_modules/winston-transport/node_modules/readable-stream/lib/_stream_writable.js:428:64)
    at writeOrBuffer (/usr/local/lib/node_modules/firebase-tools/node_modules/winston-transport/node_modules/readable-stream/lib/_stream_writable.js:417:5)
    at Writable.write (/usr/local/lib/node_modules/firebase-tools/node_modules/winston-transport/node_modules/readable-stream/lib/_stream_writable.js:334:11)
    at DerivedLogger.ondata (/usr/local/lib/node_modules/firebase-tools/node_modules/readable-stream/lib/_stream_readable.js:681:20)
    at DerivedLogger.emit (node:events:525:35)
    at DerivedLogger.emit (node:domain:489:12)
    at addChunk (/usr/local/lib/node_modules/firebase-tools/node_modules/readable-stream/lib/_stream_readable.js:298:12)
[error] 
[error] Error: An unexpected error has occurred.
[debug] [2023-02-06T18:47:53.069Z] Error: write EIO
    at afterWriteDispatched (node:internal/stream_base_commons:160:15)
    at writeGeneric (node:internal/stream_base_commons:151:3)
    at Socket._writeGeneric (node:net:917:11)
    at Socket._write (node:net:929:8)
    at writeOrBuffer (node:internal/streams/writable:392:12)
    at _write (node:internal/streams/writable:333:10)
    at Writable.write (node:internal/streams/writable:337:10)
    at Console.log (/usr/local/lib/node_modules/firebase-tools/node_modules/winston/lib/winston/transports/console.js:79:23)
    at Console._write (/usr/local/lib/node_modules/firebase-tools/node_modules/winston-transport/index.js:103:17)
    at doWrite (/usr/local/lib/node_modules/firebase-tools/node_modules/winston-transport/node_modules/readable-stream/lib/_stream_writable.js:428:64)
    at writeOrBuffer (/usr/local/lib/node_modules/firebase-tools/node_modules/winston-transport/node_modules/readable-stream/lib/_stream_writable.js:417:5)
    at Writable.write (/usr/local/lib/node_modules/firebase-tools/node_modules/winston-transport/node_modules/readable-stream/lib/_stream_writable.js:334:11)
    at DerivedLogger.ondata (/usr/local/lib/node_modules/firebase-tools/node_modules/readable-stream/lib/_stream_readable.js:681:20)
    at DerivedLogger.emit (node:events:525:35)
    at DerivedLogger.emit (node:domain:489:12)
    at Readable.read (/usr/local/lib/node_modules/firebase-tools/node_modules/readable-stream/lib/_stream_readable.js:483:26)
[error] 
[error] Error: An unexpected error has occurred.
[debug] [2023-02-06T18:47:53.069Z] Error: write EIO
    at afterWriteDispatched (node:internal/stream_base_commons:160:15)
    at writeGeneric (node:internal/stream_base_commons:151:3)
    at Socket._writeGeneric (node:net:917:11)
    at Socket._write (node:net:929:8)
    at writeOrBuffer (node:internal/streams/writable:392:12)
    at _write (node:internal/streams/writable:333:10)
    at Writable.write (node:internal/streams/writable:337:10)
    at Console.log (/usr/local/lib/node_modules/firebase-tools/node_modules/winston/lib/winston/transports/console.js:79:23)
    at Console._write (/usr/local/lib/node_modules/firebase-tools/node_modules/winston-transport/index.js:103:17)
    at doWrite (/usr/local/lib/node_modules/firebase-tools/node_modules/winston-transport/node_modules/readable-stream/lib/_stream_writable.js:428:64)
    at writeOrBuffer (/usr/local/lib/node_modules/firebase-tools/node_modules/winston-transport/node_modules/readable-stream/lib/_stream_writable.js:417:5)
    at Writable.write (/usr/local/lib/node_modules/firebase-tools/node_modules/winston-transport/node_modules/readable-stream/lib/_stream_writable.js:334:11)
    at DerivedLogger.ondata (/usr/local/lib/node_modules/firebase-tools/node_modules/readable-stream/lib/_stream_readable.js:681:20)
    at DerivedLogger.emit (node:events:525:35)
    at DerivedLogger.emit (node:domain:489:12)
    at addChunk (/usr/local/lib/node_modules/firebase-tools/node_modules/readable-stream/lib/_stream_readable.js:298:12)
[error] 
[error] Error: An unexpected error has occurred.
[debug] [2023-02-06T18:47:53.069Z] Error: write EIO
    at afterWriteDispatched (node:internal/stream_base_commons:160:15)
    at writeGeneric (node:internal/stream_base_commons:151:3)
    at Socket._writeGeneric (node:net:917:11)
    at Socket._write (node:net:929:8)
    at writeOrBuffer (node:internal/streams/writable:392:12)
    at _write (node:internal/streams/writable:333:10)
    at Writable.write (node:internal/streams/writable:337:10)
    at Console.log (/usr/local/lib/node_modules/firebase-tools/node_modules/winston/lib/winston/transports/console.js:79:23)
    at Console._write (/usr/local/lib/node_modules/firebase-tools/node_modules/winston-transport/index.js:103:17)
    at doWrite (/usr/local/lib/node_modules/firebase-tools/node_modules/winston-transport/node_modules/readable-stream/lib/_stream_writable.js:428:64)
    at writeOrBuffer (/usr/local/lib/node_modules/firebase-tools/node_modules/winston-transport/node_modules/readable-stream/lib/_stream_writable.js:417:5)
    at Writable.write (/usr/local/lib/node_modules/firebase-tools/node_modules/winston-transport/node_modules/readable-stream/lib/_stream_writable.js:334:11)
    at DerivedLogger.ondata (/usr/local/lib/node_modules/firebase-tools/node_modules/readable-stream/lib/_stream_readable.js:681:20)
    at DerivedLogger.emit (node:events:525:35)
    at DerivedLogger.emit (node:domain:489:12)
    at addChunk (/usr/local/lib/node_modules/firebase-tools/node_modules/readable-stream/lib/_stream_readable.js:298:12)
[error] 
[error] Error: An unexpected error has occurred.
[debug] [2023-02-06T18:47:53.069Z] Error: write EIO
    at afterWriteDispatched (node:internal/stream_base_commons:160:15)
    at writeGeneric (node:internal/stream_base_commons:151:3)
    at Socket._writeGeneric (node:net:917:11)
    at Socket._write (node:net:929:8)
    at writeOrBuffer (node:internal/streams/writable:392:12)
    at _write (node:internal/streams/writable:333:10)
    at Writable.write (node:internal/streams/writable:337:10)
    at Console.log (/usr/local/lib/node_modules/firebase-tools/node_modules/winston/lib/winston/transports/console.js:79:23)
    at Console._write (/usr/local/lib/node_modules/firebase-tools/node_modules/winston-transport/index.js:103:17)
    at doWrite (/usr/local/lib/node_modules/firebase-tools/node_modules/winston-transport/node_modules/readable-stream/lib/_stream_writable.js:428:64)
    at writeOrBuffer (/usr/local/lib/node_modules/firebase-tools/node_modules/winston-transport/node_modules/readable-stream/lib/_stream_writable.js:417:5)
    at Writable.write (/usr/local/lib/node_modules/firebase-tools/node_modules/winston-transport/node_modules/readable-stream/lib/_stream_writable.js:334:11)
    at DerivedLogger.ondata (/usr/local/lib/node_modules/firebase-tools/node_modules/readable-stream/lib/_stream_readable.js:681:20)
    at DerivedLogger.emit (node:events:525:35)
    at DerivedLogger.emit (node:domain:489:12)
    at addChunk (/usr/local/lib/node_modules/firebase-tools/node_modules/readable-stream/lib/_stream_readable.js:298:12)
[error] 
[error] Error: An unexpected error has occurred.
[debug] [2023-02-06T18:47:53.070Z] Error: write EIO
    at afterWriteDispatched (node:internal/stream_base_commons:160:15)
    at writeGeneric (node:internal/stream_base_commons:151:3)
    at Socket._writeGeneric (node:net:917:11)
    at Socket._write (node:net:929:8)
    at writeOrBuffer (node:internal/streams/writable:392:12)
    at _write (node:internal/streams/writable:333:10)
    at Writable.write (node:internal/streams/writable:337:10)
    at Console.log (/usr/local/lib/node_modules/firebase-tools/node_modules/winston/lib/winston/transports/console.js:79:23)
    at Console._write (/usr/local/lib/node_modules/firebase-tools/node_modules/winston-transport/index.js:103:17)
    at doWrite (/usr/local/lib/node_modules/firebase-tools/node_modules/winston-transport/node_modules/readable-stream/lib/_stream_writable.js:428:64)
    at writeOrBuffer (/usr/local/lib/node_modules/firebase-tools/node_modules/winston-transport/node_modules/readable-stream/lib/_stream_writable.js:417:5)
    at Writable.write (/usr/local/lib/node_modules/firebase-tools/node_modules/winston-transport/node_modules/readable-stream/lib/_stream_writable.js:334:11)
    at DerivedLogger.ondata (/usr/local/lib/node_modules/firebase-tools/node_modules/readable-stream/lib/_stream_readable.js:681:20)
    at DerivedLogger.emit (node:events:525:35)
    at DerivedLogger.emit (node:domain:489:12)
    at addChunk (/usr/local/lib/node_modules/firebase-tools/node_modules/readable-stream/lib/_stream_readable.js:298:12)
[error] 
[error] Error: An unexpected error has occurred.
[debug] [2023-02-06T18:47:53.070Z] Error: write EIO
    at afterWriteDispatched (node:internal/stream_base_commons:160:15)
    at writeGeneric (node:internal/stream_base_commons:151:3)
    at Socket._writeGeneric (node:net:917:11)
    at Socket._write (node:net:929:8)
    at writeOrBuffer (node:internal/streams/writable:392:12)
    at _write (node:internal/streams/writable:333:10)
    at Writable.write (node:internal/streams/writable:337:10)
    at Console.log (/usr/local/lib/node_modules/firebase-tools/node_modules/winston/lib/winston/transports/console.js:79:23)
    at Console._write (/usr/local/lib/node_modules/firebase-tools/node_modules/winston-transport/index.js:103:17)
    at doWrite (/usr/local/lib/node_modules/firebase-tools/node_modules/winston-transport/node_modules/readable-stream/lib/_stream_writable.js:428:64)
    at writeOrBuffer (/usr/local/lib/node_modules/firebase-tools/node_modules/winston-transport/node_modules/readable-stream/lib/_stream_writable.js:417:5)
    at Writable.write (/usr/local/lib/node_modules/firebase-tools/node_modules/winston-transport/node_modules/readable-stream/lib/_stream_writable.js:334:11)
    at DerivedLogger.ondata (/usr/local/lib/node_modules/firebase-tools/node_modules/readable-stream/lib/_stream_readable.js:681:20)
    at DerivedLogger.emit (node:events:525:35)
    at DerivedLogger.emit (node:domain:489:12)
    at addChunk (/usr/local/lib/node_modules/firebase-tools/node_modules/readable-stream/lib/_stream_readable.js:298:12)
[error] 
[error] Error: An unexpected error has occurred.
[debug] [2023-02-06T18:47:53.070Z] Error: write EIO
    at afterWriteDispatched (node:internal/stream_base_commons:160:15)
    at writeGeneric (node:internal/stream_base_commons:151:3)
    at Socket._writeGeneric (node:net:917:11)
    at Socket._write (node:net:929:8)
    at writeOrBuffer (node:internal/streams/writable:392:12)
    at _write (node:internal/streams/writable:333:10)
    at Writable.write (node:internal/streams/writable:337:10)
    at Console.log (/usr/local/lib/node_modules/firebase-tools/node_modules/winston/lib/winston/transports/console.js:79:23)
    at Console._write (/usr/local/lib/node_modules/firebase-tools/node_modules/winston-transport/index.js:103:17)
    at doWrite (/usr/local/lib/node_modules/firebase-tools/node_modules/winston-transport/node_modules/readable-stream/lib/_stream_writable.js:428:64)
    at writeOrBuffer (/usr/local/lib/node_modules/firebase-tools/node_modules/winston-transport/node_modules/readable-stream/lib/_stream_writable.js:417:5)
    at Writable.write (/usr/local/lib/node_modules/firebase-tools/node_modules/winston-transport/node_modules/readable-stream/lib/_stream_writable.js:334:11)
    at DerivedLogger.ondata (/usr/local/lib/node_modules/firebase-tools/node_modules/readable-stream/lib/_stream_readable.js:681:20)
    at DerivedLogger.emit (node:events:525:35)
    at DerivedLogger.emit (node:domain:489:12)
    at addChunk (/usr/local/lib/node_modules/firebase-tools/node_modules/readable-stream/lib/_stream_readable.js:298:12)
[error] 
[error] Error: An unexpected error has occurred.
[debug] [2023-02-06T18:47:53.070Z] Error: write EIO
    at afterWriteDispatched (node:internal/stream_base_commons:160:15)
    at writeGeneric (node:internal/stream_base_commons:151:3)
    at Socket._writeGeneric (node:net:917:11)
    at Socket._write (node:net:929:8)
    at writeOrBuffer (node:internal/streams/writable:392:12)
    at _write (node:internal/streams/writable:333:10)
    at Writable.write (node:internal/streams/writable:337:10)
    at Console.log (/usr/local/lib/node_modules/firebase-tools/node_modules/winston/lib/winston/transports/console.js:79:23)
    at Console._write (/usr/local/lib/node_modules/firebase-tools/node_modules/winston-transport/index.js:103:17)
    at doWrite (/usr/local/lib/node_modules/firebase-tools/node_modules/winston-transport/node_modules/readable-stream/lib/_stream_writable.js:428:64)
    at writeOrBuffer (/usr/local/lib/node_modules/firebase-tools/node_modules/winston-transport/node_modules/readable-stream/lib/_stream_writable.js:417:5)
    at Writable.write (/usr/local/lib/node_modules/firebase-tools/node_modules/winston-transport/node_modules/readable-stream/lib/_stream_writable.js:334:11)
    at DerivedLogger.ondata (/usr/local/lib/node_modules/firebase-tools/node_modules/readable-stream/lib/_stream_readable.js:681:20)
    at DerivedLogger.emit (node:events:525:35)
    at DerivedLogger.emit (node:domain:489:12)
    at addChunk (/usr/local/lib/node_modules/firebase-tools/node_modules/readable-stream/lib/_stream_readable.js:298:12)
[error] 
[error] Error: An unexpected error has occurred.
[debug] [2023-02-06T18:47:53.070Z] Error: write EIO
    at afterWriteDispatched (node:internal/stream_base_commons:160:15)
    at writeGeneric (node:internal/stream_base_commons:151:3)
    at Socket._writeGeneric (node:net:917:11)
    at Socket._write (node:net:929:8)
    at writeOrBuffer (node:internal/streams/writable:392:12)
    at _write (node:internal/streams/writable:333:10)
    at Writable.write (node:internal/streams/writable:337:10)
    at Console.log (/usr/local/lib/node_modules/firebase-tools/node_modules/winston/lib/winston/transports/console.js:79:23)
    at Console._write (/usr/local/lib/node_modules/firebase-tools/node_modules/winston-transport/index.js:103:17)
    at doWrite (/usr/local/lib/node_modules/firebase-tools/node_modules/winston-transport/node_modules/readable-stream/lib/_stream_writable.js:428:64)
    at writeOrBuffer (/usr/local/lib/node_modules/firebase-tools/node_modules/winston-transport/node_modules/readable-stream/lib/_stream_writable.js:417:5)
    at Writable.write (/usr/local/lib/node_modules/firebase-tools/node_modules/winston-transport/node_modules/readable-stream/lib/_stream_writable.js:334:11)
    at DerivedLogger.ondata (/usr/local/lib/node_modules/firebase-tools/node_modules/readable-stream/lib/_stream_readable.js:681:20)
    at DerivedLogger.emit (node:events:525:35)
    at DerivedLogger.emit (node:domain:489:12)
    at addChunk (/usr/local/lib/node_modules/firebase-tools/node_modules/readable-stream/lib/_stream_readable.js:298:12)
[error] 
[error] Error: An unexpected error has occurred.
[debug] [2023-02-06T18:47:53.070Z] Error: write EIO
    at afterWriteDispatched (node:internal/stream_base_commons:160:15)
    at writeGeneric (node:internal/stream_base_commons:151:3)
    at Socket._writeGeneric (node:net:917:11)
    at Socket._write (node:net:929:8)
    at writeOrBuffer (node:internal/streams/writable:392:12)
    at _write (node:internal/streams/writable:333:10)
    at Writable.write (node:internal/streams/writable:337:10)
    at Console.log (/usr/local/lib/node_modules/firebase-tools/node_modules/winston/lib/winston/transports/console.js:79:23)
    at Console._write (/usr/local/lib/node_modules/firebase-tools/node_modules/winston-transport/index.js:103:17)
    at doWrite (/usr/local/lib/node_modules/firebase-tools/node_modules/winston-transport/node_modules/readable-stream/lib/_stream_writable.js:428:64)
    at writeOrBuffer (/usr/local/lib/node_modules/firebase-tools/node_modules/winston-transport/node_modules/readable-stream/lib/_stream_writable.js:417:5)
    at Writable.write (/usr/local/lib/node_modules/firebase-tools/node_modules/winston-transport/node_modules/readable-stream/lib/_stream_writable.js:334:11)
    at DerivedLogger.ondata (/usr/local/lib/node_modules/firebase-tools/node_modules/readable-stream/lib/_stream_readable.js:681:20)
    at DerivedLogger.emit (node:events:525:35)
    at DerivedLogger.emit (node:domain:489:12)
    at addChunk (/usr/local/lib/node_modules/firebase-tools/node_modules/readable-stream/lib/_stream_readable.js:298:12)
[error] 
[error] Error: An unexpected error has occurred.
[debug] [2023-02-06T18:47:53.070Z] Error: write EIO
    at afterWriteDispatched (node:internal/stream_base_commons:160:15)
    at writeGeneric (node:internal/stream_base_commons:151:3)
    at Socket._writeGeneric (node:net:917:11)
    at Socket._write (node:net:929:8)
    at writeOrBuffer (node:internal/streams/writable:392:12)
    at _write (node:internal/streams/writable:333:10)
    at Writable.write (node:internal/streams/writable:337:10)
    at Console.log (/usr/local/lib/node_modules/firebase-tools/node_modules/winston/lib/winston/transports/console.js:79:23)
    at Console._write (/usr/local/lib/node_modules/firebase-tools/node_modules/winston-transport/index.js:103:17)
    at doWrite (/usr/local/lib/node_modules/firebase-tools/node_modules/winston-transport/node_modules/readable-stream/lib/_stream_writable.js:428:64)
    at writeOrBuffer (/usr/local/lib/node_modules/firebase-tools/node_modules/winston-transport/node_modules/readable-stream/lib/_stream_writable.js:417:5)
    at Writable.write (/usr/local/lib/node_modules/firebase-tools/node_modules/winston-transport/node_modules/readable-stream/lib/_stream_writable.js:334:11)
    at DerivedLogger.ondata (/usr/local/lib/node_modules/firebase-tools/node_modules/readable-stream/lib/_stream_readable.js:681:20)
    at DerivedLogger.emit (node:events:525:35)
    at DerivedLogger.emit (node:domain:489:12)
    at addChunk (/usr/local/lib/node_modules/firebase-tools/node_modules/readable-stream/lib/_stream_readable.js:298:12)
[error] 
[error] Error: An unexpected error has occurred.
[debug] [2023-02-06T18:47:53.071Z] Error: write EIO
    at afterWriteDispatched (node:internal/stream_base_commons:160:15)
    at writeGeneric (node:internal/stream_base_commons:151:3)
    at Socket._writeGeneric (node:net:917:11)
    at Socket._write (node:net:929:8)
    at writeOrBuffer (node:internal/streams/writable:392:12)
    at _write (node:internal/streams/writable:333:10)
    at Writable.write (node:internal/streams/writable:337:10)
    at Console.log (/usr/local/lib/node_modules/firebase-tools/node_modules/winston/lib/winston/transports/console.js:79:23)
    at Console._write (/usr/local/lib/node_modules/firebase-tools/node_modules/winston-transport/index.js:103:17)
    at doWrite (/usr/local/lib/node_modules/firebase-tools/node_modules/winston-transport/node_modules/readable-stream/lib/_stream_writable.js:428:64)
    at writeOrBuffer (/usr/local/lib/node_modules/firebase-tools/node_modules/winston-transport/node_modules/readable-stream/lib/_stream_writable.js:417:5)
    at Writable.write (/usr/local/lib/node_modules/firebase-tools/node_modules/winston-transport/node_modules/readable-stream/lib/_stream_writable.js:334:11)
    at DerivedLogger.ondata (/usr/local/lib/node_modules/firebase-tools/node_modules/readable-stream/lib/_stream_readable.js:681:20)
    at DerivedLogger.emit (node:events:525:35)
    at DerivedLogger.emit (node:domain:489:12)
    at Readable.read (/usr/local/lib/node_modules/firebase-tools/node_modules/readable-stream/lib/_stream_readable.js:483:26)
[error] 
[error] Error: An unexpected error has occurred.
[debug] [2023-02-06T18:47:53.071Z] Error: write EIO
    at afterWriteDispatched (node:internal/stream_base_commons:160:15)
    at writeGeneric (node:internal/stream_base_commons:151:3)
    at Socket._writeGeneric (node:net:917:11)
    at Socket._write (node:net:929:8)
    at writeOrBuffer (node:internal/streams/writable:392:12)
    at _write (node:internal/streams/writable:333:10)
    at Writable.write (node:internal/streams/writable:337:10)
    at Console.log (/usr/local/lib/node_modules/firebase-tools/node_modules/winston/lib/winston/transports/console.js:79:23)
    at Console._write (/usr/local/lib/node_modules/firebase-tools/node_modules/winston-transport/index.js:103:17)
    at doWrite (/usr/local/lib/node_modules/firebase-tools/node_modules/winston-transport/node_modules/readable-stream/lib/_stream_writable.js:428:64)
    at writeOrBuffer (/usr/local/lib/node_modules/firebase-tools/node_modules/winston-transport/node_modules/readable-stream/lib/_stream_writable.js:417:5)
    at Writable.write (/usr/local/lib/node_modules/firebase-tools/node_modules/winston-transport/node_modules/readable-stream/lib/_stream_writable.js:334:11)
    at DerivedLogger.ondata (/usr/local/lib/node_modules/firebase-tools/node_modules/readable-stream/lib/_stream_readable.js:681:20)
    at DerivedLogger.emit (node:events:525:35)
    at DerivedLogger.emit (node:domain:489:12)
    at addChunk (/usr/local/lib/node_modules/firebase-tools/node_modules/readable-stream/lib/_stream_readable.js:298:12)
[error] 
[error] Error: An unexpected error has occurred.
[debug] [2023-02-06T18:47:53.071Z] Error: write EIO
    at afterWriteDispatched (node:internal/stream_base_commons:160:15)
    at writeGeneric (node:internal/stream_base_commons:151:3)
    at Socket._writeGeneric (node:net:917:11)
    at Socket._write (node:net:929:8)
    at writeOrBuffer (node:internal/streams/writable:392:12)
    at _write (node:internal/streams/writable:333:10)
    at Writable.write (node:internal/streams/writable:337:10)
    at Console.log (/usr/local/lib/node_modules/firebase-tools/node_modules/winston/lib/winston/transports/console.js:79:23)
    at Console._write (/usr/local/lib/node_modules/firebase-tools/node_modules/winston-transport/index.js:103:17)
    at doWrite (/usr/local/lib/node_modules/firebase-tools/node_modules/winston-transport/node_modules/readable-stream/lib/_stream_writable.js:428:64)
    at writeOrBuffer (/usr/local/lib/node_modules/firebase-tools/node_modules/winston-transport/node_modules/readable-stream/lib/_stream_writable.js:417:5)
    at Writable.write (/usr/local/lib/node_modules/firebase-tools/node_modules/winston-transport/node_modules/readable-stream/lib/_stream_writable.js:334:11)
    at DerivedLogger.ondata (/usr/local/lib/node_modules/firebase-tools/node_modules/readable-stream/lib/_stream_readable.js:681:20)
    at DerivedLogger.emit (node:events:525:35)
    at DerivedLogger.emit (node:domain:489:12)
    at addChunk (/usr/local/lib/node_modules/firebase-tools/node_modules/readable-stream/lib/_stream_readable.js:298:12)
[error] 
[error] Error: An unexpected error has occurred.
[debug] [2023-02-06T18:47:53.071Z] Error: write EIO
    at afterWriteDispatched (node:internal/stream_base_commons:160:15)
    at writeGeneric (node:internal/stream_base_commons:151:3)
    at Socket._writeGeneric (node:net:917:11)
    at Socket._write (node:net:929:8)
    at writeOrBuffer (node:internal/streams/writable:392:12)
    at _write (node:internal/streams/writable:333:10)
    at Writable.write (node:internal/streams/writable:337:10)
    at Console.log (/usr/local/lib/node_modules/firebase-tools/node_modules/winston/lib/winston/transports/console.js:79:23)
    at Console._write (/usr/local/lib/node_modules/firebase-tools/node_modules/winston-transport/index.js:103:17)
    at doWrite (/usr/local/lib/node_modules/firebase-tools/node_modules/winston-transport/node_modules/readable-stream/lib/_stream_writable.js:428:64)
    at writeOrBuffer (/usr/local/lib/node_modules/firebase-tools/node_modules/winston-transport/node_modules/readable-stream/lib/_stream_writable.js:417:5)
    at Writable.write (/usr/local/lib/node_modules/firebase-tools/node_modules/winston-transport/node_modules/readable-stream/lib/_stream_writable.js:334:11)
    at DerivedLogger.ondata (/usr/local/lib/node_modules/firebase-tools/node_modules/readable-stream/lib/_stream_readable.js:681:20)
    at DerivedLogger.emit (node:events:525:35)
    at DerivedLogger.emit (node:domain:489:12)
    at addChunk (/usr/local/lib/node_modules/firebase-tools/node_modules/readable-stream/lib/_stream_readable.js:298:12)
[error] 
[error] Error: An unexpected error has occurred.
[debug] [2023-02-06T18:47:53.071Z] Error: write EIO
    at afterWriteDispatched (node:internal/stream_base_commons:160:15)
    at writeGeneric (node:internal/stream_base_commons:151:3)
    at Socket._writeGeneric (node:net:917:11)
    at Socket._write (node:net:929:8)
    at writeOrBuffer (node:internal/streams/writable:392:12)
    at _write (node:internal/streams/writable:333:10)
    at Writable.write (node:internal/streams/writable:337:10)
    at Console.log (/usr/local/lib/node_modules/firebase-tools/node_modules/winston/lib/winston/transports/console.js:79:23)
    at Console._write (/usr/local/lib/node_modules/firebase-tools/node_modules/winston-transport/index.js:103:17)
    at doWrite (/usr/local/lib/node_modules/firebase-tools/node_modules/winston-transport/node_modules/readable-stream/lib/_stream_writable.js:428:64)
    at writeOrBuffer (/usr/local/lib/node_modules/firebase-tools/node_modules/winston-transport/node_modules/readable-stream/lib/_stream_writable.js:417:5)
    at Writable.write (/usr/local/lib/node_modules/firebase-tools/node_modules/winston-transport/node_modules/readable-stream/lib/_stream_writable.js:334:11)
    at DerivedLogger.ondata (/usr/local/lib/node_modules/firebase-tools/node_modules/readable-stream/lib/_stream_readable.js:681:20)
    at DerivedLogger.emit (node:events:525:35)
    at DerivedLogger.emit (node:domain:489:12)
    at addChunk (/usr/local/lib/node_modules/firebase-tools/node_modules/readable-stream/lib/_stream_readable.js:298:12)
[error] 
[error] Error: An unexpected error has occurred.
[debug] [2023-02-06T18:47:53.072Z] Error: write EIO
    at afterWriteDispatched (node:internal/stream_base_commons:160:15)
    at writeGeneric (node:internal/stream_base_commons:151:3)
    at Socket._writeGeneric (node:net:917:11)
    at Socket._write (node:net:929:8)
    at writeOrBuffer (node:internal/streams/writable:392:12)
    at _write (node:internal/streams/writable:333:10)
    at Writable.write (node:internal/streams/writable:337:10)
    at Console.log (/usr/local/lib/node_modules/firebase-tools/node_modules/winston/lib/winston/transports/console.js:79:23)
    at Console._write (/usr/local/lib/node_modules/firebase-tools/node_modules/winston-transport/index.js:103:17)
    at doWrite (/usr/local/lib/node_modules/firebase-tools/node_modules/winston-transport/node_modules/readable-stream/lib/_stream_writable.js:428:64)
    at writeOrBuffer (/usr/local/lib/node_modules/firebase-tools/node_modules/winston-transport/node_modules/readable-stream/lib/_stream_writable.js:417:5)
    at Writable.write (/usr/local/lib/node_modules/firebase-tools/node_modules/winston-transport/node_modules/readable-stream/lib/_stream_writable.js:334:11)
    at DerivedLogger.ondata (/usr/local/lib/node_modules/firebase-tools/node_modules/readable-stream/lib/_stream_readable.js:681:20)
    at DerivedLogger.emit (node:events:525:35)
    at DerivedLogger.emit (node:domain:489:12)
    at addChunk (/usr/local/lib/node_modules/firebase-tools/node_modules/readable-stream/lib/_stream_readable.js:298:12)
[error] 
[error] Error: An unexpected error has occurred.
[debug] [2023-02-06T18:47:53.072Z] Error: write EIO
    at afterWriteDispatched (node:internal/stream_base_commons:160:15)
    at writeGeneric (node:internal/stream_base_commons:151:3)
    at Socket._writeGeneric (node:net:917:11)
    at Socket._write (node:net:929:8)
    at writeOrBuffer (node:internal/streams/writable:392:12)
    at _write (node:internal/streams/writable:333:10)
    at Writable.write (node:internal/streams/writable:337:10)
    at Console.log (/usr/local/lib/node_modules/firebase-tools/node_modules/winston/lib/winston/transports/console.js:79:23)
    at Console._write (/usr/local/lib/node_modules/firebase-tools/node_modules/winston-transport/index.js:103:17)
    at doWrite (/usr/local/lib/node_modules/firebase-tools/node_modules/winston-transport/node_modules/readable-stream/lib/_stream_writable.js:428:64)
    at writeOrBuffer (/usr/local/lib/node_modules/firebase-tools/node_modules/winston-transport/node_modules/readable-stream/lib/_stream_writable.js:417:5)
    at Writable.write (/usr/local/lib/node_modules/firebase-tools/node_modules/winston-transport/node_modules/readable-stream/lib/_stream_writable.js:334:11)
    at DerivedLogger.ondata (/usr/local/lib/node_modules/firebase-tools/node_modules/readable-stream/lib/_stream_readable.js:681:20)
    at DerivedLogger.emit (node:events:525:35)
    at DerivedLogger.emit (node:domain:489:12)
    at addChunk (/usr/local/lib/node_modules/firebase-tools/node_modules/readable-stream/lib/_stream_readable.js:298:12)
[error] 
[error] Error: An unexpected error has occurred.
[debug] [2023-02-06T18:47:53.072Z] Error: write EIO
    at afterWriteDispatched (node:internal/stream_base_commons:160:15)
    at writeGeneric (node:internal/stream_base_commons:151:3)
    at Socket._writeGeneric (node:net:917:11)
    at Socket._write (node:net:929:8)
    at writeOrBuffer (node:internal/streams/writable:392:12)
    at _write (node:internal/streams/writable:333:10)
    at Writable.write (node:internal/streams/writable:337:10)
    at Console.log (/usr/local/lib/node_modules/firebase-tools/node_modules/winston/lib/winston/transports/console.js:79:23)
    at Console._write (/usr/local/lib/node_modules/firebase-tools/node_modules/winston-transport/index.js:103:17)
    at doWrite (/usr/local/lib/node_modules/firebase-tools/node_modules/winston-transport/node_modules/readable-stream/lib/_stream_writable.js:428:64)
    at writeOrBuffer (/usr/local/lib/node_modules/firebase-tools/node_modules/winston-transport/node_modules/readable-stream/lib/_stream_writable.js:417:5)
    at Writable.write (/usr/local/lib/node_modules/firebase-tools/node_modules/winston-transport/node_modules/readable-stream/lib/_stream_writable.js:334:11)
    at DerivedLogger.ondata (/usr/local/lib/node_modules/firebase-tools/node_modules/readable-stream/lib/_stream_readable.js:681:20)
    at DerivedLogger.emit (node:events:525:35)
    at DerivedLogger.emit (node:domain:489:12)
    at addChunk (/usr/local/lib/node_modules/firebase-tools/node_modules/readable-stream/lib/_stream_readable.js:298:12)
[error] 
[error] Error: An unexpected error has occurred.
[debug] [2023-02-06T18:47:53.072Z] Error: write EIO
    at afterWriteDispatched (node:internal/stream_base_commons:160:15)
    at writeGeneric (node:internal/stream_base_commons:151:3)
    at Socket._writeGeneric (node:net:917:11)
    at Socket._write (node:net:929:8)
    at writeOrBuffer (node:internal/streams/writable:392:12)
    at _write (node:internal/streams/writable:333:10)
    at Writable.write (node:internal/streams/writable:337:10)
    at Console.log (/usr/local/lib/node_modules/firebase-tools/node_modules/winston/lib/winston/transports/console.js:79:23)
    at Console._write (/usr/local/lib/node_modules/firebase-tools/node_modules/winston-transport/index.js:103:17)
    at doWrite (/usr/local/lib/node_modules/firebase-tools/node_modules/winston-transport/node_modules/readable-stream/lib/_stream_writable.js:428:64)
    at writeOrBuffer (/usr/local/lib/node_modules/firebase-tools/node_modules/winston-transport/node_modules/readable-stream/lib/_stream_writable.js:417:5)
    at Writable.write (/usr/local/lib/node_modules/firebase-tools/node_modules/winston-transport/node_modules/readable-stream/lib/_stream_writable.js:334:11)
    at DerivedLogger.ondata (/usr/local/lib/node_modules/firebase-tools/node_modules/readable-stream/lib/_stream_readable.js:681:20)
    at DerivedLogger.emit (node:events:525:35)
    at DerivedLogger.emit (node:domain:489:12)
    at addChunk (/usr/local/lib/node_modules/firebase-tools/node_modules/readable-stream/lib/_stream_readable.js:298:12)
[error] 
[error] Error: An unexpected error has occurred.
[debug] [2023-02-06T18:47:53.072Z] Error: write EIO
    at afterWriteDispatched (node:internal/stream_base_commons:160:15)
    at writeGeneric (node:internal/stream_base_commons:151:3)
    at Socket._writeGeneric (node:net:917:11)
    at Socket._write (node:net:929:8)
    at writeOrBuffer (node:internal/streams/writable:392:12)
    at _write (node:internal/streams/writable:333:10)
    at Writable.write (node:internal/streams/writable:337:10)
    at Console.log (/usr/local/lib/node_modules/firebase-tools/node_modules/winston/lib/winston/transports/console.js:79:23)
    at Console._write (/usr/local/lib/node_modules/firebase-tools/node_modules/winston-transport/index.js:103:17)
    at doWrite (/usr/local/lib/node_modules/firebase-tools/node_modules/winston-transport/node_modules/readable-stream/lib/_stream_writable.js:428:64)
    at writeOrBuffer (/usr/local/lib/node_modules/firebase-tools/node_modules/winston-transport/node_modules/readable-stream/lib/_stream_writable.js:417:5)
    at Writable.write (/usr/local/lib/node_modules/firebase-tools/node_modules/winston-transport/node_modules/readable-stream/lib/_stream_writable.js:334:11)
    at DerivedLogger.ondata (/usr/local/lib/node_modules/firebase-tools/node_modules/readable-stream/lib/_stream_readable.js:681:20)
    at DerivedLogger.emit (node:events:525:35)
    at DerivedLogger.emit (node:domain:489:12)
    at addChunk (/usr/local/lib/node_modules/firebase-tools/node_modules/readable-stream/lib/_stream_readable.js:298:12)
[error] 
[error] Error: An unexpected error has occurred.
[debug] [2023-02-06T18:47:53.072Z] Error: write EIO
    at afterWriteDispatched (node:internal/stream_base_commons:160:15)
    at writeGeneric (node:internal/stream_base_commons:151:3)
    at Socket._writeGeneric (node:net:917:11)
    at Socket._write (node:net:929:8)
    at writeOrBuffer (node:internal/streams/writable:392:12)
    at _write (node:internal/streams/writable:333:10)
    at Writable.write (node:internal/streams/writable:337:10)
    at Console.log (/usr/local/lib/node_modules/firebase-tools/node_modules/winston/lib/winston/transports/console.js:79:23)
    at Console._write (/usr/local/lib/node_modules/firebase-tools/node_modules/winston-transport/index.js:103:17)
    at doWrite (/usr/local/lib/node_modules/firebase-tools/node_modules/winston-transport/node_modules/readable-stream/lib/_stream_writable.js:428:64)
    at writeOrBuffer (/usr/local/lib/node_modules/firebase-tools/node_modules/winston-transport/node_modules/readable-stream/lib/_stream_writable.js:417:5)
    at Writable.write (/usr/local/lib/node_modules/firebase-tools/node_modules/winston-transport/node_modules/readable-stream/lib/_stream_writable.js:334:11)
    at DerivedLogger.ondata (/usr/local/lib/node_modules/firebase-tools/node_modules/readable-stream/lib/_stream_readable.js:681:20)
    at DerivedLogger.emit (node:events:525:35)
    at DerivedLogger.emit (node:domain:489:12)
    at addChunk (/usr/local/lib/node_modules/firebase-tools/node_modules/readable-stream/lib/_stream_readable.js:298:12)
[error] 
[error] Error: An unexpected error has occurred.
[debug] [2023-02-06T18:47:53.073Z] Error: write EIO
    at afterWriteDispatched (node:internal/stream_base_commons:160:15)
    at writeGeneric (node:internal/stream_base_commons:151:3)
    at Socket._writeGeneric (node:net:917:11)
    at Socket._write (node:net:929:8)
    at writeOrBuffer (node:internal/streams/writable:392:12)
    at _write (node:internal/streams/writable:333:10)
    at Writable.write (node:internal/streams/writable:337:10)
    at Console.log (/usr/local/lib/node_modules/firebase-tools/node_modules/winston/lib/winston/transports/console.js:79:23)
    at Console._write (/usr/local/lib/node_modules/firebase-tools/node_modules/winston-transport/index.js:103:17)
    at doWrite (/usr/local/lib/node_modules/firebase-tools/node_modules/winston-transport/node_modules/readable-stream/lib/_stream_writable.js:428:64)
    at writeOrBuffer (/usr/local/lib/node_modules/firebase-tools/node_modules/winston-transport/node_modules/readable-stream/lib/_stream_writable.js:417:5)
    at Writable.write (/usr/local/lib/node_modules/firebase-tools/node_modules/winston-transport/node_modules/readable-stream/lib/_stream_writable.js:334:11)
    at DerivedLogger.ondata (/usr/local/lib/node_modules/firebase-tools/node_modules/readable-stream/lib/_stream_readable.js:681:20)
    at DerivedLogger.emit (node:events:525:35)
    at DerivedLogger.emit (node:domain:489:12)
    at Readable.read (/usr/local/lib/node_modules/firebase-tools/node_modules/readable-stream/lib/_stream_readable.js:483:26)
[error] 
[error] Error: An unexpected error has occurred.
[debug] [2023-02-06T18:47:53.073Z] Error: write EIO
    at afterWriteDispatched (node:internal/stream_base_commons:160:15)
    at writeGeneric (node:internal/stream_base_commons:151:3)
    at Socket._writeGeneric (node:net:917:11)
    at Socket._write (node:net:929:8)
    at writeOrBuffer (node:internal/streams/writable:392:12)
    at _write (node:internal/streams/writable:333:10)
    at Writable.write (node:internal/streams/writable:337:10)
    at Console.log (/usr/local/lib/node_modules/firebase-tools/node_modules/winston/lib/winston/transports/console.js:79:23)
    at Console._write (/usr/local/lib/node_modules/firebase-tools/node_modules/winston-transport/index.js:103:17)
    at doWrite (/usr/local/lib/node_modules/firebase-tools/node_modules/winston-transport/node_modules/readable-stream/lib/_stream_writable.js:428:64)
    at writeOrBuffer (/usr/local/lib/node_modules/firebase-tools/node_modules/winston-transport/node_modules/readable-stream/lib/_stream_writable.js:417:5)
    at Writable.write (/usr/local/lib/node_modules/firebase-tools/node_modules/winston-transport/node_modules/readable-stream/lib/_stream_writable.js:334:11)
    at DerivedLogger.ondata (/usr/local/lib/node_modules/firebase-tools/node_modules/readable-stream/lib/_stream_readable.js:681:20)
    at DerivedLogger.emit (node:events:525:35)
    at DerivedLogger.emit (node:domain:489:12)
    at addChunk (/usr/local/lib/node_modules/firebase-tools/node_modules/readable-stream/lib/_stream_readable.js:298:12)
[error] 
[error] Error: An unexpected error has occurred.
[debug] [2023-02-06T18:47:53.073Z] Error: write EIO
    at afterWriteDispatched (node:internal/stream_base_commons:160:15)
    at writeGeneric (node:internal/stream_base_commons:151:3)
    at Socket._writeGeneric (node:net:917:11)
    at Socket._write (node:net:929:8)
    at writeOrBuffer (node:internal/streams/writable:392:12)
    at _write (node:internal/streams/writable:333:10)
    at Writable.write (node:internal/streams/writable:337:10)
    at Console.log (/usr/local/lib/node_modules/firebase-tools/node_modules/winston/lib/winston/transports/console.js:79:23)
    at Console._write (/usr/local/lib/node_modules/firebase-tools/node_modules/winston-transport/index.js:103:17)
    at doWrite (/usr/local/lib/node_modules/firebase-tools/node_modules/winston-transport/node_modules/readable-stream/lib/_stream_writable.js:428:64)
    at writeOrBuffer (/usr/local/lib/node_modules/firebase-tools/node_modules/winston-transport/node_modules/readable-stream/lib/_stream_writable.js:417:5)
    at Writable.write (/usr/local/lib/node_modules/firebase-tools/node_modules/winston-transport/node_modules/readable-stream/lib/_stream_writable.js:334:11)
    at DerivedLogger.ondata (/usr/local/lib/node_modules/firebase-tools/node_modules/readable-stream/lib/_stream_readable.js:681:20)
    at DerivedLogger.emit (node:events:525:35)
    at DerivedLogger.emit (node:domain:489:12)
    at addChunk (/usr/local/lib/node_modules/firebase-tools/node_modules/readable-stream/lib/_stream_readable.js:298:12)
[error] 
[error] Error: An unexpected error has occurred.
[debug] [2023-02-06T18:47:53.073Z] Error: write EIO
    at afterWriteDispatched (node:internal/stream_base_commons:160:15)
    at writeGeneric (node:internal/stream_base_commons:151:3)
    at Socket._writeGeneric (node:net:917:11)
    at Socket._write (node:net:929:8)
    at writeOrBuffer (node:internal/streams/writable:392:12)
    at _write (node:internal/streams/writable:333:10)
    at Writable.write (node:internal/streams/writable:337:10)
    at Console.log (/usr/local/lib/node_modules/firebase-tools/node_modules/winston/lib/winston/transports/console.js:79:23)
    at Console._write (/usr/local/lib/node_modules/firebase-tools/node_modules/winston-transport/index.js:103:17)
    at doWrite (/usr/local/lib/node_modules/firebase-tools/node_modules/winston-transport/node_modules/readable-stream/lib/_stream_writable.js:428:64)
    at writeOrBuffer (/usr/local/lib/node_modules/firebase-tools/node_modules/winston-transport/node_modules/readable-stream/lib/_stream_writable.js:417:5)
    at Writable.write (/usr/local/lib/node_modules/firebase-tools/node_modules/winston-transport/node_modules/readable-stream/lib/_stream_writable.js:334:11)
    at DerivedLogger.ondata (/usr/local/lib/node_modules/firebase-tools/node_modules/readable-stream/lib/_stream_readable.js:681:20)
    at DerivedLogger.emit (node:events:525:35)
    at DerivedLogger.emit (node:domain:489:12)
    at addChunk (/usr/local/lib/node_modules/firebase-tools/node_modules/readable-stream/lib/_stream_readable.js:298:12)
[error] 
[error] Error: An unexpected error has occurred.
[debug] [2023-02-06T18:47:53.073Z] Error: write EIO
    at afterWriteDispatched (node:internal/stream_base_commons:160:15)
    at writeGeneric (node:internal/stream_base_commons:151:3)
    at Socket._writeGeneric (node:net:917:11)
    at Socket._write (node:net:929:8)
    at writeOrBuffer (node:internal/streams/writable:392:12)
    at _write (node:internal/streams/writable:333:10)
    at Writable.write (node:internal/streams/writable:337:10)
    at Console.log (/usr/local/lib/node_modules/firebase-tools/node_modules/winston/lib/winston/transports/console.js:79:23)
    at Console._write (/usr/local/lib/node_modules/firebase-tools/node_modules/winston-transport/index.js:103:17)
    at doWrite (/usr/local/lib/node_modules/firebase-tools/node_modules/winston-transport/node_modules/readable-stream/lib/_stream_writable.js:428:64)
    at writeOrBuffer (/usr/local/lib/node_modules/firebase-tools/node_modules/winston-transport/node_modules/readable-stream/lib/_stream_writable.js:417:5)
    at Writable.write (/usr/local/lib/node_modules/firebase-tools/node_modules/winston-transport/node_modules/readable-stream/lib/_stream_writable.js:334:11)
    at DerivedLogger.ondata (/usr/local/lib/node_modules/firebase-tools/node_modules/readable-stream/lib/_stream_readable.js:681:20)
    at DerivedLogger.emit (node:events:525:35)
    at DerivedLogger.emit (node:domain:489:12)
    at addChunk (/usr/local/lib/node_modules/firebase-tools/node_modules/readable-stream/lib/_stream_readable.js:298:12)
[error] 
[error] Error: An unexpected error has occurred.
[debug] [2023-02-06T18:47:53.073Z] Error: write EIO
    at afterWriteDispatched (node:internal/stream_base_commons:160:15)
    at writeGeneric (node:internal/stream_base_commons:151:3)
    at Socket._writeGeneric (node:net:917:11)
    at Socket._write (node:net:929:8)
    at writeOrBuffer (node:internal/streams/writable:392:12)
    at _write (node:internal/streams/writable:333:10)
    at Writable.write (node:internal/streams/writable:337:10)
    at Console.log (/usr/local/lib/node_modules/firebase-tools/node_modules/winston/lib/winston/transports/console.js:79:23)
    at Console._write (/usr/local/lib/node_modules/firebase-tools/node_modules/winston-transport/index.js:103:17)
    at doWrite (/usr/local/lib/node_modules/firebase-tools/node_modules/winston-transport/node_modules/readable-stream/lib/_stream_writable.js:428:64)
    at writeOrBuffer (/usr/local/lib/node_modules/firebase-tools/node_modules/winston-transport/node_modules/readable-stream/lib/_stream_writable.js:417:5)
    at Writable.write (/usr/local/lib/node_modules/firebase-tools/node_modules/winston-transport/node_modules/readable-stream/lib/_stream_writable.js:334:11)
    at DerivedLogger.ondata (/usr/local/lib/node_modules/firebase-tools/node_modules/readable-stream/lib/_stream_readable.js:681:20)
    at DerivedLogger.emit (node:events:525:35)
    at DerivedLogger.emit (node:domain:489:12)
    at addChunk (/usr/local/lib/node_modules/firebase-tools/node_modules/readable-stream/lib/_stream_readable.js:298:12)
[error] 
[error] Error: An unexpected error has occurred.
[debug] [2023-02-06T18:47:53.073Z] Error: write EIO
    at afterWriteDispatched (node:internal/stream_base_commons:160:15)
    at writeGeneric (node:internal/stream_base_commons:151:3)
    at Socket._writeGeneric (node:net:917:11)
    at Socket._write (node:net:929:8)
    at writeOrBuffer (node:internal/streams/writable:392:12)
    at _write (node:internal/streams/writable:333:10)
    at Writable.write (node:internal/streams/writable:337:10)
    at Console.log (/usr/local/lib/node_modules/firebase-tools/node_modules/winston/lib/winston/transports/console.js:79:23)
    at Console._write (/usr/local/lib/node_modules/firebase-tools/node_modules/winston-transport/index.js:103:17)
    at doWrite (/usr/local/lib/node_modules/firebase-tools/node_modules/winston-transport/node_modules/readable-stream/lib/_stream_writable.js:428:64)
    at writeOrBuffer (/usr/local/lib/node_modules/firebase-tools/node_modules/winston-transport/node_modules/readable-stream/lib/_stream_writable.js:417:5)
    at Writable.write (/usr/local/lib/node_modules/firebase-tools/node_modules/winston-transport/node_modules/readable-stream/lib/_stream_writable.js:334:11)
    at DerivedLogger.ondata (/usr/local/lib/node_modules/firebase-tools/node_modules/readable-stream/lib/_stream_readable.js:681:20)
    at DerivedLogger.emit (node:events:525:35)
    at DerivedLogger.emit (node:domain:489:12)
    at addChunk (/usr/local/lib/node_modules/firebase-tools/node_modules/readable-stream/lib/_stream_readable.js:298:12)
[error] 
[error] Error: An unexpected error has occurred.
[debug] [2023-02-06T18:47:53.073Z] Error: write EIO
    at afterWriteDispatched (node:internal/stream_base_commons:160:15)
    at writeGeneric (node:internal/stream_base_commons:151:3)
    at Socket._writeGeneric (node:net:917:11)
    at Socket._write (node:net:929:8)
    at writeOrBuffer (node:internal/streams/writable:392:12)
    at _write (node:internal/streams/writable:333:10)
    at Writable.write (node:internal/streams/writable:337:10)
    at Console.log (/usr/local/lib/node_modules/firebase-tools/node_modules/winston/lib/winston/transports/console.js:79:23)
    at Console._write (/usr/local/lib/node_modules/firebase-tools/node_modules/winston-transport/index.js:103:17)
    at doWrite (/usr/local/lib/node_modules/firebase-tools/node_modules/winston-transport/node_modules/readable-stream/lib/_stream_writable.js:428:64)
    at writeOrBuffer (/usr/local/lib/node_modules/firebase-tools/node_modules/winston-transport/node_modules/readable-stream/lib/_stream_writable.js:417:5)
    at Writable.write (/usr/local/lib/node_modules/firebase-tools/node_modules/winston-transport/node_modules/readable-stream/lib/_stream_writable.js:334:11)
    at DerivedLogger.ondata (/usr/local/lib/node_modules/firebase-tools/node_modules/readable-stream/lib/_stream_readable.js:681:20)
    at DerivedLogger.emit (node:events:525:35)
    at DerivedLogger.emit (node:domain:489:12)
    at addChunk (/usr/local/lib/node_modules/firebase-tools/node_modules/readable-stream/lib/_stream_readable.js:298:12)
[error] 
[error] Error: An unexpected error has occurred.
[debug] [2023-02-06T18:47:53.074Z] Error: write EIO
    at afterWriteDispatched (node:internal/stream_base_commons:160:15)
    at writeGeneric (node:internal/stream_base_commons:151:3)
    at Socket._writeGeneric (node:net:917:11)
    at Socket._write (node:net:929:8)
    at writeOrBuffer (node:internal/streams/writable:392:12)
    at _write (node:internal/streams/writable:333:10)
    at Writable.write (node:internal/streams/writable:337:10)
    at Console.log (/usr/local/lib/node_modules/firebase-tools/node_modules/winston/lib/winston/transports/console.js:79:23)
    at Console._write (/usr/local/lib/node_modules/firebase-tools/node_modules/winston-transport/index.js:103:17)
    at doWrite (/usr/local/lib/node_modules/firebase-tools/node_modules/winston-transport/node_modules/readable-stream/lib/_stream_writable.js:428:64)
    at writeOrBuffer (/usr/local/lib/node_modules/firebase-tools/node_modules/winston-transport/node_modules/readable-stream/lib/_stream_writable.js:417:5)
    at Writable.write (/usr/local/lib/node_modules/firebase-tools/node_modules/winston-transport/node_modules/readable-stream/lib/_stream_writable.js:334:11)
    at DerivedLogger.ondata (/usr/local/lib/node_modules/firebase-tools/node_modules/readable-stream/lib/_stream_readable.js:681:20)
    at DerivedLogger.emit (node:events:525:35)
    at DerivedLogger.emit (node:domain:489:12)
    at addChunk (/usr/local/lib/node_modules/firebase-tools/node_modules/readable-stream/lib/_stream_readable.js:298:12)
[error] 
[error] Error: An unexpected error has occurred.
[debug] [2023-02-06T18:47:53.074Z] Error: write EIO
    at afterWriteDispatched (node:internal/stream_base_commons:160:15)
    at writeGeneric (node:internal/stream_base_commons:151:3)
    at Socket._writeGeneric (node:net:917:11)
    at Socket._write (node:net:929:8)
    at writeOrBuffer (node:internal/streams/writable:392:12)
    at _write (node:internal/streams/writable:333:10)
    at Writable.write (node:internal/streams/writable:337:10)
    at Console.log (/usr/local/lib/node_modules/firebase-tools/node_modules/winston/lib/winston/transports/console.js:79:23)
    at Console._write (/usr/local/lib/node_modules/firebase-tools/node_modules/winston-transport/index.js:103:17)
    at doWrite (/usr/local/lib/node_modules/firebase-tools/node_modules/winston-transport/node_modules/readable-stream/lib/_stream_writable.js:428:64)
    at writeOrBuffer (/usr/local/lib/node_modules/firebase-tools/node_modules/winston-transport/node_modules/readable-stream/lib/_stream_writable.js:417:5)
    at Writable.write (/usr/local/lib/node_modules/firebase-tools/node_modules/winston-transport/node_modules/readable-stream/lib/_stream_writable.js:334:11)
    at DerivedLogger.ondata (/usr/local/lib/node_modules/firebase-tools/node_modules/readable-stream/lib/_stream_readable.js:681:20)
    at DerivedLogger.emit (node:events:525:35)
    at DerivedLogger.emit (node:domain:489:12)
    at addChunk (/usr/local/lib/node_modules/firebase-tools/node_modules/readable-stream/lib/_stream_readable.js:298:12)
[error] 
[error] Error: An unexpected error has occurred.
[debug] [2023-02-06T18:47:53.074Z] Error: write EIO
    at afterWriteDispatched (node:internal/stream_base_commons:160:15)
    at writeGeneric (node:internal/stream_base_commons:151:3)
    at Socket._writeGeneric (node:net:917:11)
    at Socket._write (node:net:929:8)
    at writeOrBuffer (node:internal/streams/writable:392:12)
    at _write (node:internal/streams/writable:333:10)
    at Writable.write (node:internal/streams/writable:337:10)
    at Console.log (/usr/local/lib/node_modules/firebase-tools/node_modules/winston/lib/winston/transports/console.js:79:23)
    at Console._write (/usr/local/lib/node_modules/firebase-tools/node_modules/winston-transport/index.js:103:17)
    at doWrite (/usr/local/lib/node_modules/firebase-tools/node_modules/winston-transport/node_modules/readable-stream/lib/_stream_writable.js:428:64)
    at writeOrBuffer (/usr/local/lib/node_modules/firebase-tools/node_modules/winston-transport/node_modules/readable-stream/lib/_stream_writable.js:417:5)
    at Writable.write (/usr/local/lib/node_modules/firebase-tools/node_modules/winston-transport/node_modules/readable-stream/lib/_stream_writable.js:334:11)
    at DerivedLogger.ondata (/usr/local/lib/node_modules/firebase-tools/node_modules/readable-stream/lib/_stream_readable.js:681:20)
    at DerivedLogger.emit (node:events:525:35)
    at DerivedLogger.emit (node:domain:489:12)
    at addChunk (/usr/local/lib/node_modules/firebase-tools/node_modules/readable-stream/lib/_stream_readable.js:298:12)
[error] 
[error] Error: An unexpected error has occurred.
[debug] [2023-02-06T18:47:53.075Z] Error: write EIO
    at afterWriteDispatched (node:internal/stream_base_commons:160:15)
    at writeGeneric (node:internal/stream_base_commons:151:3)
    at Socket._writeGeneric (node:net:917:11)
    at Socket._write (node:net:929:8)
    at writeOrBuffer (node:internal/streams/writable:392:12)
    at _write (node:internal/streams/writable:333:10)
    at Writable.write (node:internal/streams/writable:337:10)
    at Console.log (/usr/local/lib/node_modules/firebase-tools/node_modules/winston/lib/winston/transports/console.js:79:23)
    at Console._write (/usr/local/lib/node_modules/firebase-tools/node_modules/winston-transport/index.js:103:17)
    at doWrite (/usr/local/lib/node_modules/firebase-tools/node_modules/winston-transport/node_modules/readable-stream/lib/_stream_writable.js:428:64)
    at writeOrBuffer (/usr/local/lib/node_modules/firebase-tools/node_modules/winston-transport/node_modules/readable-stream/lib/_stream_writable.js:417:5)
    at Writable.write (/usr/local/lib/node_modules/firebase-tools/node_modules/winston-transport/node_modules/readable-stream/lib/_stream_writable.js:334:11)
    at DerivedLogger.ondata (/usr/local/lib/node_modules/firebase-tools/node_modules/readable-stream/lib/_stream_readable.js:681:20)
    at DerivedLogger.emit (node:events:525:35)
    at DerivedLogger.emit (node:domain:489:12)
    at Readable.read (/usr/local/lib/node_modules/firebase-tools/node_modules/readable-stream/lib/_stream_readable.js:483:26)
[error] 
[error] Error: An unexpected error has occurred.
[debug] [2023-02-06T18:47:53.075Z] Error: write EIO
    at afterWriteDispatched (node:internal/stream_base_commons:160:15)
    at writeGeneric (node:internal/stream_base_commons:151:3)
    at Socket._writeGeneric (node:net:917:11)
    at Socket._write (node:net:929:8)
    at writeOrBuffer (node:internal/streams/writable:392:12)
    at _write (node:internal/streams/writable:333:10)
    at Writable.write (node:internal/streams/writable:337:10)
    at Console.log (/usr/local/lib/node_modules/firebase-tools/node_modules/winston/lib/winston/transports/console.js:79:23)
    at Console._write (/usr/local/lib/node_modules/firebase-tools/node_modules/winston-transport/index.js:103:17)
    at doWrite (/usr/local/lib/node_modules/firebase-tools/node_modules/winston-transport/node_modules/readable-stream/lib/_stream_writable.js:428:64)
    at writeOrBuffer (/usr/local/lib/node_modules/firebase-tools/node_modules/winston-transport/node_modules/readable-stream/lib/_stream_writable.js:417:5)
    at Writable.write (/usr/local/lib/node_modules/firebase-tools/node_modules/winston-transport/node_modules/readable-stream/lib/_stream_writable.js:334:11)
    at DerivedLogger.ondata (/usr/local/lib/node_modules/firebase-tools/node_modules/readable-stream/lib/_stream_readable.js:681:20)
    at DerivedLogger.emit (node:events:525:35)
    at DerivedLogger.emit (node:domain:489:12)
    at addChunk (/usr/local/lib/node_modules/firebase-tools/node_modules/readable-stream/lib/_stream_readable.js:298:12)
[error] 
[error] Error: An unexpected error has occurred.
[debug] [2023-02-06T18:47:53.075Z] Error: write EIO
    at afterWriteDispatched (node:internal/stream_base_commons:160:15)
    at writeGeneric (node:internal/stream_base_commons:151:3)
    at Socket._writeGeneric (node:net:917:11)
    at Socket._write (node:net:929:8)
    at writeOrBuffer (node:internal/streams/writable:392:12)
    at _write (node:internal/streams/writable:333:10)
    at Writable.write (node:internal/streams/writable:337:10)
    at Console.log (/usr/local/lib/node_modules/firebase-tools/node_modules/winston/lib/winston/transports/console.js:79:23)
    at Console._write (/usr/local/lib/node_modules/firebase-tools/node_modules/winston-transport/index.js:103:17)
    at doWrite (/usr/local/lib/node_modules/firebase-tools/node_modules/winston-transport/node_modules/readable-stream/lib/_stream_writable.js:428:64)
    at writeOrBuffer (/usr/local/lib/node_modules/firebase-tools/node_modules/winston-transport/node_modules/readable-stream/lib/_stream_writable.js:417:5)
    at Writable.write (/usr/local/lib/node_modules/firebase-tools/node_modules/winston-transport/node_modules/readable-stream/lib/_stream_writable.js:334:11)
    at DerivedLogger.ondata (/usr/local/lib/node_modules/firebase-tools/node_modules/readable-stream/lib/_stream_readable.js:681:20)
    at DerivedLogger.emit (node:events:525:35)
    at DerivedLogger.emit (node:domain:489:12)
    at addChunk (/usr/local/lib/node_modules/firebase-tools/node_modules/readable-stream/lib/_stream_readable.js:298:12)
[error] 
[error] Error: An unexpected error has occurred.
[debug] [2023-02-06T18:47:53.075Z] Error: write EIO
    at afterWriteDispatched (node:internal/stream_base_commons:160:15)
    at writeGeneric (node:internal/stream_base_commons:151:3)
    at Socket._writeGeneric (node:net:917:11)
    at Socket._write (node:net:929:8)
    at writeOrBuffer (node:internal/streams/writable:392:12)
    at _write (node:internal/streams/writable:333:10)
    at Writable.write (node:internal/streams/writable:337:10)
    at Console.log (/usr/local/lib/node_modules/firebase-tools/node_modules/winston/lib/winston/transports/console.js:79:23)
    at Console._write (/usr/local/lib/node_modules/firebase-tools/node_modules/winston-transport/index.js:103:17)
    at doWrite (/usr/local/lib/node_modules/firebase-tools/node_modules/winston-transport/node_modules/readable-stream/lib/_stream_writable.js:428:64)
    at writeOrBuffer (/usr/local/lib/node_modules/firebase-tools/node_modules/winston-transport/node_modules/readable-stream/lib/_stream_writable.js:417:5)
    at Writable.write (/usr/local/lib/node_modules/firebase-tools/node_modules/winston-transport/node_modules/readable-stream/lib/_stream_writable.js:334:11)
    at DerivedLogger.ondata (/usr/local/lib/node_modules/firebase-tools/node_modules/readable-stream/lib/_stream_readable.js:681:20)
    at DerivedLogger.emit (node:events:525:35)
    at DerivedLogger.emit (node:domain:489:12)
    at addChunk (/usr/local/lib/node_modules/firebase-tools/node_modules/readable-stream/lib/_stream_readable.js:298:12)
[error] 
[error] Error: An unexpected error has occurred.
[debug] [2023-02-06T18:47:53.075Z] Error: write EIO
    at afterWriteDispatched (node:internal/stream_base_commons:160:15)
    at writeGeneric (node:internal/stream_base_commons:151:3)
    at Socket._writeGeneric (node:net:917:11)
    at Socket._write (node:net:929:8)
    at writeOrBuffer (node:internal/streams/writable:392:12)
    at _write (node:internal/streams/writable:333:10)
    at Writable.write (node:internal/streams/writable:337:10)
    at Console.log (/usr/local/lib/node_modules/firebase-tools/node_modules/winston/lib/winston/transports/console.js:79:23)
    at Console._write (/usr/local/lib/node_modules/firebase-tools/node_modules/winston-transport/index.js:103:17)
    at doWrite (/usr/local/lib/node_modules/firebase-tools/node_modules/winston-transport/node_modules/readable-stream/lib/_stream_writable.js:428:64)
    at writeOrBuffer (/usr/local/lib/node_modules/firebase-tools/node_modules/winston-transport/node_modules/readable-stream/lib/_stream_writable.js:417:5)
    at Writable.write (/usr/local/lib/node_modules/firebase-tools/node_modules/winston-transport/node_modules/readable-stream/lib/_stream_writable.js:334:11)
    at DerivedLogger.ondata (/usr/local/lib/node_modules/firebase-tools/node_modules/readable-stream/lib/_stream_readable.js:681:20)
    at DerivedLogger.emit (node:events:525:35)
    at DerivedLogger.emit (node:domain:489:12)
    at addChunk (/usr/local/lib/node_modules/firebase-tools/node_modules/readable-stream/lib/_stream_readable.js:298:12)
[error] 
[error] Error: An unexpected error has occurred.
[debug] [2023-02-06T18:47:53.075Z] Error: write EIO
    at afterWriteDispatched (node:internal/stream_base_commons:160:15)
    at writeGeneric (node:internal/stream_base_commons:151:3)
    at Socket._writeGeneric (node:net:917:11)
    at Socket._write (node:net:929:8)
    at writeOrBuffer (node:internal/streams/writable:392:12)
    at _write (node:internal/streams/writable:333:10)
    at Writable.write (node:internal/streams/writable:337:10)
    at Console.log (/usr/local/lib/node_modules/firebase-tools/node_modules/winston/lib/winston/transports/console.js:79:23)
    at Console._write (/usr/local/lib/node_modules/firebase-tools/node_modules/winston-transport/index.js:103:17)
    at doWrite (/usr/local/lib/node_modules/firebase-tools/node_modules/winston-transport/node_modules/readable-stream/lib/_stream_writable.js:428:64)
    at writeOrBuffer (/usr/local/lib/node_modules/firebase-tools/node_modules/winston-transport/node_modules/readable-stream/lib/_stream_writable.js:417:5)
    at Writable.write (/usr/local/lib/node_modules/firebase-tools/node_modules/winston-transport/node_modules/readable-stream/lib/_stream_writable.js:334:11)
    at DerivedLogger.ondata (/usr/local/lib/node_modules/firebase-tools/node_modules/readable-stream/lib/_stream_readable.js:681:20)
    at DerivedLogger.emit (node:events:525:35)
    at DerivedLogger.emit (node:domain:489:12)
    at addChunk (/usr/local/lib/node_modules/firebase-tools/node_modules/readable-stream/lib/_stream_readable.js:298:12)
[error] 
[error] Error: An unexpected error has occurred.
[debug] [2023-02-06T18:47:53.076Z] Error: write EIO
    at afterWriteDispatched (node:internal/stream_base_commons:160:15)
    at writeGeneric (node:internal/stream_base_commons:151:3)
    at Socket._writeGeneric (node:net:917:11)
    at Socket._write (node:net:929:8)
    at writeOrBuffer (node:internal/streams/writable:392:12)
    at _write (node:internal/streams/writable:333:10)
    at Writable.write (node:internal/streams/writable:337:10)
    at Console.log (/usr/local/lib/node_modules/firebase-tools/node_modules/winston/lib/winston/transports/console.js:79:23)
    at Console._write (/usr/local/lib/node_modules/firebase-tools/node_modules/winston-transport/index.js:103:17)
    at doWrite (/usr/local/lib/node_modules/firebase-tools/node_modules/winston-transport/node_modules/readable-stream/lib/_stream_writable.js:428:64)
    at writeOrBuffer (/usr/local/lib/node_modules/firebase-tools/node_modules/winston-transport/node_modules/readable-stream/lib/_stream_writable.js:417:5)
    at Writable.write (/usr/local/lib/node_modules/firebase-tools/node_modules/winston-transport/node_modules/readable-stream/lib/_stream_writable.js:334:11)
    at DerivedLogger.ondata (/usr/local/lib/node_modules/firebase-tools/node_modules/readable-stream/lib/_stream_readable.js:681:20)
    at DerivedLogger.emit (node:events:525:35)
    at DerivedLogger.emit (node:domain:489:12)
    at addChunk (/usr/local/lib/node_modules/firebase-tools/node_modules/readable-stream/lib/_stream_readable.js:298:12)
[error] 
[error] Error: An unexpected error has occurred.
[debug] [2023-02-06T18:47:53.076Z] Error: write EIO
    at afterWriteDispatched (node:internal/stream_base_commons:160:15)
    at writeGeneric (node:internal/stream_base_commons:151:3)
    at Socket._writeGeneric (node:net:917:11)
    at Socket._write (node:net:929:8)
    at writeOrBuffer (node:internal/streams/writable:392:12)
    at _write (node:internal/streams/writable:333:10)
    at Writable.write (node:internal/streams/writable:337:10)
    at Console.log (/usr/local/lib/node_modules/firebase-tools/node_modules/winston/lib/winston/transports/console.js:79:23)
    at Console._write (/usr/local/lib/node_modules/firebase-tools/node_modules/winston-transport/index.js:103:17)
    at doWrite (/usr/local/lib/node_modules/firebase-tools/node_modules/winston-transport/node_modules/readable-stream/lib/_stream_writable.js:428:64)
    at writeOrBuffer (/usr/local/lib/node_modules/firebase-tools/node_modules/winston-transport/node_modules/readable-stream/lib/_stream_writable.js:417:5)
    at Writable.write (/usr/local/lib/node_modules/firebase-tools/node_modules/winston-transport/node_modules/readable-stream/lib/_stream_writable.js:334:11)
    at DerivedLogger.ondata (/usr/local/lib/node_modules/firebase-tools/node_modules/readable-stream/lib/_stream_readable.js:681:20)
    at DerivedLogger.emit (node:events:525:35)
    at DerivedLogger.emit (node:domain:489:12)
    at addChunk (/usr/local/lib/node_modules/firebase-tools/node_modules/readable-stream/lib/_stream_readable.js:298:12)
[error] 
[error] Error: An unexpected error has occurred.
[debug] [2023-02-06T18:47:53.076Z] Error: write EIO
    at afterWriteDispatched (node:internal/stream_base_commons:160:15)
    at writeGeneric (node:internal/stream_base_commons:151:3)
    at Socket._writeGeneric (node:net:917:11)
    at Socket._write (node:net:929:8)
    at writeOrBuffer (node:internal/streams/writable:392:12)
    at _write (node:internal/streams/writable:333:10)
    at Writable.write (node:internal/streams/writable:337:10)
    at Console.log (/usr/local/lib/node_modules/firebase-tools/node_modules/winston/lib/winston/transports/console.js:79:23)
    at Console._write (/usr/local/lib/node_modules/firebase-tools/node_modules/winston-transport/index.js:103:17)
    at doWrite (/usr/local/lib/node_modules/firebase-tools/node_modules/winston-transport/node_modules/readable-stream/lib/_stream_writable.js:428:64)
    at writeOrBuffer (/usr/local/lib/node_modules/firebase-tools/node_modules/winston-transport/node_modules/readable-stream/lib/_stream_writable.js:417:5)
    at Writable.write (/usr/local/lib/node_modules/firebase-tools/node_modules/winston-transport/node_modules/readable-stream/lib/_stream_writable.js:334:11)
    at DerivedLogger.ondata (/usr/local/lib/node_modules/firebase-tools/node_modules/readable-stream/lib/_stream_readable.js:681:20)
    at DerivedLogger.emit (node:events:525:35)
    at DerivedLogger.emit (node:domain:489:12)
    at addChunk (/usr/local/lib/node_modules/firebase-tools/node_modules/readable-stream/lib/_stream_readable.js:298:12)
[error] 
[error] Error: An unexpected error has occurred.
[debug] [2023-02-06T18:47:53.076Z] Error: write EIO
    at afterWriteDispatched (node:internal/stream_base_commons:160:15)
    at writeGeneric (node:internal/stream_base_commons:151:3)
    at Socket._writeGeneric (node:net:917:11)
    at Socket._write (node:net:929:8)
    at writeOrBuffer (node:internal/streams/writable:392:12)
    at _write (node:internal/streams/writable:333:10)
    at Writable.write (node:internal/streams/writable:337:10)
    at Console.log (/usr/local/lib/node_modules/firebase-tools/node_modules/winston/lib/winston/transports/console.js:79:23)
    at Console._write (/usr/local/lib/node_modules/firebase-tools/node_modules/winston-transport/index.js:103:17)
    at doWrite (/usr/local/lib/node_modules/firebase-tools/node_modules/winston-transport/node_modules/readable-stream/lib/_stream_writable.js:428:64)
    at writeOrBuffer (/usr/local/lib/node_modules/firebase-tools/node_modules/winston-transport/node_modules/readable-stream/lib/_stream_writable.js:417:5)
    at Writable.write (/usr/local/lib/node_modules/firebase-tools/node_modules/winston-transport/node_modules/readable-stream/lib/_stream_writable.js:334:11)
    at DerivedLogger.ondata (/usr/local/lib/node_modules/firebase-tools/node_modules/readable-stream/lib/_stream_readable.js:681:20)
    at DerivedLogger.emit (node:events:525:35)
    at DerivedLogger.emit (node:domain:489:12)
    at addChunk (/usr/local/lib/node_modules/firebase-tools/node_modules/readable-stream/lib/_stream_readable.js:298:12)
[error] 
[error] Error: An unexpected error has occurred.
[debug] [2023-02-06T18:47:53.076Z] Error: write EIO
    at afterWriteDispatched (node:internal/stream_base_commons:160:15)
    at writeGeneric (node:internal/stream_base_commons:151:3)
    at Socket._writeGeneric (node:net:917:11)
    at Socket._write (node:net:929:8)
    at writeOrBuffer (node:internal/streams/writable:392:12)
    at _write (node:internal/streams/writable:333:10)
    at Writable.write (node:internal/streams/writable:337:10)
    at Console.log (/usr/local/lib/node_modules/firebase-tools/node_modules/winston/lib/winston/transports/console.js:79:23)
    at Console._write (/usr/local/lib/node_modules/firebase-tools/node_modules/winston-transport/index.js:103:17)
    at doWrite (/usr/local/lib/node_modules/firebase-tools/node_modules/winston-transport/node_modules/readable-stream/lib/_stream_writable.js:428:64)
    at writeOrBuffer (/usr/local/lib/node_modules/firebase-tools/node_modules/winston-transport/node_modules/readable-stream/lib/_stream_writable.js:417:5)
    at Writable.write (/usr/local/lib/node_modules/firebase-tools/node_modules/winston-transport/node_modules/readable-stream/lib/_stream_writable.js:334:11)
    at DerivedLogger.ondata (/usr/local/lib/node_modules/firebase-tools/node_modules/readable-stream/lib/_stream_readable.js:681:20)
    at DerivedLogger.emit (node:events:525:35)
    at DerivedLogger.emit (node:domain:489:12)
    at addChunk (/usr/local/lib/node_modules/firebase-tools/node_modules/readable-stream/lib/_stream_readable.js:298:12)
[error] 
[error] Error: An unexpected error has occurred.
[debug] [2023-02-06T18:47:53.077Z] Error: write EIO
    at afterWriteDispatched (node:internal/stream_base_commons:160:15)
    at writeGeneric (node:internal/stream_base_commons:151:3)
    at Socket._writeGeneric (node:net:917:11)
    at Socket._write (node:net:929:8)
    at writeOrBuffer (node:internal/streams/writable:392:12)
    at _write (node:internal/streams/writable:333:10)
    at Writable.write (node:internal/streams/writable:337:10)
    at Console.log (/usr/local/lib/node_modules/firebase-tools/node_modules/winston/lib/winston/transports/console.js:79:23)
    at Console._write (/usr/local/lib/node_modules/firebase-tools/node_modules/winston-transport/index.js:103:17)
    at doWrite (/usr/local/lib/node_modules/firebase-tools/node_modules/winston-transport/node_modules/readable-stream/lib/_stream_writable.js:428:64)
    at writeOrBuffer (/usr/local/lib/node_modules/firebase-tools/node_modules/winston-transport/node_modules/readable-stream/lib/_stream_writable.js:417:5)
    at Writable.write (/usr/local/lib/node_modules/firebase-tools/node_modules/winston-transport/node_modules/readable-stream/lib/_stream_writable.js:334:11)
    at DerivedLogger.ondata (/usr/local/lib/node_modules/firebase-tools/node_modules/readable-stream/lib/_stream_readable.js:681:20)
    at DerivedLogger.emit (node:events:525:35)
    at DerivedLogger.emit (node:domain:489:12)
    at Readable.read (/usr/local/lib/node_modules/firebase-tools/node_modules/readable-stream/lib/_stream_readable.js:483:26)
[error] 
[error] Error: An unexpected error has occurred.
[debug] [2023-02-06T18:47:53.077Z] Error: write EIO
    at afterWriteDispatched (node:internal/stream_base_commons:160:15)
    at writeGeneric (node:internal/stream_base_commons:151:3)
    at Socket._writeGeneric (node:net:917:11)
    at Socket._write (node:net:929:8)
    at writeOrBuffer (node:internal/streams/writable:392:12)
    at _write (node:internal/streams/writable:333:10)
    at Writable.write (node:internal/streams/writable:337:10)
    at Console.log (/usr/local/lib/node_modules/firebase-tools/node_modules/winston/lib/winston/transports/console.js:79:23)
    at Console._write (/usr/local/lib/node_modules/firebase-tools/node_modules/winston-transport/index.js:103:17)
    at doWrite (/usr/local/lib/node_modules/firebase-tools/node_modules/winston-transport/node_modules/readable-stream/lib/_stream_writable.js:428:64)
    at writeOrBuffer (/usr/local/lib/node_modules/firebase-tools/node_modules/winston-transport/node_modules/readable-stream/lib/_stream_writable.js:417:5)
    at Writable.write (/usr/local/lib/node_modules/firebase-tools/node_modules/winston-transport/node_modules/readable-stream/lib/_stream_writable.js:334:11)
    at DerivedLogger.ondata (/usr/local/lib/node_modules/firebase-tools/node_modules/readable-stream/lib/_stream_readable.js:681:20)
    at DerivedLogger.emit (node:events:525:35)
    at DerivedLogger.emit (node:domain:489:12)
    at addChunk (/usr/local/lib/node_modules/firebase-tools/node_modules/readable-stream/lib/_stream_readable.js:298:12)
[error] 
[error] Error: An unexpected error has occurred.
[debug] [2023-02-06T18:47:53.077Z] Error: write EIO
    at afterWriteDispatched (node:internal/stream_base_commons:160:15)
    at writeGeneric (node:internal/stream_base_commons:151:3)
    at Socket._writeGeneric (node:net:917:11)
    at Socket._write (node:net:929:8)
    at writeOrBuffer (node:internal/streams/writable:392:12)
    at _write (node:internal/streams/writable:333:10)
    at Writable.write (node:internal/streams/writable:337:10)
    at Console.log (/usr/local/lib/node_modules/firebase-tools/node_modules/winston/lib/winston/transports/console.js:79:23)
    at Console._write (/usr/local/lib/node_modules/firebase-tools/node_modules/winston-transport/index.js:103:17)
    at doWrite (/usr/local/lib/node_modules/firebase-tools/node_modules/winston-transport/node_modules/readable-stream/lib/_stream_writable.js:428:64)
    at writeOrBuffer (/usr/local/lib/node_modules/firebase-tools/node_modules/winston-transport/node_modules/readable-stream/lib/_stream_writable.js:417:5)
    at Writable.write (/usr/local/lib/node_modules/firebase-tools/node_modules/winston-transport/node_modules/readable-stream/lib/_stream_writable.js:334:11)
    at DerivedLogger.ondata (/usr/local/lib/node_modules/firebase-tools/node_modules/readable-stream/lib/_stream_readable.js:681:20)
    at DerivedLogger.emit (node:events:525:35)
    at DerivedLogger.emit (node:domain:489:12)
    at addChunk (/usr/local/lib/node_modules/firebase-tools/node_modules/readable-stream/lib/_stream_readable.js:298:12)
[error] 
[error] Error: An unexpected error has occurred.
[debug] [2023-02-06T18:47:53.077Z] Error: write EIO
    at afterWriteDispatched (node:internal/stream_base_commons:160:15)
    at writeGeneric (node:internal/stream_base_commons:151:3)
    at Socket._writeGeneric (node:net:917:11)
    at Socket._write (node:net:929:8)
    at writeOrBuffer (node:internal/streams/writable:392:12)
    at _write (node:internal/streams/writable:333:10)
    at Writable.write (node:internal/streams/writable:337:10)
    at Console.log (/usr/local/lib/node_modules/firebase-tools/node_modules/winston/lib/winston/transports/console.js:79:23)
    at Console._write (/usr/local/lib/node_modules/firebase-tools/node_modules/winston-transport/index.js:103:17)
    at doWrite (/usr/local/lib/node_modules/firebase-tools/node_modules/winston-transport/node_modules/readable-stream/lib/_stream_writable.js:428:64)
    at writeOrBuffer (/usr/local/lib/node_modules/firebase-tools/node_modules/winston-transport/node_modules/readable-stream/lib/_stream_writable.js:417:5)
    at Writable.write (/usr/local/lib/node_modules/firebase-tools/node_modules/winston-transport/node_modules/readable-stream/lib/_stream_writable.js:334:11)
    at DerivedLogger.ondata (/usr/local/lib/node_modules/firebase-tools/node_modules/readable-stream/lib/_stream_readable.js:681:20)
    at DerivedLogger.emit (node:events:525:35)
    at DerivedLogger.emit (node:domain:489:12)
    at addChunk (/usr/local/lib/node_modules/firebase-tools/node_modules/readable-stream/lib/_stream_readable.js:298:12)
[error] 
[error] Error: An unexpected error has occurred.
[debug] [2023-02-06T18:47:53.077Z] Error: write EIO
    at afterWriteDispatched (node:internal/stream_base_commons:160:15)
    at writeGeneric (node:internal/stream_base_commons:151:3)
    at Socket._writeGeneric (node:net:917:11)
    at Socket._write (node:net:929:8)
    at writeOrBuffer (node:internal/streams/writable:392:12)
    at _write (node:internal/streams/writable:333:10)
    at Writable.write (node:internal/streams/writable:337:10)
    at Console.log (/usr/local/lib/node_modules/firebase-tools/node_modules/winston/lib/winston/transports/console.js:79:23)
    at Console._write (/usr/local/lib/node_modules/firebase-tools/node_modules/winston-transport/index.js:103:17)
    at doWrite (/usr/local/lib/node_modules/firebase-tools/node_modules/winston-transport/node_modules/readable-stream/lib/_stream_writable.js:428:64)
    at writeOrBuffer (/usr/local/lib/node_modules/firebase-tools/node_modules/winston-transport/node_modules/readable-stream/lib/_stream_writable.js:417:5)
    at Writable.write (/usr/local/lib/node_modules/firebase-tools/node_modules/winston-transport/node_modules/readable-stream/lib/_stream_writable.js:334:11)
    at DerivedLogger.ondata (/usr/local/lib/node_modules/firebase-tools/node_modules/readable-stream/lib/_stream_readable.js:681:20)
    at DerivedLogger.emit (node:events:525:35)
    at DerivedLogger.emit (node:domain:489:12)
    at addChunk (/usr/local/lib/node_modules/firebase-tools/node_modules/readable-stream/lib/_stream_readable.js:298:12)
[error] 
[error] Error: An unexpected error has occurred.
[debug] [2023-02-06T18:47:53.077Z] Error: write EIO
    at afterWriteDispatched (node:internal/stream_base_commons:160:15)
    at writeGeneric (node:internal/stream_base_commons:151:3)
    at Socket._writeGeneric (node:net:917:11)
    at Socket._write (node:net:929:8)
    at writeOrBuffer (node:internal/streams/writable:392:12)
    at _write (node:internal/streams/writable:333:10)
    at Writable.write (node:internal/streams/writable:337:10)
    at Console.log (/usr/local/lib/node_modules/firebase-tools/node_modules/winston/lib/winston/transports/console.js:79:23)
    at Console._write (/usr/local/lib/node_modules/firebase-tools/node_modules/winston-transport/index.js:103:17)
    at doWrite (/usr/local/lib/node_modules/firebase-tools/node_modules/winston-transport/node_modules/readable-stream/lib/_stream_writable.js:428:64)
    at writeOrBuffer (/usr/local/lib/node_modules/firebase-tools/node_modules/winston-transport/node_modules/readable-stream/lib/_stream_writable.js:417:5)
    at Writable.write (/usr/local/lib/node_modules/firebase-tools/node_modules/winston-transport/node_modules/readable-stream/lib/_stream_writable.js:334:11)
    at DerivedLogger.ondata (/usr/local/lib/node_modules/firebase-tools/node_modules/readable-stream/lib/_stream_readable.js:681:20)
    at DerivedLogger.emit (node:events:525:35)
    at DerivedLogger.emit (node:domain:489:12)
    at addChunk (/usr/local/lib/node_modules/firebase-tools/node_modules/readable-stream/lib/_stream_readable.js:298:12)
[error] 
[error] Error: An unexpected error has occurred.
[debug] [2023-02-06T18:47:53.077Z] Error: write EIO
    at afterWriteDispatched (node:internal/stream_base_commons:160:15)
    at writeGeneric (node:internal/stream_base_commons:151:3)
    at Socket._writeGeneric (node:net:917:11)
    at Socket._write (node:net:929:8)
    at writeOrBuffer (node:internal/streams/writable:392:12)
    at _write (node:internal/streams/writable:333:10)
    at Writable.write (node:internal/streams/writable:337:10)
    at Console.log (/usr/local/lib/node_modules/firebase-tools/node_modules/winston/lib/winston/transports/console.js:79:23)
    at Console._write (/usr/local/lib/node_modules/firebase-tools/node_modules/winston-transport/index.js:103:17)
    at doWrite (/usr/local/lib/node_modules/firebase-tools/node_modules/winston-transport/node_modules/readable-stream/lib/_stream_writable.js:428:64)
    at writeOrBuffer (/usr/local/lib/node_modules/firebase-tools/node_modules/winston-transport/node_modules/readable-stream/lib/_stream_writable.js:417:5)
    at Writable.write (/usr/local/lib/node_modules/firebase-tools/node_modules/winston-transport/node_modules/readable-stream/lib/_stream_writable.js:334:11)
    at DerivedLogger.ondata (/usr/local/lib/node_modules/firebase-tools/node_modules/readable-stream/lib/_stream_readable.js:681:20)
    at DerivedLogger.emit (node:events:525:35)
    at DerivedLogger.emit (node:domain:489:12)
    at addChunk (/usr/local/lib/node_modules/firebase-tools/node_modules/readable-stream/lib/_stream_readable.js:298:12)
[error] 
[error] Error: An unexpected error has occurred.
[debug] [2023-02-06T18:47:53.080Z] Error: write EIO
    at afterWriteDispatched (node:internal/stream_base_commons:160:15)
    at writeGeneric (node:internal/stream_base_commons:151:3)
    at Socket._writeGeneric (node:net:917:11)
    at Socket._write (node:net:929:8)
    at writeOrBuffer (node:internal/streams/writable:392:12)
    at _write (node:internal/streams/writable:333:10)
    at Writable.write (node:internal/streams/writable:337:10)
    at Console.log (/usr/local/lib/node_modules/firebase-tools/node_modules/winston/lib/winston/transports/console.js:79:23)
    at Console._write (/usr/local/lib/node_modules/firebase-tools/node_modules/winston-transport/index.js:103:17)
    at doWrite (/usr/local/lib/node_modules/firebase-tools/node_modules/winston-transport/node_modules/readable-stream/lib/_stream_writable.js:428:64)
    at writeOrBuffer (/usr/local/lib/node_modules/firebase-tools/node_modules/winston-transport/node_modules/readable-stream/lib/_stream_writable.js:417:5)
    at Writable.write (/usr/local/lib/node_modules/firebase-tools/node_modules/winston-transport/node_modules/readable-stream/lib/_stream_writable.js:334:11)
    at DerivedLogger.ondata (/usr/local/lib/node_modules/firebase-tools/node_modules/readable-stream/lib/_stream_readable.js:681:20)
    at DerivedLogger.emit (node:events:525:35)
    at DerivedLogger.emit (node:domain:489:12)
    at addChunk (/usr/local/lib/node_modules/firebase-tools/node_modules/readable-stream/lib/_stream_readable.js:298:12)
[error] 
[error] Error: An unexpected error has occurred.
[debug] [2023-02-06T18:47:53.081Z] Error: write EIO
    at afterWriteDispatched (node:internal/stream_base_commons:160:15)
    at writeGeneric (node:internal/stream_base_commons:151:3)
    at Socket._writeGeneric (node:net:917:11)
    at Socket._write (node:net:929:8)
    at writeOrBuffer (node:internal/streams/writable:392:12)
    at _write (node:internal/streams/writable:333:10)
    at Writable.write (node:internal/streams/writable:337:10)
    at Console.log (/usr/local/lib/node_modules/firebase-tools/node_modules/winston/lib/winston/transports/console.js:79:23)
    at Console._write (/usr/local/lib/node_modules/firebase-tools/node_modules/winston-transport/index.js:103:17)
    at doWrite (/usr/local/lib/node_modules/firebase-tools/node_modules/winston-transport/node_modules/readable-stream/lib/_stream_writable.js:428:64)
    at writeOrBuffer (/usr/local/lib/node_modules/firebase-tools/node_modules/winston-transport/node_modules/readable-stream/lib/_stream_writable.js:417:5)
    at Writable.write (/usr/local/lib/node_modules/firebase-tools/node_modules/winston-transport/node_modules/readable-stream/lib/_stream_writable.js:334:11)
    at DerivedLogger.ondata (/usr/local/lib/node_modules/firebase-tools/node_modules/readable-stream/lib/_stream_readable.js:681:20)
    at DerivedLogger.emit (node:events:525:35)
    at DerivedLogger.emit (node:domain:489:12)
    at addChunk (/usr/local/lib/node_modules/firebase-tools/node_modules/readable-stream/lib/_stream_readable.js:298:12)
[error] 
[error] Error: An unexpected error has occurred.
[debug] [2023-02-06T18:47:53.081Z] Error: write EIO
    at afterWriteDispatched (node:internal/stream_base_commons:160:15)
    at writeGeneric (node:internal/stream_base_commons:151:3)
    at Socket._writeGeneric (node:net:917:11)
    at Socket._write (node:net:929:8)
    at writeOrBuffer (node:internal/streams/writable:392:12)
    at _write (node:internal/streams/writable:333:10)
    at Writable.write (node:internal/streams/writable:337:10)
    at Console.log (/usr/local/lib/node_modules/firebase-tools/node_modules/winston/lib/winston/transports/console.js:79:23)
    at Console._write (/usr/local/lib/node_modules/firebase-tools/node_modules/winston-transport/index.js:103:17)
    at doWrite (/usr/local/lib/node_modules/firebase-tools/node_modules/winston-transport/node_modules/readable-stream/lib/_stream_writable.js:428:64)
    at writeOrBuffer (/usr/local/lib/node_modules/firebase-tools/node_modules/winston-transport/node_modules/readable-stream/lib/_stream_writable.js:417:5)
    at Writable.write (/usr/local/lib/node_modules/firebase-tools/node_modules/winston-transport/node_modules/readable-stream/lib/_stream_writable.js:334:11)
    at DerivedLogger.ondata (/usr/local/lib/node_modules/firebase-tools/node_modules/readable-stream/lib/_stream_readable.js:681:20)
    at DerivedLogger.emit (node:events:525:35)
    at DerivedLogger.emit (node:domain:489:12)
    at addChunk (/usr/local/lib/node_modules/firebase-tools/node_modules/readable-stream/lib/_stream_readable.js:298:12)
[error] 
[error] Error: An unexpected error has occurred.
[debug] [2023-02-06T18:47:53.081Z] Error: write EIO
    at afterWriteDispatched (node:internal/stream_base_commons:160:15)
    at writeGeneric (node:internal/stream_base_commons:151:3)
    at Socket._writeGeneric (node:net:917:11)
    at Socket._write (node:net:929:8)
    at writeOrBuffer (node:internal/streams/writable:392:12)
    at _write (node:internal/streams/writable:333:10)
    at Writable.write (node:internal/streams/writable:337:10)
    at Console.log (/usr/local/lib/node_modules/firebase-tools/node_modules/winston/lib/winston/transports/console.js:79:23)
    at Console._write (/usr/local/lib/node_modules/firebase-tools/node_modules/winston-transport/index.js:103:17)
    at doWrite (/usr/local/lib/node_modules/firebase-tools/node_modules/winston-transport/node_modules/readable-stream/lib/_stream_writable.js:428:64)
    at writeOrBuffer (/usr/local/lib/node_modules/firebase-tools/node_modules/winston-transport/node_modules/readable-stream/lib/_stream_writable.js:417:5)
    at Writable.write (/usr/local/lib/node_modules/firebase-tools/node_modules/winston-transport/node_modules/readable-stream/lib/_stream_writable.js:334:11)
    at DerivedLogger.ondata (/usr/local/lib/node_modules/firebase-tools/node_modules/readable-stream/lib/_stream_readable.js:681:20)
    at DerivedLogger.emit (node:events:525:35)
    at DerivedLogger.emit (node:domain:489:12)
    at addChunk (/usr/local/lib/node_modules/firebase-tools/node_modules/readable-stream/lib/_stream_readable.js:298:12)
[error] 
[error] Error: An unexpected error has occurred.
[debug] [2023-02-06T18:47:53.083Z] Error: write EIO
    at afterWriteDispatched (node:internal/stream_base_commons:160:15)
    at writeGeneric (node:internal/stream_base_commons:151:3)
    at Socket._writeGeneric (node:net:917:11)
    at Socket._write (node:net:929:8)
    at writeOrBuffer (node:internal/streams/writable:392:12)
    at _write (node:internal/streams/writable:333:10)
    at Writable.write (node:internal/streams/writable:337:10)
    at Console.log (/usr/local/lib/node_modules/firebase-tools/node_modules/winston/lib/winston/transports/console.js:79:23)
    at Console._write (/usr/local/lib/node_modules/firebase-tools/node_modules/winston-transport/index.js:103:17)
    at doWrite (/usr/local/lib/node_modules/firebase-tools/node_modules/winston-transport/node_modules/readable-stream/lib/_stream_writable.js:428:64)
    at writeOrBuffer (/usr/local/lib/node_modules/firebase-tools/node_modules/winston-transport/node_modules/readable-stream/lib/_stream_writable.js:417:5)
    at Writable.write (/usr/local/lib/node_modules/firebase-tools/node_modules/winston-transport/node_modules/readable-stream/lib/_stream_writable.js:334:11)
    at DerivedLogger.ondata (/usr/local/lib/node_modules/firebase-tools/node_modules/readable-stream/lib/_stream_readable.js:681:20)
    at DerivedLogger.emit (node:events:525:35)
    at DerivedLogger.emit (node:domain:489:12)
    at Readable.read (/usr/local/lib/node_modules/firebase-tools/node_modules/readable-stream/lib/_stream_readable.js:483:26)
[error] 
[error] Error: An unexpected error has occurred.
[debug] [2023-02-06T18:47:53.083Z] Error: write EIO
    at afterWriteDispatched (node:internal/stream_base_commons:160:15)
    at writeGeneric (node:internal/stream_base_commons:151:3)
    at Socket._writeGeneric (node:net:917:11)
    at Socket._write (node:net:929:8)
    at writeOrBuffer (node:internal/streams/writable:392:12)
    at _write (node:internal/streams/writable:333:10)
    at Writable.write (node:internal/streams/writable:337:10)
    at Console.log (/usr/local/lib/node_modules/firebase-tools/node_modules/winston/lib/winston/transports/console.js:79:23)
    at Console._write (/usr/local/lib/node_modules/firebase-tools/node_modules/winston-transport/index.js:103:17)
    at doWrite (/usr/local/lib/node_modules/firebase-tools/node_modules/winston-transport/node_modules/readable-stream/lib/_stream_writable.js:428:64)
    at writeOrBuffer (/usr/local/lib/node_modules/firebase-tools/node_modules/winston-transport/node_modules/readable-stream/lib/_stream_writable.js:417:5)
    at Writable.write (/usr/local/lib/node_modules/firebase-tools/node_modules/winston-transport/node_modules/readable-stream/lib/_stream_writable.js:334:11)
    at DerivedLogger.ondata (/usr/local/lib/node_modules/firebase-tools/node_modules/readable-stream/lib/_stream_readable.js:681:20)
    at DerivedLogger.emit (node:events:525:35)
    at DerivedLogger.emit (node:domain:489:12)
    at addChunk (/usr/local/lib/node_modules/firebase-tools/node_modules/readable-stream/lib/_stream_readable.js:298:12)
[error] 
[error] Error: An unexpected error has occurred.
[debug] [2023-02-06T18:47:53.083Z] Error: write EIO
    at afterWriteDispatched (node:internal/stream_base_commons:160:15)
    at writeGeneric (node:internal/stream_base_commons:151:3)
    at Socket._writeGeneric (node:net:917:11)
    at Socket._write (node:net:929:8)
    at writeOrBuffer (node:internal/streams/writable:392:12)
    at _write (node:internal/streams/writable:333:10)
    at Writable.write (node:internal/streams/writable:337:10)
    at Console.log (/usr/local/lib/node_modules/firebase-tools/node_modules/winston/lib/winston/transports/console.js:79:23)
    at Console._write (/usr/local/lib/node_modules/firebase-tools/node_modules/winston-transport/index.js:103:17)
    at doWrite (/usr/local/lib/node_modules/firebase-tools/node_modules/winston-transport/node_modules/readable-stream/lib/_stream_writable.js:428:64)
    at writeOrBuffer (/usr/local/lib/node_modules/firebase-tools/node_modules/winston-transport/node_modules/readable-stream/lib/_stream_writable.js:417:5)
    at Writable.write (/usr/local/lib/node_modules/firebase-tools/node_modules/winston-transport/node_modules/readable-stream/lib/_stream_writable.js:334:11)
    at DerivedLogger.ondata (/usr/local/lib/node_modules/firebase-tools/node_modules/readable-stream/lib/_stream_readable.js:681:20)
    at DerivedLogger.emit (node:events:525:35)
    at DerivedLogger.emit (node:domain:489:12)
    at addChunk (/usr/local/lib/node_modules/firebase-tools/node_modules/readable-stream/lib/_stream_readable.js:298:12)
[error] 
[error] Error: An unexpected error has occurred.
[debug] [2023-02-06T18:47:53.083Z] Error: write EIO
    at afterWriteDispatched (node:internal/stream_base_commons:160:15)
    at writeGeneric (node:internal/stream_base_commons:151:3)
    at Socket._writeGeneric (node:net:917:11)
    at Socket._write (node:net:929:8)
    at writeOrBuffer (node:internal/streams/writable:392:12)
    at _write (node:internal/streams/writable:333:10)
    at Writable.write (node:internal/streams/writable:337:10)
    at Console.log (/usr/local/lib/node_modules/firebase-tools/node_modules/winston/lib/winston/transports/console.js:79:23)
    at Console._write (/usr/local/lib/node_modules/firebase-tools/node_modules/winston-transport/index.js:103:17)
    at doWrite (/usr/local/lib/node_modules/firebase-tools/node_modules/winston-transport/node_modules/readable-stream/lib/_stream_writable.js:428:64)
    at writeOrBuffer (/usr/local/lib/node_modules/firebase-tools/node_modules/winston-transport/node_modules/readable-stream/lib/_stream_writable.js:417:5)
    at Writable.write (/usr/local/lib/node_modules/firebase-tools/node_modules/winston-transport/node_modules/readable-stream/lib/_stream_writable.js:334:11)
    at DerivedLogger.ondata (/usr/local/lib/node_modules/firebase-tools/node_modules/readable-stream/lib/_stream_readable.js:681:20)
    at DerivedLogger.emit (node:events:525:35)
    at DerivedLogger.emit (node:domain:489:12)
    at addChunk (/usr/local/lib/node_modules/firebase-tools/node_modules/readable-stream/lib/_stream_readable.js:298:12)
[error] 
[error] Error: An unexpected error has occurred.
[debug] [2023-02-06T18:47:53.083Z] Error: write EIO
    at afterWriteDispatched (node:internal/stream_base_commons:160:15)
    at writeGeneric (node:internal/stream_base_commons:151:3)
    at Socket._writeGeneric (node:net:917:11)
    at Socket._write (node:net:929:8)
    at writeOrBuffer (node:internal/streams/writable:392:12)
    at _write (node:internal/streams/writable:333:10)
    at Writable.write (node:internal/streams/writable:337:10)
    at Console.log (/usr/local/lib/node_modules/firebase-tools/node_modules/winston/lib/winston/transports/console.js:79:23)
    at Console._write (/usr/local/lib/node_modules/firebase-tools/node_modules/winston-transport/index.js:103:17)
    at doWrite (/usr/local/lib/node_modules/firebase-tools/node_modules/winston-transport/node_modules/readable-stream/lib/_stream_writable.js:428:64)
    at writeOrBuffer (/usr/local/lib/node_modules/firebase-tools/node_modules/winston-transport/node_modules/readable-stream/lib/_stream_writable.js:417:5)
    at Writable.write (/usr/local/lib/node_modules/firebase-tools/node_modules/winston-transport/node_modules/readable-stream/lib/_stream_writable.js:334:11)
    at DerivedLogger.ondata (/usr/local/lib/node_modules/firebase-tools/node_modules/readable-stream/lib/_stream_readable.js:681:20)
    at DerivedLogger.emit (node:events:525:35)
    at DerivedLogger.emit (node:domain:489:12)
    at addChunk (/usr/local/lib/node_modules/firebase-tools/node_modules/readable-stream/lib/_stream_readable.js:298:12)
[error] 
[error] Error: An unexpected error has occurred.
[debug] [2023-02-06T18:47:53.083Z] Error: write EIO
    at afterWriteDispatched (node:internal/stream_base_commons:160:15)
    at writeGeneric (node:internal/stream_base_commons:151:3)
    at Socket._writeGeneric (node:net:917:11)
    at Socket._write (node:net:929:8)
    at writeOrBuffer (node:internal/streams/writable:392:12)
    at _write (node:internal/streams/writable:333:10)
    at Writable.write (node:internal/streams/writable:337:10)
    at Console.log (/usr/local/lib/node_modules/firebase-tools/node_modules/winston/lib/winston/transports/console.js:79:23)
    at Console._write (/usr/local/lib/node_modules/firebase-tools/node_modules/winston-transport/index.js:103:17)
    at doWrite (/usr/local/lib/node_modules/firebase-tools/node_modules/winston-transport/node_modules/readable-stream/lib/_stream_writable.js:428:64)
    at writeOrBuffer (/usr/local/lib/node_modules/firebase-tools/node_modules/winston-transport/node_modules/readable-stream/lib/_stream_writable.js:417:5)
    at Writable.write (/usr/local/lib/node_modules/firebase-tools/node_modules/winston-transport/node_modules/readable-stream/lib/_stream_writable.js:334:11)
    at DerivedLogger.ondata (/usr/local/lib/node_modules/firebase-tools/node_modules/readable-stream/lib/_stream_readable.js:681:20)
    at DerivedLogger.emit (node:events:525:35)
    at DerivedLogger.emit (node:domain:489:12)
    at addChunk (/usr/local/lib/node_modules/firebase-tools/node_modules/readable-stream/lib/_stream_readable.js:298:12)
[error] 
[error] Error: An unexpected error has occurred.
[debug] [2023-02-06T18:47:53.084Z] Error: write EIO
    at afterWriteDispatched (node:internal/stream_base_commons:160:15)
    at writeGeneric (node:internal/stream_base_commons:151:3)
    at Socket._writeGeneric (node:net:917:11)
    at Socket._write (node:net:929:8)
    at writeOrBuffer (node:internal/streams/writable:392:12)
    at _write (node:internal/streams/writable:333:10)
    at Writable.write (node:internal/streams/writable:337:10)
    at Console.log (/usr/local/lib/node_modules/firebase-tools/node_modules/winston/lib/winston/transports/console.js:79:23)
    at Console._write (/usr/local/lib/node_modules/firebase-tools/node_modules/winston-transport/index.js:103:17)
    at doWrite (/usr/local/lib/node_modules/firebase-tools/node_modules/winston-transport/node_modules/readable-stream/lib/_stream_writable.js:428:64)
    at writeOrBuffer (/usr/local/lib/node_modules/firebase-tools/node_modules/winston-transport/node_modules/readable-stream/lib/_stream_writable.js:417:5)
    at Writable.write (/usr/local/lib/node_modules/firebase-tools/node_modules/winston-transport/node_modules/readable-stream/lib/_stream_writable.js:334:11)
    at DerivedLogger.ondata (/usr/local/lib/node_modules/firebase-tools/node_modules/readable-stream/lib/_stream_readable.js:681:20)
    at DerivedLogger.emit (node:events:525:35)
    at DerivedLogger.emit (node:domain:489:12)
    at addChunk (/usr/local/lib/node_modules/firebase-tools/node_modules/readable-stream/lib/_stream_readable.js:298:12)
[error] 
[error] Error: An unexpected error has occurred.
[debug] [2023-02-06T18:47:53.084Z] Error: write EIO
    at afterWriteDispatched (node:internal/stream_base_commons:160:15)
    at writeGeneric (node:internal/stream_base_commons:151:3)
    at Socket._writeGeneric (node:net:917:11)
    at Socket._write (node:net:929:8)
    at writeOrBuffer (node:internal/streams/writable:392:12)
    at _write (node:internal/streams/writable:333:10)
    at Writable.write (node:internal/streams/writable:337:10)
    at Console.log (/usr/local/lib/node_modules/firebase-tools/node_modules/winston/lib/winston/transports/console.js:79:23)
    at Console._write (/usr/local/lib/node_modules/firebase-tools/node_modules/winston-transport/index.js:103:17)
    at doWrite (/usr/local/lib/node_modules/firebase-tools/node_modules/winston-transport/node_modules/readable-stream/lib/_stream_writable.js:428:64)
    at writeOrBuffer (/usr/local/lib/node_modules/firebase-tools/node_modules/winston-transport/node_modules/readable-stream/lib/_stream_writable.js:417:5)
    at Writable.write (/usr/local/lib/node_modules/firebase-tools/node_modules/winston-transport/node_modules/readable-stream/lib/_stream_writable.js:334:11)
    at DerivedLogger.ondata (/usr/local/lib/node_modules/firebase-tools/node_modules/readable-stream/lib/_stream_readable.js:681:20)
    at DerivedLogger.emit (node:events:525:35)
    at DerivedLogger.emit (node:domain:489:12)
    at addChunk (/usr/local/lib/node_modules/firebase-tools/node_modules/readable-stream/lib/_stream_readable.js:298:12)
[error] 
[error] Error: An unexpected error has occurred.
[debug] [2023-02-06T18:47:53.084Z] Error: write EIO
    at afterWriteDispatched (node:internal/stream_base_commons:160:15)
    at writeGeneric (node:internal/stream_base_commons:151:3)
    at Socket._writeGeneric (node:net:917:11)
    at Socket._write (node:net:929:8)
    at writeOrBuffer (node:internal/streams/writable:392:12)
    at _write (node:internal/streams/writable:333:10)
    at Writable.write (node:internal/streams/writable:337:10)
    at Console.log (/usr/local/lib/node_modules/firebase-tools/node_modules/winston/lib/winston/transports/console.js:79:23)
    at Console._write (/usr/local/lib/node_modules/firebase-tools/node_modules/winston-transport/index.js:103:17)
    at doWrite (/usr/local/lib/node_modules/firebase-tools/node_modules/winston-transport/node_modules/readable-stream/lib/_stream_writable.js:428:64)
    at writeOrBuffer (/usr/local/lib/node_modules/firebase-tools/node_modules/winston-transport/node_modules/readable-stream/lib/_stream_writable.js:417:5)
    at Writable.write (/usr/local/lib/node_modules/firebase-tools/node_modules/winston-transport/node_modules/readable-stream/lib/_stream_writable.js:334:11)
    at DerivedLogger.ondata (/usr/local/lib/node_modules/firebase-tools/node_modules/readable-stream/lib/_stream_readable.js:681:20)
    at DerivedLogger.emit (node:events:525:35)
    at DerivedLogger.emit (node:domain:489:12)
    at addChunk (/usr/local/lib/node_modules/firebase-tools/node_modules/readable-stream/lib/_stream_readable.js:298:12)
[error] 
[error] Error: An unexpected error has occurred.
[debug] [2023-02-06T18:47:53.084Z] Error: write EIO
    at afterWriteDispatched (node:internal/stream_base_commons:160:15)
    at writeGeneric (node:internal/stream_base_commons:151:3)
    at Socket._writeGeneric (node:net:917:11)
    at Socket._write (node:net:929:8)
    at writeOrBuffer (node:internal/streams/writable:392:12)
    at _write (node:internal/streams/writable:333:10)
    at Writable.write (node:internal/streams/writable:337:10)
    at Console.log (/usr/local/lib/node_modules/firebase-tools/node_modules/winston/lib/winston/transports/console.js:79:23)
    at Console._write (/usr/local/lib/node_modules/firebase-tools/node_modules/winston-transport/index.js:103:17)
    at doWrite (/usr/local/lib/node_modules/firebase-tools/node_modules/winston-transport/node_modules/readable-stream/lib/_stream_writable.js:428:64)
    at writeOrBuffer (/usr/local/lib/node_modules/firebase-tools/node_modules/winston-transport/node_modules/readable-stream/lib/_stream_writable.js:417:5)
    at Writable.write (/usr/local/lib/node_modules/firebase-tools/node_modules/winston-transport/node_modules/readable-stream/lib/_stream_writable.js:334:11)
    at DerivedLogger.ondata (/usr/local/lib/node_modules/firebase-tools/node_modules/readable-stream/lib/_stream_readable.js:681:20)
    at DerivedLogger.emit (node:events:525:35)
    at DerivedLogger.emit (node:domain:489:12)
    at addChunk (/usr/local/lib/node_modules/firebase-tools/node_modules/readable-stream/lib/_stream_readable.js:298:12)
[error] 
[error] Error: An unexpected error has occurred.
[debug] [2023-02-06T18:47:53.084Z] Error: write EIO
    at afterWriteDispatched (node:internal/stream_base_commons:160:15)
    at writeGeneric (node:internal/stream_base_commons:151:3)
    at Socket._writeGeneric (node:net:917:11)
    at Socket._write (node:net:929:8)
    at writeOrBuffer (node:internal/streams/writable:392:12)
    at _write (node:internal/streams/writable:333:10)
    at Writable.write (node:internal/streams/writable:337:10)
    at Console.log (/usr/local/lib/node_modules/firebase-tools/node_modules/winston/lib/winston/transports/console.js:79:23)
    at Console._write (/usr/local/lib/node_modules/firebase-tools/node_modules/winston-transport/index.js:103:17)
    at doWrite (/usr/local/lib/node_modules/firebase-tools/node_modules/winston-transport/node_modules/readable-stream/lib/_stream_writable.js:428:64)
    at writeOrBuffer (/usr/local/lib/node_modules/firebase-tools/node_modules/winston-transport/node_modules/readable-stream/lib/_stream_writable.js:417:5)
    at Writable.write (/usr/local/lib/node_modules/firebase-tools/node_modules/winston-transport/node_modules/readable-stream/lib/_stream_writable.js:334:11)
    at DerivedLogger.ondata (/usr/local/lib/node_modules/firebase-tools/node_modules/readable-stream/lib/_stream_readable.js:681:20)
    at DerivedLogger.emit (node:events:525:35)
    at DerivedLogger.emit (node:domain:489:12)
    at addChunk (/usr/local/lib/node_modules/firebase-tools/node_modules/readable-stream/lib/_stream_readable.js:298:12)
[error] 
[error] Error: An unexpected error has occurred.
[debug] [2023-02-06T18:47:53.084Z] Error: write EIO
    at afterWriteDispatched (node:internal/stream_base_commons:160:15)
    at writeGeneric (node:internal/stream_base_commons:151:3)
    at Socket._writeGeneric (node:net:917:11)
    at Socket._write (node:net:929:8)
    at writeOrBuffer (node:internal/streams/writable:392:12)
    at _write (node:internal/streams/writable:333:10)
    at Writable.write (node:internal/streams/writable:337:10)
    at Console.log (/usr/local/lib/node_modules/firebase-tools/node_modules/winston/lib/winston/transports/console.js:79:23)
    at Console._write (/usr/local/lib/node_modules/firebase-tools/node_modules/winston-transport/index.js:103:17)
    at doWrite (/usr/local/lib/node_modules/firebase-tools/node_modules/winston-transport/node_modules/readable-stream/lib/_stream_writable.js:428:64)
    at writeOrBuffer (/usr/local/lib/node_modules/firebase-tools/node_modules/winston-transport/node_modules/readable-stream/lib/_stream_writable.js:417:5)
    at Writable.write (/usr/local/lib/node_modules/firebase-tools/node_modules/winston-transport/node_modules/readable-stream/lib/_stream_writable.js:334:11)
    at DerivedLogger.ondata (/usr/local/lib/node_modules/firebase-tools/node_modules/readable-stream/lib/_stream_readable.js:681:20)
    at DerivedLogger.emit (node:events:525:35)
    at DerivedLogger.emit (node:domain:489:12)
    at Readable.read (/usr/local/lib/node_modules/firebase-tools/node_modules/readable-stream/lib/_stream_readable.js:483:26)
[error] 
[error] Error: An unexpected error has occurred.
[debug] [2023-02-06T18:47:53.084Z] Error: write EIO
    at afterWriteDispatched (node:internal/stream_base_commons:160:15)
    at writeGeneric (node:internal/stream_base_commons:151:3)
    at Socket._writeGeneric (node:net:917:11)
    at Socket._write (node:net:929:8)
    at writeOrBuffer (node:internal/streams/writable:392:12)
    at _write (node:internal/streams/writable:333:10)
    at Writable.write (node:internal/streams/writable:337:10)
    at Console.log (/usr/local/lib/node_modules/firebase-tools/node_modules/winston/lib/winston/transports/console.js:79:23)
    at Console._write (/usr/local/lib/node_modules/firebase-tools/node_modules/winston-transport/index.js:103:17)
    at doWrite (/usr/local/lib/node_modules/firebase-tools/node_modules/winston-transport/node_modules/readable-stream/lib/_stream_writable.js:428:64)
    at writeOrBuffer (/usr/local/lib/node_modules/firebase-tools/node_modules/winston-transport/node_modules/readable-stream/lib/_stream_writable.js:417:5)
    at Writable.write (/usr/local/lib/node_modules/firebase-tools/node_modules/winston-transport/node_modules/readable-stream/lib/_stream_writable.js:334:11)
    at DerivedLogger.ondata (/usr/local/lib/node_modules/firebase-tools/node_modules/readable-stream/lib/_stream_readable.js:681:20)
    at DerivedLogger.emit (node:events:525:35)
    at DerivedLogger.emit (node:domain:489:12)
    at addChunk (/usr/local/lib/node_modules/firebase-tools/node_modules/readable-stream/lib/_stream_readable.js:298:12)
[error] 
[error] Error: An unexpected error has occurred.
[debug] [2023-02-06T18:47:53.085Z] Error: write EIO
    at afterWriteDispatched (node:internal/stream_base_commons:160:15)
    at writeGeneric (node:internal/stream_base_commons:151:3)
    at Socket._writeGeneric (node:net:917:11)
    at Socket._write (node:net:929:8)
    at writeOrBuffer (node:internal/streams/writable:392:12)
    at _write (node:internal/streams/writable:333:10)
    at Writable.write (node:internal/streams/writable:337:10)
    at Console.log (/usr/local/lib/node_modules/firebase-tools/node_modules/winston/lib/winston/transports/console.js:79:23)
    at Console._write (/usr/local/lib/node_modules/firebase-tools/node_modules/winston-transport/index.js:103:17)
    at doWrite (/usr/local/lib/node_modules/firebase-tools/node_modules/winston-transport/node_modules/readable-stream/lib/_stream_writable.js:428:64)
    at writeOrBuffer (/usr/local/lib/node_modules/firebase-tools/node_modules/winston-transport/node_modules/readable-stream/lib/_stream_writable.js:417:5)
    at Writable.write (/usr/local/lib/node_modules/firebase-tools/node_modules/winston-transport/node_modules/readable-stream/lib/_stream_writable.js:334:11)
    at DerivedLogger.ondata (/usr/local/lib/node_modules/firebase-tools/node_modules/readable-stream/lib/_stream_readable.js:681:20)
    at DerivedLogger.emit (node:events:525:35)
    at DerivedLogger.emit (node:domain:489:12)
    at addChunk (/usr/local/lib/node_modules/firebase-tools/node_modules/readable-stream/lib/_stream_readable.js:298:12)
[error] 
[error] Error: An unexpected error has occurred.
[debug] [2023-02-06T18:47:53.085Z] Error: write EIO
    at afterWriteDispatched (node:internal/stream_base_commons:160:15)
    at writeGeneric (node:internal/stream_base_commons:151:3)
    at Socket._writeGeneric (node:net:917:11)
    at Socket._write (node:net:929:8)
    at writeOrBuffer (node:internal/streams/writable:392:12)
    at _write (node:internal/streams/writable:333:10)
    at Writable.write (node:internal/streams/writable:337:10)
    at Console.log (/usr/local/lib/node_modules/firebase-tools/node_modules/winston/lib/winston/transports/console.js:79:23)
    at Console._write (/usr/local/lib/node_modules/firebase-tools/node_modules/winston-transport/index.js:103:17)
    at doWrite (/usr/local/lib/node_modules/firebase-tools/node_modules/winston-transport/node_modules/readable-stream/lib/_stream_writable.js:428:64)
    at writeOrBuffer (/usr/local/lib/node_modules/firebase-tools/node_modules/winston-transport/node_modules/readable-stream/lib/_stream_writable.js:417:5)
    at Writable.write (/usr/local/lib/node_modules/firebase-tools/node_modules/winston-transport/node_modules/readable-stream/lib/_stream_writable.js:334:11)
    at DerivedLogger.ondata (/usr/local/lib/node_modules/firebase-tools/node_modules/readable-stream/lib/_stream_readable.js:681:20)
    at DerivedLogger.emit (node:events:525:35)
    at DerivedLogger.emit (node:domain:489:12)
    at addChunk (/usr/local/lib/node_modules/firebase-tools/node_modules/readable-stream/lib/_stream_readable.js:298:12)
[error] 
[error] Error: An unexpected error has occurred.
[debug] [2023-02-06T18:47:53.085Z] Error: write EIO
    at afterWriteDispatched (node:internal/stream_base_commons:160:15)
    at writeGeneric (node:internal/stream_base_commons:151:3)
    at Socket._writeGeneric (node:net:917:11)
    at Socket._write (node:net:929:8)
    at writeOrBuffer (node:internal/streams/writable:392:12)
    at _write (node:internal/streams/writable:333:10)
    at Writable.write (node:internal/streams/writable:337:10)
    at Console.log (/usr/local/lib/node_modules/firebase-tools/node_modules/winston/lib/winston/transports/console.js:79:23)
    at Console._write (/usr/local/lib/node_modules/firebase-tools/node_modules/winston-transport/index.js:103:17)
    at doWrite (/usr/local/lib/node_modules/firebase-tools/node_modules/winston-transport/node_modules/readable-stream/lib/_stream_writable.js:428:64)
    at writeOrBuffer (/usr/local/lib/node_modules/firebase-tools/node_modules/winston-transport/node_modules/readable-stream/lib/_stream_writable.js:417:5)
    at Writable.write (/usr/local/lib/node_modules/firebase-tools/node_modules/winston-transport/node_modules/readable-stream/lib/_stream_writable.js:334:11)
    at DerivedLogger.ondata (/usr/local/lib/node_modules/firebase-tools/node_modules/readable-stream/lib/_stream_readable.js:681:20)
    at DerivedLogger.emit (node:events:525:35)
    at DerivedLogger.emit (node:domain:489:12)
    at addChunk (/usr/local/lib/node_modules/firebase-tools/node_modules/readable-stream/lib/_stream_readable.js:298:12)
[error] 
[error] Error: An unexpected error has occurred.
[debug] [2023-02-06T18:47:53.085Z] Error: write EIO
    at afterWriteDispatched (node:internal/stream_base_commons:160:15)
    at writeGeneric (node:internal/stream_base_commons:151:3)
    at Socket._writeGeneric (node:net:917:11)
    at Socket._write (node:net:929:8)
    at writeOrBuffer (node:internal/streams/writable:392:12)
    at _write (node:internal/streams/writable:333:10)
    at Writable.write (node:internal/streams/writable:337:10)
    at Console.log (/usr/local/lib/node_modules/firebase-tools/node_modules/winston/lib/winston/transports/console.js:79:23)
    at Console._write (/usr/local/lib/node_modules/firebase-tools/node_modules/winston-transport/index.js:103:17)
    at doWrite (/usr/local/lib/node_modules/firebase-tools/node_modules/winston-transport/node_modules/readable-stream/lib/_stream_writable.js:428:64)
    at writeOrBuffer (/usr/local/lib/node_modules/firebase-tools/node_modules/winston-transport/node_modules/readable-stream/lib/_stream_writable.js:417:5)
    at Writable.write (/usr/local/lib/node_modules/firebase-tools/node_modules/winston-transport/node_modules/readable-stream/lib/_stream_writable.js:334:11)
    at DerivedLogger.ondata (/usr/local/lib/node_modules/firebase-tools/node_modules/readable-stream/lib/_stream_readable.js:681:20)
    at DerivedLogger.emit (node:events:525:35)
    at DerivedLogger.emit (node:domain:489:12)
    at addChunk (/usr/local/lib/node_modules/firebase-tools/node_modules/readable-stream/lib/_stream_readable.js:298:12)
[error] 
[error] Error: An unexpected error has occurred.
[debug] [2023-02-06T18:47:53.085Z] Error: write EIO
    at afterWriteDispatched (node:internal/stream_base_commons:160:15)
    at writeGeneric (node:internal/stream_base_commons:151:3)
    at Socket._writeGeneric (node:net:917:11)
    at Socket._write (node:net:929:8)
    at writeOrBuffer (node:internal/streams/writable:392:12)
    at _write (node:internal/streams/writable:333:10)
    at Writable.write (node:internal/streams/writable:337:10)
    at Console.log (/usr/local/lib/node_modules/firebase-tools/node_modules/winston/lib/winston/transports/console.js:79:23)
    at Console._write (/usr/local/lib/node_modules/firebase-tools/node_modules/winston-transport/index.js:103:17)
    at doWrite (/usr/local/lib/node_modules/firebase-tools/node_modules/winston-transport/node_modules/readable-stream/lib/_stream_writable.js:428:64)
    at writeOrBuffer (/usr/local/lib/node_modules/firebase-tools/node_modules/winston-transport/node_modules/readable-stream/lib/_stream_writable.js:417:5)
    at Writable.write (/usr/local/lib/node_modules/firebase-tools/node_modules/winston-transport/node_modules/readable-stream/lib/_stream_writable.js:334:11)
    at DerivedLogger.ondata (/usr/local/lib/node_modules/firebase-tools/node_modules/readable-stream/lib/_stream_readable.js:681:20)
    at DerivedLogger.emit (node:events:525:35)
    at DerivedLogger.emit (node:domain:489:12)
    at addChunk (/usr/local/lib/node_modules/firebase-tools/node_modules/readable-stream/lib/_stream_readable.js:298:12)
[error] 
[error] Error: An unexpected error has occurred.
[debug] [2023-02-06T18:47:53.085Z] Error: write EIO
    at afterWriteDispatched (node:internal/stream_base_commons:160:15)
    at writeGeneric (node:internal/stream_base_commons:151:3)
    at Socket._writeGeneric (node:net:917:11)
    at Socket._write (node:net:929:8)
    at writeOrBuffer (node:internal/streams/writable:392:12)
    at _write (node:internal/streams/writable:333:10)
    at Writable.write (node:internal/streams/writable:337:10)
    at Console.log (/usr/local/lib/node_modules/firebase-tools/node_modules/winston/lib/winston/transports/console.js:79:23)
    at Console._write (/usr/local/lib/node_modules/firebase-tools/node_modules/winston-transport/index.js:103:17)
    at doWrite (/usr/local/lib/node_modules/firebase-tools/node_modules/winston-transport/node_modules/readable-stream/lib/_stream_writable.js:428:64)
    at writeOrBuffer (/usr/local/lib/node_modules/firebase-tools/node_modules/winston-transport/node_modules/readable-stream/lib/_stream_writable.js:417:5)
    at Writable.write (/usr/local/lib/node_modules/firebase-tools/node_modules/winston-transport/node_modules/readable-stream/lib/_stream_writable.js:334:11)
    at DerivedLogger.ondata (/usr/local/lib/node_modules/firebase-tools/node_modules/readable-stream/lib/_stream_readable.js:681:20)
    at DerivedLogger.emit (node:events:525:35)
    at DerivedLogger.emit (node:domain:489:12)
    at addChunk (/usr/local/lib/node_modules/firebase-tools/node_modules/readable-stream/lib/_stream_readable.js:298:12)
[error] 
[error] Error: An unexpected error has occurred.
[debug] [2023-02-06T18:47:53.085Z] Error: write EIO
    at afterWriteDispatched (node:internal/stream_base_commons:160:15)
    at writeGeneric (node:internal/stream_base_commons:151:3)
    at Socket._writeGeneric (node:net:917:11)
    at Socket._write (node:net:929:8)
    at writeOrBuffer (node:internal/streams/writable:392:12)
    at _write (node:internal/streams/writable:333:10)
    at Writable.write (node:internal/streams/writable:337:10)
    at Console.log (/usr/local/lib/node_modules/firebase-tools/node_modules/winston/lib/winston/transports/console.js:79:23)
    at Console._write (/usr/local/lib/node_modules/firebase-tools/node_modules/winston-transport/index.js:103:17)
    at doWrite (/usr/local/lib/node_modules/firebase-tools/node_modules/winston-transport/node_modules/readable-stream/lib/_stream_writable.js:428:64)
    at writeOrBuffer (/usr/local/lib/node_modules/firebase-tools/node_modules/winston-transport/node_modules/readable-stream/lib/_stream_writable.js:417:5)
    at Writable.write (/usr/local/lib/node_modules/firebase-tools/node_modules/winston-transport/node_modules/readable-stream/lib/_stream_writable.js:334:11)
    at DerivedLogger.ondata (/usr/local/lib/node_modules/firebase-tools/node_modules/readable-stream/lib/_stream_readable.js:681:20)
    at DerivedLogger.emit (node:events:525:35)
    at DerivedLogger.emit (node:domain:489:12)
    at addChunk (/usr/local/lib/node_modules/firebase-tools/node_modules/readable-stream/lib/_stream_readable.js:298:12)
[error] 
[error] Error: An unexpected error has occurred.
[debug] [2023-02-06T18:47:53.086Z] Error: write EIO
    at afterWriteDispatched (node:internal/stream_base_commons:160:15)
    at writeGeneric (node:internal/stream_base_commons:151:3)
    at Socket._writeGeneric (node:net:917:11)
    at Socket._write (node:net:929:8)
    at writeOrBuffer (node:internal/streams/writable:392:12)
    at _write (node:internal/streams/writable:333:10)
    at Writable.write (node:internal/streams/writable:337:10)
    at Console.log (/usr/local/lib/node_modules/firebase-tools/node_modules/winston/lib/winston/transports/console.js:79:23)
    at Console._write (/usr/local/lib/node_modules/firebase-tools/node_modules/winston-transport/index.js:103:17)
    at doWrite (/usr/local/lib/node_modules/firebase-tools/node_modules/winston-transport/node_modules/readable-stream/lib/_stream_writable.js:428:64)
    at writeOrBuffer (/usr/local/lib/node_modules/firebase-tools/node_modules/winston-transport/node_modules/readable-stream/lib/_stream_writable.js:417:5)
    at Writable.write (/usr/local/lib/node_modules/firebase-tools/node_modules/winston-transport/node_modules/readable-stream/lib/_stream_writable.js:334:11)
    at DerivedLogger.ondata (/usr/local/lib/node_modules/firebase-tools/node_modules/readable-stream/lib/_stream_readable.js:681:20)
    at DerivedLogger.emit (node:events:525:35)
    at DerivedLogger.emit (node:domain:489:12)
    at addChunk (/usr/local/lib/node_modules/firebase-tools/node_modules/readable-stream/lib/_stream_readable.js:298:12)
[error] 
[error] Error: An unexpected error has occurred.
[debug] [2023-02-06T18:47:53.086Z] Error: write EIO
    at afterWriteDispatched (node:internal/stream_base_commons:160:15)
    at writeGeneric (node:internal/stream_base_commons:151:3)
    at Socket._writeGeneric (node:net:917:11)
    at Socket._write (node:net:929:8)
    at writeOrBuffer (node:internal/streams/writable:392:12)
    at _write (node:internal/streams/writable:333:10)
    at Writable.write (node:internal/streams/writable:337:10)
    at Console.log (/usr/local/lib/node_modules/firebase-tools/node_modules/winston/lib/winston/transports/console.js:79:23)
    at Console._write (/usr/local/lib/node_modules/firebase-tools/node_modules/winston-transport/index.js:103:17)
    at doWrite (/usr/local/lib/node_modules/firebase-tools/node_modules/winston-transport/node_modules/readable-stream/lib/_stream_writable.js:428:64)
    at writeOrBuffer (/usr/local/lib/node_modules/firebase-tools/node_modules/winston-transport/node_modules/readable-stream/lib/_stream_writable.js:417:5)
    at Writable.write (/usr/local/lib/node_modules/firebase-tools/node_modules/winston-transport/node_modules/readable-stream/lib/_stream_writable.js:334:11)
    at DerivedLogger.ondata (/usr/local/lib/node_modules/firebase-tools/node_modules/readable-stream/lib/_stream_readable.js:681:20)
    at DerivedLogger.emit (node:events:525:35)
    at DerivedLogger.emit (node:domain:489:12)
    at addChunk (/usr/local/lib/node_modules/firebase-tools/node_modules/readable-stream/lib/_stream_readable.js:298:12)
[error] 
[error] Error: An unexpected error has occurred.
[debug] [2023-02-06T18:47:53.086Z] Error: write EIO
    at afterWriteDispatched (node:internal/stream_base_commons:160:15)
    at writeGeneric (node:internal/stream_base_commons:151:3)
    at Socket._writeGeneric (node:net:917:11)
    at Socket._write (node:net:929:8)
    at writeOrBuffer (node:internal/streams/writable:392:12)
    at _write (node:internal/streams/writable:333:10)
    at Writable.write (node:internal/streams/writable:337:10)
    at Console.log (/usr/local/lib/node_modules/firebase-tools/node_modules/winston/lib/winston/transports/console.js:79:23)
    at Console._write (/usr/local/lib/node_modules/firebase-tools/node_modules/winston-transport/index.js:103:17)
    at doWrite (/usr/local/lib/node_modules/firebase-tools/node_modules/winston-transport/node_modules/readable-stream/lib/_stream_writable.js:428:64)
    at writeOrBuffer (/usr/local/lib/node_modules/firebase-tools/node_modules/winston-transport/node_modules/readable-stream/lib/_stream_writable.js:417:5)
    at Writable.write (/usr/local/lib/node_modules/firebase-tools/node_modules/winston-transport/node_modules/readable-stream/lib/_stream_writable.js:334:11)
    at DerivedLogger.ondata (/usr/local/lib/node_modules/firebase-tools/node_modules/readable-stream/lib/_stream_readable.js:681:20)
    at DerivedLogger.emit (node:events:525:35)
    at DerivedLogger.emit (node:domain:489:12)
    at Readable.read (/usr/local/lib/node_modules/firebase-tools/node_modules/readable-stream/lib/_stream_readable.js:483:26)
[error] 
[error] Error: An unexpected error has occurred.
[debug] [2023-02-06T18:47:53.086Z] Error: write EIO
    at afterWriteDispatched (node:internal/stream_base_commons:160:15)
    at writeGeneric (node:internal/stream_base_commons:151:3)
    at Socket._writeGeneric (node:net:917:11)
    at Socket._write (node:net:929:8)
    at writeOrBuffer (node:internal/streams/writable:392:12)
    at _write (node:internal/streams/writable:333:10)
    at Writable.write (node:internal/streams/writable:337:10)
    at Console.log (/usr/local/lib/node_modules/firebase-tools/node_modules/winston/lib/winston/transports/console.js:79:23)
    at Console._write (/usr/local/lib/node_modules/firebase-tools/node_modules/winston-transport/index.js:103:17)
    at doWrite (/usr/local/lib/node_modules/firebase-tools/node_modules/winston-transport/node_modules/readable-stream/lib/_stream_writable.js:428:64)
    at writeOrBuffer (/usr/local/lib/node_modules/firebase-tools/node_modules/winston-transport/node_modules/readable-stream/lib/_stream_writable.js:417:5)
    at Writable.write (/usr/local/lib/node_modules/firebase-tools/node_modules/winston-transport/node_modules/readable-stream/lib/_stream_writable.js:334:11)
    at DerivedLogger.ondata (/usr/local/lib/node_modules/firebase-tools/node_modules/readable-stream/lib/_stream_readable.js:681:20)
    at DerivedLogger.emit (node:events:525:35)
    at DerivedLogger.emit (node:domain:489:12)
    at addChunk (/usr/local/lib/node_modules/firebase-tools/node_modules/readable-stream/lib/_stream_readable.js:298:12)
[error] 
[error] Error: An unexpected error has occurred.
[debug] [2023-02-06T18:47:53.086Z] Error: write EIO
    at afterWriteDispatched (node:internal/stream_base_commons:160:15)
    at writeGeneric (node:internal/stream_base_commons:151:3)
    at Socket._writeGeneric (node:net:917:11)
    at Socket._write (node:net:929:8)
    at writeOrBuffer (node:internal/streams/writable:392:12)
    at _write (node:internal/streams/writable:333:10)
    at Writable.write (node:internal/streams/writable:337:10)
    at Console.log (/usr/local/lib/node_modules/firebase-tools/node_modules/winston/lib/winston/transports/console.js:79:23)
    at Console._write (/usr/local/lib/node_modules/firebase-tools/node_modules/winston-transport/index.js:103:17)
    at doWrite (/usr/local/lib/node_modules/firebase-tools/node_modules/winston-transport/node_modules/readable-stream/lib/_stream_writable.js:428:64)
    at writeOrBuffer (/usr/local/lib/node_modules/firebase-tools/node_modules/winston-transport/node_modules/readable-stream/lib/_stream_writable.js:417:5)
    at Writable.write (/usr/local/lib/node_modules/firebase-tools/node_modules/winston-transport/node_modules/readable-stream/lib/_stream_writable.js:334:11)
    at DerivedLogger.ondata (/usr/local/lib/node_modules/firebase-tools/node_modules/readable-stream/lib/_stream_readable.js:681:20)
    at DerivedLogger.emit (node:events:525:35)
    at DerivedLogger.emit (node:domain:489:12)
    at addChunk (/usr/local/lib/node_modules/firebase-tools/node_modules/readable-stream/lib/_stream_readable.js:298:12)
[error] 
[error] Error: An unexpected error has occurred.
[debug] [2023-02-06T18:47:53.087Z] Error: write EIO
    at afterWriteDispatched (node:internal/stream_base_commons:160:15)
    at writeGeneric (node:internal/stream_base_commons:151:3)
    at Socket._writeGeneric (node:net:917:11)
    at Socket._write (node:net:929:8)
    at writeOrBuffer (node:internal/streams/writable:392:12)
    at _write (node:internal/streams/writable:333:10)
    at Writable.write (node:internal/streams/writable:337:10)
    at Console.log (/usr/local/lib/node_modules/firebase-tools/node_modules/winston/lib/winston/transports/console.js:79:23)
    at Console._write (/usr/local/lib/node_modules/firebase-tools/node_modules/winston-transport/index.js:103:17)
    at doWrite (/usr/local/lib/node_modules/firebase-tools/node_modules/winston-transport/node_modules/readable-stream/lib/_stream_writable.js:428:64)
    at writeOrBuffer (/usr/local/lib/node_modules/firebase-tools/node_modules/winston-transport/node_modules/readable-stream/lib/_stream_writable.js:417:5)
    at Writable.write (/usr/local/lib/node_modules/firebase-tools/node_modules/winston-transport/node_modules/readable-stream/lib/_stream_writable.js:334:11)
    at DerivedLogger.ondata (/usr/local/lib/node_modules/firebase-tools/node_modules/readable-stream/lib/_stream_readable.js:681:20)
    at DerivedLogger.emit (node:events:525:35)
    at DerivedLogger.emit (node:domain:489:12)
    at addChunk (/usr/local/lib/node_modules/firebase-tools/node_modules/readable-stream/lib/_stream_readable.js:298:12)
[error] 
[error] Error: An unexpected error has occurred.
[debug] [2023-02-06T18:47:53.087Z] Error: write EIO
    at afterWriteDispatched (node:internal/stream_base_commons:160:15)
    at writeGeneric (node:internal/stream_base_commons:151:3)
    at Socket._writeGeneric (node:net:917:11)
    at Socket._write (node:net:929:8)
    at writeOrBuffer (node:internal/streams/writable:392:12)
    at _write (node:internal/streams/writable:333:10)
    at Writable.write (node:internal/streams/writable:337:10)
    at Console.log (/usr/local/lib/node_modules/firebase-tools/node_modules/winston/lib/winston/transports/console.js:79:23)
    at Console._write (/usr/local/lib/node_modules/firebase-tools/node_modules/winston-transport/index.js:103:17)
    at doWrite (/usr/local/lib/node_modules/firebase-tools/node_modules/winston-transport/node_modules/readable-stream/lib/_stream_writable.js:428:64)
    at writeOrBuffer (/usr/local/lib/node_modules/firebase-tools/node_modules/winston-transport/node_modules/readable-stream/lib/_stream_writable.js:417:5)
    at Writable.write (/usr/local/lib/node_modules/firebase-tools/node_modules/winston-transport/node_modules/readable-stream/lib/_stream_writable.js:334:11)
    at DerivedLogger.ondata (/usr/local/lib/node_modules/firebase-tools/node_modules/readable-stream/lib/_stream_readable.js:681:20)
    at DerivedLogger.emit (node:events:525:35)
    at DerivedLogger.emit (node:domain:489:12)
    at addChunk (/usr/local/lib/node_modules/firebase-tools/node_modules/readable-stream/lib/_stream_readable.js:298:12)
[error] 
[error] Error: An unexpected error has occurred.
[debug] [2023-02-06T18:47:53.087Z] Error: write EIO
    at afterWriteDispatched (node:internal/stream_base_commons:160:15)
    at writeGeneric (node:internal/stream_base_commons:151:3)
    at Socket._writeGeneric (node:net:917:11)
    at Socket._write (node:net:929:8)
    at writeOrBuffer (node:internal/streams/writable:392:12)
    at _write (node:internal/streams/writable:333:10)
    at Writable.write (node:internal/streams/writable:337:10)
    at Console.log (/usr/local/lib/node_modules/firebase-tools/node_modules/winston/lib/winston/transports/console.js:79:23)
    at Console._write (/usr/local/lib/node_modules/firebase-tools/node_modules/winston-transport/index.js:103:17)
    at doWrite (/usr/local/lib/node_modules/firebase-tools/node_modules/winston-transport/node_modules/readable-stream/lib/_stream_writable.js:428:64)
    at writeOrBuffer (/usr/local/lib/node_modules/firebase-tools/node_modules/winston-transport/node_modules/readable-stream/lib/_stream_writable.js:417:5)
    at Writable.write (/usr/local/lib/node_modules/firebase-tools/node_modules/winston-transport/node_modules/readable-stream/lib/_stream_writable.js:334:11)
    at DerivedLogger.ondata (/usr/local/lib/node_modules/firebase-tools/node_modules/readable-stream/lib/_stream_readable.js:681:20)
    at DerivedLogger.emit (node:events:525:35)
    at DerivedLogger.emit (node:domain:489:12)
    at addChunk (/usr/local/lib/node_modules/firebase-tools/node_modules/readable-stream/lib/_stream_readable.js:298:12)
[error] 
[error] Error: An unexpected error has occurred.
[debug] [2023-02-06T18:47:53.089Z] Error: write EIO
    at afterWriteDispatched (node:internal/stream_base_commons:160:15)
    at writeGeneric (node:internal/stream_base_commons:151:3)
    at Socket._writeGeneric (node:net:917:11)
    at Socket._write (node:net:929:8)
    at writeOrBuffer (node:internal/streams/writable:392:12)
    at _write (node:internal/streams/writable:333:10)
    at Writable.write (node:internal/streams/writable:337:10)
    at Console.log (/usr/local/lib/node_modules/firebase-tools/node_modules/winston/lib/winston/transports/console.js:79:23)
    at Console._write (/usr/local/lib/node_modules/firebase-tools/node_modules/winston-transport/index.js:103:17)
    at doWrite (/usr/local/lib/node_modules/firebase-tools/node_modules/winston-transport/node_modules/readable-stream/lib/_stream_writable.js:428:64)
    at writeOrBuffer (/usr/local/lib/node_modules/firebase-tools/node_modules/winston-transport/node_modules/readable-stream/lib/_stream_writable.js:417:5)
    at Writable.write (/usr/local/lib/node_modules/firebase-tools/node_modules/winston-transport/node_modules/readable-stream/lib/_stream_writable.js:334:11)
    at DerivedLogger.ondata (/usr/local/lib/node_modules/firebase-tools/node_modules/readable-stream/lib/_stream_readable.js:681:20)
    at DerivedLogger.emit (node:events:525:35)
    at DerivedLogger.emit (node:domain:489:12)
    at addChunk (/usr/local/lib/node_modules/firebase-tools/node_modules/readable-stream/lib/_stream_readable.js:298:12)
[error] 
[error] Error: An unexpected error has occurred.
[debug] [2023-02-06T18:47:53.090Z] Error: write EIO
    at afterWriteDispatched (node:internal/stream_base_commons:160:15)
    at writeGeneric (node:internal/stream_base_commons:151:3)
    at Socket._writeGeneric (node:net:917:11)
    at Socket._write (node:net:929:8)
    at writeOrBuffer (node:internal/streams/writable:392:12)
    at _write (node:internal/streams/writable:333:10)
    at Writable.write (node:internal/streams/writable:337:10)
    at Console.log (/usr/local/lib/node_modules/firebase-tools/node_modules/winston/lib/winston/transports/console.js:79:23)
    at Console._write (/usr/local/lib/node_modules/firebase-tools/node_modules/winston-transport/index.js:103:17)
    at doWrite (/usr/local/lib/node_modules/firebase-tools/node_modules/winston-transport/node_modules/readable-stream/lib/_stream_writable.js:428:64)
    at writeOrBuffer (/usr/local/lib/node_modules/firebase-tools/node_modules/winston-transport/node_modules/readable-stream/lib/_stream_writable.js:417:5)
    at Writable.write (/usr/local/lib/node_modules/firebase-tools/node_modules/winston-transport/node_modules/readable-stream/lib/_stream_writable.js:334:11)
    at DerivedLogger.ondata (/usr/local/lib/node_modules/firebase-tools/node_modules/readable-stream/lib/_stream_readable.js:681:20)
    at DerivedLogger.emit (node:events:525:35)
    at DerivedLogger.emit (node:domain:489:12)
    at addChunk (/usr/local/lib/node_modules/firebase-tools/node_modules/readable-stream/lib/_stream_readable.js:298:12)
[error] 
[error] Error: An unexpected error has occurred.
[debug] [2023-02-06T18:47:53.090Z] Error: write EIO
    at afterWriteDispatched (node:internal/stream_base_commons:160:15)
    at writeGeneric (node:internal/stream_base_commons:151:3)
    at Socket._writeGeneric (node:net:917:11)
    at Socket._write (node:net:929:8)
    at writeOrBuffer (node:internal/streams/writable:392:12)
    at _write (node:internal/streams/writable:333:10)
    at Writable.write (node:internal/streams/writable:337:10)
    at Console.log (/usr/local/lib/node_modules/firebase-tools/node_modules/winston/lib/winston/transports/console.js:79:23)
    at Console._write (/usr/local/lib/node_modules/firebase-tools/node_modules/winston-transport/index.js:103:17)
    at doWrite (/usr/local/lib/node_modules/firebase-tools/node_modules/winston-transport/node_modules/readable-stream/lib/_stream_writable.js:428:64)
    at writeOrBuffer (/usr/local/lib/node_modules/firebase-tools/node_modules/winston-transport/node_modules/readable-stream/lib/_stream_writable.js:417:5)
    at Writable.write (/usr/local/lib/node_modules/firebase-tools/node_modules/winston-transport/node_modules/readable-stream/lib/_stream_writable.js:334:11)
    at DerivedLogger.ondata (/usr/local/lib/node_modules/firebase-tools/node_modules/readable-stream/lib/_stream_readable.js:681:20)
    at DerivedLogger.emit (node:events:525:35)
    at DerivedLogger.emit (node:domain:489:12)
    at addChunk (/usr/local/lib/node_modules/firebase-tools/node_modules/readable-stream/lib/_stream_readable.js:298:12)
[error] 
[error] Error: An unexpected error has occurred.
[debug] [2023-02-06T18:47:53.090Z] Error: write EIO
    at afterWriteDispatched (node:internal/stream_base_commons:160:15)
    at writeGeneric (node:internal/stream_base_commons:151:3)
    at Socket._writeGeneric (node:net:917:11)
    at Socket._write (node:net:929:8)
    at writeOrBuffer (node:internal/streams/writable:392:12)
    at _write (node:internal/streams/writable:333:10)
    at Writable.write (node:internal/streams/writable:337:10)
    at Console.log (/usr/local/lib/node_modules/firebase-tools/node_modules/winston/lib/winston/transports/console.js:79:23)
    at Console._write (/usr/local/lib/node_modules/firebase-tools/node_modules/winston-transport/index.js:103:17)
    at doWrite (/usr/local/lib/node_modules/firebase-tools/node_modules/winston-transport/node_modules/readable-stream/lib/_stream_writable.js:428:64)
    at writeOrBuffer (/usr/local/lib/node_modules/firebase-tools/node_modules/winston-transport/node_modules/readable-stream/lib/_stream_writable.js:417:5)
    at Writable.write (/usr/local/lib/node_modules/firebase-tools/node_modules/winston-transport/node_modules/readable-stream/lib/_stream_writable.js:334:11)
    at DerivedLogger.ondata (/usr/local/lib/node_modules/firebase-tools/node_modules/readable-stream/lib/_stream_readable.js:681:20)
    at DerivedLogger.emit (node:events:525:35)
    at DerivedLogger.emit (node:domain:489:12)
    at addChunk (/usr/local/lib/node_modules/firebase-tools/node_modules/readable-stream/lib/_stream_readable.js:298:12)
[error] 
[error] Error: An unexpected error has occurred.
[debug] [2023-02-06T18:47:53.090Z] Error: write EIO
    at afterWriteDispatched (node:internal/stream_base_commons:160:15)
    at writeGeneric (node:internal/stream_base_commons:151:3)
    at Socket._writeGeneric (node:net:917:11)
    at Socket._write (node:net:929:8)
    at writeOrBuffer (node:internal/streams/writable:392:12)
    at _write (node:internal/streams/writable:333:10)
    at Writable.write (node:internal/streams/writable:337:10)
    at Console.log (/usr/local/lib/node_modules/firebase-tools/node_modules/winston/lib/winston/transports/console.js:79:23)
    at Console._write (/usr/local/lib/node_modules/firebase-tools/node_modules/winston-transport/index.js:103:17)
    at doWrite (/usr/local/lib/node_modules/firebase-tools/node_modules/winston-transport/node_modules/readable-stream/lib/_stream_writable.js:428:64)
    at writeOrBuffer (/usr/local/lib/node_modules/firebase-tools/node_modules/winston-transport/node_modules/readable-stream/lib/_stream_writable.js:417:5)
    at Writable.write (/usr/local/lib/node_modules/firebase-tools/node_modules/winston-transport/node_modules/readable-stream/lib/_stream_writable.js:334:11)
    at DerivedLogger.ondata (/usr/local/lib/node_modules/firebase-tools/node_modules/readable-stream/lib/_stream_readable.js:681:20)
    at DerivedLogger.emit (node:events:525:35)
    at DerivedLogger.emit (node:domain:489:12)
    at addChunk (/usr/local/lib/node_modules/firebase-tools/node_modules/readable-stream/lib/_stream_readable.js:298:12)
[error] 
[error] Error: An unexpected error has occurred.
[debug] [2023-02-06T18:47:53.092Z] Error: write EIO
    at afterWriteDispatched (node:internal/stream_base_commons:160:15)
    at writeGeneric (node:internal/stream_base_commons:151:3)
    at Socket._writeGeneric (node:net:917:11)
    at Socket._write (node:net:929:8)
    at writeOrBuffer (node:internal/streams/writable:392:12)
    at _write (node:internal/streams/writable:333:10)
    at Writable.write (node:internal/streams/writable:337:10)
    at Console.log (/usr/local/lib/node_modules/firebase-tools/node_modules/winston/lib/winston/transports/console.js:79:23)
    at Console._write (/usr/local/lib/node_modules/firebase-tools/node_modules/winston-transport/index.js:103:17)
    at doWrite (/usr/local/lib/node_modules/firebase-tools/node_modules/winston-transport/node_modules/readable-stream/lib/_stream_writable.js:428:64)
    at writeOrBuffer (/usr/local/lib/node_modules/firebase-tools/node_modules/winston-transport/node_modules/readable-stream/lib/_stream_writable.js:417:5)
    at Writable.write (/usr/local/lib/node_modules/firebase-tools/node_modules/winston-transport/node_modules/readable-stream/lib/_stream_writable.js:334:11)
    at DerivedLogger.ondata (/usr/local/lib/node_modules/firebase-tools/node_modules/readable-stream/lib/_stream_readable.js:681:20)
    at DerivedLogger.emit (node:events:525:35)
    at DerivedLogger.emit (node:domain:489:12)
    at Readable.read (/usr/local/lib/node_modules/firebase-tools/node_modules/readable-stream/lib/_stream_readable.js:483:26)
[error] 
[error] Error: An unexpected error has occurred.
[debug] [2023-02-06T18:47:53.092Z] Error: write EIO
    at afterWriteDispatched (node:internal/stream_base_commons:160:15)
    at writeGeneric (node:internal/stream_base_commons:151:3)
    at Socket._writeGeneric (node:net:917:11)
    at Socket._write (node:net:929:8)
    at writeOrBuffer (node:internal/streams/writable:392:12)
    at _write (node:internal/streams/writable:333:10)
    at Writable.write (node:internal/streams/writable:337:10)
    at Console.log (/usr/local/lib/node_modules/firebase-tools/node_modules/winston/lib/winston/transports/console.js:79:23)
    at Console._write (/usr/local/lib/node_modules/firebase-tools/node_modules/winston-transport/index.js:103:17)
    at doWrite (/usr/local/lib/node_modules/firebase-tools/node_modules/winston-transport/node_modules/readable-stream/lib/_stream_writable.js:428:64)
    at writeOrBuffer (/usr/local/lib/node_modules/firebase-tools/node_modules/winston-transport/node_modules/readable-stream/lib/_stream_writable.js:417:5)
    at Writable.write (/usr/local/lib/node_modules/firebase-tools/node_modules/winston-transport/node_modules/readable-stream/lib/_stream_writable.js:334:11)
    at DerivedLogger.ondata (/usr/local/lib/node_modules/firebase-tools/node_modules/readable-stream/lib/_stream_readable.js:681:20)
    at DerivedLogger.emit (node:events:525:35)
    at DerivedLogger.emit (node:domain:489:12)
    at addChunk (/usr/local/lib/node_modules/firebase-tools/node_modules/readable-stream/lib/_stream_readable.js:298:12)
[error] 
[error] Error: An unexpected error has occurred.
[debug] [2023-02-06T18:47:53.092Z] Error: write EIO
    at afterWriteDispatched (node:internal/stream_base_commons:160:15)
    at writeGeneric (node:internal/stream_base_commons:151:3)
    at Socket._writeGeneric (node:net:917:11)
    at Socket._write (node:net:929:8)
    at writeOrBuffer (node:internal/streams/writable:392:12)
    at _write (node:internal/streams/writable:333:10)
    at Writable.write (node:internal/streams/writable:337:10)
    at Console.log (/usr/local/lib/node_modules/firebase-tools/node_modules/winston/lib/winston/transports/console.js:79:23)
    at Console._write (/usr/local/lib/node_modules/firebase-tools/node_modules/winston-transport/index.js:103:17)
    at doWrite (/usr/local/lib/node_modules/firebase-tools/node_modules/winston-transport/node_modules/readable-stream/lib/_stream_writable.js:428:64)
    at writeOrBuffer (/usr/local/lib/node_modules/firebase-tools/node_modules/winston-transport/node_modules/readable-stream/lib/_stream_writable.js:417:5)
    at Writable.write (/usr/local/lib/node_modules/firebase-tools/node_modules/winston-transport/node_modules/readable-stream/lib/_stream_writable.js:334:11)
    at DerivedLogger.ondata (/usr/local/lib/node_modules/firebase-tools/node_modules/readable-stream/lib/_stream_readable.js:681:20)
    at DerivedLogger.emit (node:events:525:35)
    at DerivedLogger.emit (node:domain:489:12)
    at addChunk (/usr/local/lib/node_modules/firebase-tools/node_modules/readable-stream/lib/_stream_readable.js:298:12)
[error] 
[error] Error: An unexpected error has occurred.
[debug] [2023-02-06T18:47:53.093Z] Error: write EIO
    at afterWriteDispatched (node:internal/stream_base_commons:160:15)
    at writeGeneric (node:internal/stream_base_commons:151:3)
    at Socket._writeGeneric (node:net:917:11)
    at Socket._write (node:net:929:8)
    at writeOrBuffer (node:internal/streams/writable:392:12)
    at _write (node:internal/streams/writable:333:10)
    at Writable.write (node:internal/streams/writable:337:10)
    at Console.log (/usr/local/lib/node_modules/firebase-tools/node_modules/winston/lib/winston/transports/console.js:79:23)
    at Console._write (/usr/local/lib/node_modules/firebase-tools/node_modules/winston-transport/index.js:103:17)
    at doWrite (/usr/local/lib/node_modules/firebase-tools/node_modules/winston-transport/node_modules/readable-stream/lib/_stream_writable.js:428:64)
    at writeOrBuffer (/usr/local/lib/node_modules/firebase-tools/node_modules/winston-transport/node_modules/readable-stream/lib/_stream_writable.js:417:5)
    at Writable.write (/usr/local/lib/node_modules/firebase-tools/node_modules/winston-transport/node_modules/readable-stream/lib/_stream_writable.js:334:11)
    at DerivedLogger.ondata (/usr/local/lib/node_modules/firebase-tools/node_modules/readable-stream/lib/_stream_readable.js:681:20)
    at DerivedLogger.emit (node:events:525:35)
    at DerivedLogger.emit (node:domain:489:12)
    at addChunk (/usr/local/lib/node_modules/firebase-tools/node_modules/readable-stream/lib/_stream_readable.js:298:12)
[error] 
[error] Error: An unexpected error has occurred.
[debug] [2023-02-06T18:47:53.093Z] Error: write EIO
    at afterWriteDispatched (node:internal/stream_base_commons:160:15)
    at writeGeneric (node:internal/stream_base_commons:151:3)
    at Socket._writeGeneric (node:net:917:11)
    at Socket._write (node:net:929:8)
    at writeOrBuffer (node:internal/streams/writable:392:12)
    at _write (node:internal/streams/writable:333:10)
    at Writable.write (node:internal/streams/writable:337:10)
    at Console.log (/usr/local/lib/node_modules/firebase-tools/node_modules/winston/lib/winston/transports/console.js:79:23)
    at Console._write (/usr/local/lib/node_modules/firebase-tools/node_modules/winston-transport/index.js:103:17)
    at doWrite (/usr/local/lib/node_modules/firebase-tools/node_modules/winston-transport/node_modules/readable-stream/lib/_stream_writable.js:428:64)
    at writeOrBuffer (/usr/local/lib/node_modules/firebase-tools/node_modules/winston-transport/node_modules/readable-stream/lib/_stream_writable.js:417:5)
    at Writable.write (/usr/local/lib/node_modules/firebase-tools/node_modules/winston-transport/node_modules/readable-stream/lib/_stream_writable.js:334:11)
    at DerivedLogger.ondata (/usr/local/lib/node_modules/firebase-tools/node_modules/readable-stream/lib/_stream_readable.js:681:20)
    at DerivedLogger.emit (node:events:525:35)
    at DerivedLogger.emit (node:domain:489:12)
    at addChunk (/usr/local/lib/node_modules/firebase-tools/node_modules/readable-stream/lib/_stream_readable.js:298:12)
[error] 
[error] Error: An unexpected error has occurred.
[debug] [2023-02-06T18:47:53.093Z] Error: write EIO
    at afterWriteDispatched (node:internal/stream_base_commons:160:15)
    at writeGeneric (node:internal/stream_base_commons:151:3)
    at Socket._writeGeneric (node:net:917:11)
    at Socket._write (node:net:929:8)
    at writeOrBuffer (node:internal/streams/writable:392:12)
    at _write (node:internal/streams/writable:333:10)
    at Writable.write (node:internal/streams/writable:337:10)
    at Console.log (/usr/local/lib/node_modules/firebase-tools/node_modules/winston/lib/winston/transports/console.js:79:23)
    at Console._write (/usr/local/lib/node_modules/firebase-tools/node_modules/winston-transport/index.js:103:17)
    at doWrite (/usr/local/lib/node_modules/firebase-tools/node_modules/winston-transport/node_modules/readable-stream/lib/_stream_writable.js:428:64)
    at writeOrBuffer (/usr/local/lib/node_modules/firebase-tools/node_modules/winston-transport/node_modules/readable-stream/lib/_stream_writable.js:417:5)
    at Writable.write (/usr/local/lib/node_modules/firebase-tools/node_modules/winston-transport/node_modules/readable-stream/lib/_stream_writable.js:334:11)
    at DerivedLogger.ondata (/usr/local/lib/node_modules/firebase-tools/node_modules/readable-stream/lib/_stream_readable.js:681:20)
    at DerivedLogger.emit (node:events:525:35)
    at DerivedLogger.emit (node:domain:489:12)
    at addChunk (/usr/local/lib/node_modules/firebase-tools/node_modules/readable-stream/lib/_stream_readable.js:298:12)
[error] 
[error] Error: An unexpected error has occurred.
[debug] [2023-02-06T18:47:53.093Z] Error: write EIO
    at afterWriteDispatched (node:internal/stream_base_commons:160:15)
    at writeGeneric (node:internal/stream_base_commons:151:3)
    at Socket._writeGeneric (node:net:917:11)
    at Socket._write (node:net:929:8)
    at writeOrBuffer (node:internal/streams/writable:392:12)
    at _write (node:internal/streams/writable:333:10)
    at Writable.write (node:internal/streams/writable:337:10)
    at Console.log (/usr/local/lib/node_modules/firebase-tools/node_modules/winston/lib/winston/transports/console.js:79:23)
    at Console._write (/usr/local/lib/node_modules/firebase-tools/node_modules/winston-transport/index.js:103:17)
    at doWrite (/usr/local/lib/node_modules/firebase-tools/node_modules/winston-transport/node_modules/readable-stream/lib/_stream_writable.js:428:64)
    at writeOrBuffer (/usr/local/lib/node_modules/firebase-tools/node_modules/winston-transport/node_modules/readable-stream/lib/_stream_writable.js:417:5)
    at Writable.write (/usr/local/lib/node_modules/firebase-tools/node_modules/winston-transport/node_modules/readable-stream/lib/_stream_writable.js:334:11)
    at DerivedLogger.ondata (/usr/local/lib/node_modules/firebase-tools/node_modules/readable-stream/lib/_stream_readable.js:681:20)
    at DerivedLogger.emit (node:events:525:35)
    at DerivedLogger.emit (node:domain:489:12)
    at addChunk (/usr/local/lib/node_modules/firebase-tools/node_modules/readable-stream/lib/_stream_readable.js:298:12)
[error] 
[error] Error: An unexpected error has occurred.
[debug] [2023-02-06T18:47:53.093Z] Error: write EIO
    at afterWriteDispatched (node:internal/stream_base_commons:160:15)
    at writeGeneric (node:internal/stream_base_commons:151:3)
    at Socket._writeGeneric (node:net:917:11)
    at Socket._write (node:net:929:8)
    at writeOrBuffer (node:internal/streams/writable:392:12)
    at _write (node:internal/streams/writable:333:10)
    at Writable.write (node:internal/streams/writable:337:10)
    at Console.log (/usr/local/lib/node_modules/firebase-tools/node_modules/winston/lib/winston/transports/console.js:79:23)
    at Console._write (/usr/local/lib/node_modules/firebase-tools/node_modules/winston-transport/index.js:103:17)
    at doWrite (/usr/local/lib/node_modules/firebase-tools/node_modules/winston-transport/node_modules/readable-stream/lib/_stream_writable.js:428:64)
    at writeOrBuffer (/usr/local/lib/node_modules/firebase-tools/node_modules/winston-transport/node_modules/readable-stream/lib/_stream_writable.js:417:5)
    at Writable.write (/usr/local/lib/node_modules/firebase-tools/node_modules/winston-transport/node_modules/readable-stream/lib/_stream_writable.js:334:11)
    at DerivedLogger.ondata (/usr/local/lib/node_modules/firebase-tools/node_modules/readable-stream/lib/_stream_readable.js:681:20)
    at DerivedLogger.emit (node:events:525:35)
    at DerivedLogger.emit (node:domain:489:12)
    at addChunk (/usr/local/lib/node_modules/firebase-tools/node_modules/readable-stream/lib/_stream_readable.js:298:12)
[error] 
[error] Error: An unexpected error has occurred.
[debug] [2023-02-06T18:47:53.094Z] Error: write EIO
    at afterWriteDispatched (node:internal/stream_base_commons:160:15)
    at writeGeneric (node:internal/stream_base_commons:151:3)
    at Socket._writeGeneric (node:net:917:11)
    at Socket._write (node:net:929:8)
    at writeOrBuffer (node:internal/streams/writable:392:12)
    at _write (node:internal/streams/writable:333:10)
    at Writable.write (node:internal/streams/writable:337:10)
    at Console.log (/usr/local/lib/node_modules/firebase-tools/node_modules/winston/lib/winston/transports/console.js:79:23)
    at Console._write (/usr/local/lib/node_modules/firebase-tools/node_modules/winston-transport/index.js:103:17)
    at doWrite (/usr/local/lib/node_modules/firebase-tools/node_modules/winston-transport/node_modules/readable-stream/lib/_stream_writable.js:428:64)
    at writeOrBuffer (/usr/local/lib/node_modules/firebase-tools/node_modules/winston-transport/node_modules/readable-stream/lib/_stream_writable.js:417:5)
    at Writable.write (/usr/local/lib/node_modules/firebase-tools/node_modules/winston-transport/node_modules/readable-stream/lib/_stream_writable.js:334:11)
    at DerivedLogger.ondata (/usr/local/lib/node_modules/firebase-tools/node_modules/readable-stream/lib/_stream_readable.js:681:20)
    at DerivedLogger.emit (node:events:525:35)
    at DerivedLogger.emit (node:domain:489:12)
    at addChunk (/usr/local/lib/node_modules/firebase-tools/node_modules/readable-stream/lib/_stream_readable.js:298:12)
[error] 
[error] Error: An unexpected error has occurred.
[debug] [2023-02-06T18:47:53.094Z] Error: write EIO
    at afterWriteDispatched (node:internal/stream_base_commons:160:15)
    at writeGeneric (node:internal/stream_base_commons:151:3)
    at Socket._writeGeneric (node:net:917:11)
    at Socket._write (node:net:929:8)
    at writeOrBuffer (node:internal/streams/writable:392:12)
    at _write (node:internal/streams/writable:333:10)
    at Writable.write (node:internal/streams/writable:337:10)
    at Console.log (/usr/local/lib/node_modules/firebase-tools/node_modules/winston/lib/winston/transports/console.js:79:23)
    at Console._write (/usr/local/lib/node_modules/firebase-tools/node_modules/winston-transport/index.js:103:17)
    at doWrite (/usr/local/lib/node_modules/firebase-tools/node_modules/winston-transport/node_modules/readable-stream/lib/_stream_writable.js:428:64)
    at writeOrBuffer (/usr/local/lib/node_modules/firebase-tools/node_modules/winston-transport/node_modules/readable-stream/lib/_stream_writable.js:417:5)
    at Writable.write (/usr/local/lib/node_modules/firebase-tools/node_modules/winston-transport/node_modules/readable-stream/lib/_stream_writable.js:334:11)
    at DerivedLogger.ondata (/usr/local/lib/node_modules/firebase-tools/node_modules/readable-stream/lib/_stream_readable.js:681:20)
    at DerivedLogger.emit (node:events:525:35)
    at DerivedLogger.emit (node:domain:489:12)
    at addChunk (/usr/local/lib/node_modules/firebase-tools/node_modules/readable-stream/lib/_stream_readable.js:298:12)
[error] 
[error] Error: An unexpected error has occurred.
[debug] [2023-02-06T18:47:53.094Z] Error: write EIO
    at afterWriteDispatched (node:internal/stream_base_commons:160:15)
    at writeGeneric (node:internal/stream_base_commons:151:3)
    at Socket._writeGeneric (node:net:917:11)
    at Socket._write (node:net:929:8)
    at writeOrBuffer (node:internal/streams/writable:392:12)
    at _write (node:internal/streams/writable:333:10)
    at Writable.write (node:internal/streams/writable:337:10)
    at Console.log (/usr/local/lib/node_modules/firebase-tools/node_modules/winston/lib/winston/transports/console.js:79:23)
    at Console._write (/usr/local/lib/node_modules/firebase-tools/node_modules/winston-transport/index.js:103:17)
    at doWrite (/usr/local/lib/node_modules/firebase-tools/node_modules/winston-transport/node_modules/readable-stream/lib/_stream_writable.js:428:64)
    at writeOrBuffer (/usr/local/lib/node_modules/firebase-tools/node_modules/winston-transport/node_modules/readable-stream/lib/_stream_writable.js:417:5)
    at Writable.write (/usr/local/lib/node_modules/firebase-tools/node_modules/winston-transport/node_modules/readable-stream/lib/_stream_writable.js:334:11)
    at DerivedLogger.ondata (/usr/local/lib/node_modules/firebase-tools/node_modules/readable-stream/lib/_stream_readable.js:681:20)
    at DerivedLogger.emit (node:events:525:35)
    at DerivedLogger.emit (node:domain:489:12)
    at addChunk (/usr/local/lib/node_modules/firebase-tools/node_modules/readable-stream/lib/_stream_readable.js:298:12)
[error] 
[error] Error: An unexpected error has occurred.
[debug] [2023-02-06T18:47:53.094Z] Error: write EIO
    at afterWriteDispatched (node:internal/stream_base_commons:160:15)
    at writeGeneric (node:internal/stream_base_commons:151:3)
    at Socket._writeGeneric (node:net:917:11)
    at Socket._write (node:net:929:8)
    at writeOrBuffer (node:internal/streams/writable:392:12)
    at _write (node:internal/streams/writable:333:10)
    at Writable.write (node:internal/streams/writable:337:10)
    at Console.log (/usr/local/lib/node_modules/firebase-tools/node_modules/winston/lib/winston/transports/console.js:79:23)
    at Console._write (/usr/local/lib/node_modules/firebase-tools/node_modules/winston-transport/index.js:103:17)
    at doWrite (/usr/local/lib/node_modules/firebase-tools/node_modules/winston-transport/node_modules/readable-stream/lib/_stream_writable.js:428:64)
    at writeOrBuffer (/usr/local/lib/node_modules/firebase-tools/node_modules/winston-transport/node_modules/readable-stream/lib/_stream_writable.js:417:5)
    at Writable.write (/usr/local/lib/node_modules/firebase-tools/node_modules/winston-transport/node_modules/readable-stream/lib/_stream_writable.js:334:11)
    at DerivedLogger.ondata (/usr/local/lib/node_modules/firebase-tools/node_modules/readable-stream/lib/_stream_readable.js:681:20)
    at DerivedLogger.emit (node:events:525:35)
    at DerivedLogger.emit (node:domain:489:12)
    at Readable.read (/usr/local/lib/node_modules/firebase-tools/node_modules/readable-stream/lib/_stream_readable.js:483:26)
[error] 
[error] Error: An unexpected error has occurred.
[debug] [2023-02-06T18:47:53.095Z] Error: write EIO
    at afterWriteDispatched (node:internal/stream_base_commons:160:15)
    at writeGeneric (node:internal/stream_base_commons:151:3)
    at Socket._writeGeneric (node:net:917:11)
    at Socket._write (node:net:929:8)
    at writeOrBuffer (node:internal/streams/writable:392:12)
    at _write (node:internal/streams/writable:333:10)
    at Writable.write (node:internal/streams/writable:337:10)
    at Console.log (/usr/local/lib/node_modules/firebase-tools/node_modules/winston/lib/winston/transports/console.js:79:23)
    at Console._write (/usr/local/lib/node_modules/firebase-tools/node_modules/winston-transport/index.js:103:17)
    at doWrite (/usr/local/lib/node_modules/firebase-tools/node_modules/winston-transport/node_modules/readable-stream/lib/_stream_writable.js:428:64)
    at writeOrBuffer (/usr/local/lib/node_modules/firebase-tools/node_modules/winston-transport/node_modules/readable-stream/lib/_stream_writable.js:417:5)
    at Writable.write (/usr/local/lib/node_modules/firebase-tools/node_modules/winston-transport/node_modules/readable-stream/lib/_stream_writable.js:334:11)
    at DerivedLogger.ondata (/usr/local/lib/node_modules/firebase-tools/node_modules/readable-stream/lib/_stream_readable.js:681:20)
    at DerivedLogger.emit (node:events:525:35)
    at DerivedLogger.emit (node:domain:489:12)
    at addChunk (/usr/local/lib/node_modules/firebase-tools/node_modules/readable-stream/lib/_stream_readable.js:298:12)
[error] 
[error] Error: An unexpected error has occurred.
[debug] [2023-02-06T18:47:53.095Z] Error: write EIO
    at afterWriteDispatched (node:internal/stream_base_commons:160:15)
    at writeGeneric (node:internal/stream_base_commons:151:3)
    at Socket._writeGeneric (node:net:917:11)
    at Socket._write (node:net:929:8)
    at writeOrBuffer (node:internal/streams/writable:392:12)
    at _write (node:internal/streams/writable:333:10)
    at Writable.write (node:internal/streams/writable:337:10)
    at Console.log (/usr/local/lib/node_modules/firebase-tools/node_modules/winston/lib/winston/transports/console.js:79:23)
    at Console._write (/usr/local/lib/node_modules/firebase-tools/node_modules/winston-transport/index.js:103:17)
    at doWrite (/usr/local/lib/node_modules/firebase-tools/node_modules/winston-transport/node_modules/readable-stream/lib/_stream_writable.js:428:64)
    at writeOrBuffer (/usr/local/lib/node_modules/firebase-tools/node_modules/winston-transport/node_modules/readable-stream/lib/_stream_writable.js:417:5)
    at Writable.write (/usr/local/lib/node_modules/firebase-tools/node_modules/winston-transport/node_modules/readable-stream/lib/_stream_writable.js:334:11)
    at DerivedLogger.ondata (/usr/local/lib/node_modules/firebase-tools/node_modules/readable-stream/lib/_stream_readable.js:681:20)
    at DerivedLogger.emit (node:events:525:35)
    at DerivedLogger.emit (node:domain:489:12)
    at addChunk (/usr/local/lib/node_modules/firebase-tools/node_modules/readable-stream/lib/_stream_readable.js:298:12)
[error] 
[error] Error: An unexpected error has occurred.
[debug] [2023-02-06T18:47:53.095Z] Error: write EIO
    at afterWriteDispatched (node:internal/stream_base_commons:160:15)
    at writeGeneric (node:internal/stream_base_commons:151:3)
    at Socket._writeGeneric (node:net:917:11)
    at Socket._write (node:net:929:8)
    at writeOrBuffer (node:internal/streams/writable:392:12)
    at _write (node:internal/streams/writable:333:10)
    at Writable.write (node:internal/streams/writable:337:10)
    at Console.log (/usr/local/lib/node_modules/firebase-tools/node_modules/winston/lib/winston/transports/console.js:79:23)
    at Console._write (/usr/local/lib/node_modules/firebase-tools/node_modules/winston-transport/index.js:103:17)
    at doWrite (/usr/local/lib/node_modules/firebase-tools/node_modules/winston-transport/node_modules/readable-stream/lib/_stream_writable.js:428:64)
    at writeOrBuffer (/usr/local/lib/node_modules/firebase-tools/node_modules/winston-transport/node_modules/readable-stream/lib/_stream_writable.js:417:5)
    at Writable.write (/usr/local/lib/node_modules/firebase-tools/node_modules/winston-transport/node_modules/readable-stream/lib/_stream_writable.js:334:11)
    at DerivedLogger.ondata (/usr/local/lib/node_modules/firebase-tools/node_modules/readable-stream/lib/_stream_readable.js:681:20)
    at DerivedLogger.emit (node:events:525:35)
    at DerivedLogger.emit (node:domain:489:12)
    at addChunk (/usr/local/lib/node_modules/firebase-tools/node_modules/readable-stream/lib/_stream_readable.js:298:12)
[error] 
[error] Error: An unexpected error has occurred.
[debug] [2023-02-06T18:47:53.095Z] Error: write EIO
    at afterWriteDispatched (node:internal/stream_base_commons:160:15)
    at writeGeneric (node:internal/stream_base_commons:151:3)
    at Socket._writeGeneric (node:net:917:11)
    at Socket._write (node:net:929:8)
    at writeOrBuffer (node:internal/streams/writable:392:12)
    at _write (node:internal/streams/writable:333:10)
    at Writable.write (node:internal/streams/writable:337:10)
    at Console.log (/usr/local/lib/node_modules/firebase-tools/node_modules/winston/lib/winston/transports/console.js:79:23)
    at Console._write (/usr/local/lib/node_modules/firebase-tools/node_modules/winston-transport/index.js:103:17)
    at doWrite (/usr/local/lib/node_modules/firebase-tools/node_modules/winston-transport/node_modules/readable-stream/lib/_stream_writable.js:428:64)
    at writeOrBuffer (/usr/local/lib/node_modules/firebase-tools/node_modules/winston-transport/node_modules/readable-stream/lib/_stream_writable.js:417:5)
    at Writable.write (/usr/local/lib/node_modules/firebase-tools/node_modules/winston-transport/node_modules/readable-stream/lib/_stream_writable.js:334:11)
    at DerivedLogger.ondata (/usr/local/lib/node_modules/firebase-tools/node_modules/readable-stream/lib/_stream_readable.js:681:20)
    at DerivedLogger.emit (node:events:525:35)
    at DerivedLogger.emit (node:domain:489:12)
    at addChunk (/usr/local/lib/node_modules/firebase-tools/node_modules/readable-stream/lib/_stream_readable.js:298:12)
[error] 
[error] Error: An unexpected error has occurred.
[debug] [2023-02-06T18:47:53.095Z] Error: write EIO
    at afterWriteDispatched (node:internal/stream_base_commons:160:15)
    at writeGeneric (node:internal/stream_base_commons:151:3)
    at Socket._writeGeneric (node:net:917:11)
    at Socket._write (node:net:929:8)
    at writeOrBuffer (node:internal/streams/writable:392:12)
    at _write (node:internal/streams/writable:333:10)
    at Writable.write (node:internal/streams/writable:337:10)
    at Console.log (/usr/local/lib/node_modules/firebase-tools/node_modules/winston/lib/winston/transports/console.js:79:23)
    at Console._write (/usr/local/lib/node_modules/firebase-tools/node_modules/winston-transport/index.js:103:17)
    at doWrite (/usr/local/lib/node_modules/firebase-tools/node_modules/winston-transport/node_modules/readable-stream/lib/_stream_writable.js:428:64)
    at writeOrBuffer (/usr/local/lib/node_modules/firebase-tools/node_modules/winston-transport/node_modules/readable-stream/lib/_stream_writable.js:417:5)
    at Writable.write (/usr/local/lib/node_modules/firebase-tools/node_modules/winston-transport/node_modules/readable-stream/lib/_stream_writable.js:334:11)
    at DerivedLogger.ondata (/usr/local/lib/node_modules/firebase-tools/node_modules/readable-stream/lib/_stream_readable.js:681:20)
    at DerivedLogger.emit (node:events:525:35)
    at DerivedLogger.emit (node:domain:489:12)
    at addChunk (/usr/local/lib/node_modules/firebase-tools/node_modules/readable-stream/lib/_stream_readable.js:298:12)
[error] 
[error] Error: An unexpected error has occurred.
[debug] [2023-02-06T18:47:53.095Z] Error: write EIO
    at afterWriteDispatched (node:internal/stream_base_commons:160:15)
    at writeGeneric (node:internal/stream_base_commons:151:3)
    at Socket._writeGeneric (node:net:917:11)
    at Socket._write (node:net:929:8)
    at writeOrBuffer (node:internal/streams/writable:392:12)
    at _write (node:internal/streams/writable:333:10)
    at Writable.write (node:internal/streams/writable:337:10)
    at Console.log (/usr/local/lib/node_modules/firebase-tools/node_modules/winston/lib/winston/transports/console.js:79:23)
    at Console._write (/usr/local/lib/node_modules/firebase-tools/node_modules/winston-transport/index.js:103:17)
    at doWrite (/usr/local/lib/node_modules/firebase-tools/node_modules/winston-transport/node_modules/readable-stream/lib/_stream_writable.js:428:64)
    at writeOrBuffer (/usr/local/lib/node_modules/firebase-tools/node_modules/winston-transport/node_modules/readable-stream/lib/_stream_writable.js:417:5)
    at Writable.write (/usr/local/lib/node_modules/firebase-tools/node_modules/winston-transport/node_modules/readable-stream/lib/_stream_writable.js:334:11)
    at DerivedLogger.ondata (/usr/local/lib/node_modules/firebase-tools/node_modules/readable-stream/lib/_stream_readable.js:681:20)
    at DerivedLogger.emit (node:events:525:35)
    at DerivedLogger.emit (node:domain:489:12)
    at addChunk (/usr/local/lib/node_modules/firebase-tools/node_modules/readable-stream/lib/_stream_readable.js:298:12)
[error] 
[error] Error: An unexpected error has occurred.
[debug] [2023-02-06T18:47:53.095Z] Error: write EIO
    at afterWriteDispatched (node:internal/stream_base_commons:160:15)
    at writeGeneric (node:internal/stream_base_commons:151:3)
    at Socket._writeGeneric (node:net:917:11)
    at Socket._write (node:net:929:8)
    at writeOrBuffer (node:internal/streams/writable:392:12)
    at _write (node:internal/streams/writable:333:10)
    at Writable.write (node:internal/streams/writable:337:10)
    at Console.log (/usr/local/lib/node_modules/firebase-tools/node_modules/winston/lib/winston/transports/console.js:79:23)
    at Console._write (/usr/local/lib/node_modules/firebase-tools/node_modules/winston-transport/index.js:103:17)
    at doWrite (/usr/local/lib/node_modules/firebase-tools/node_modules/winston-transport/node_modules/readable-stream/lib/_stream_writable.js:428:64)
    at writeOrBuffer (/usr/local/lib/node_modules/firebase-tools/node_modules/winston-transport/node_modules/readable-stream/lib/_stream_writable.js:417:5)
    at Writable.write (/usr/local/lib/node_modules/firebase-tools/node_modules/winston-transport/node_modules/readable-stream/lib/_stream_writable.js:334:11)
    at DerivedLogger.ondata (/usr/local/lib/node_modules/firebase-tools/node_modules/readable-stream/lib/_stream_readable.js:681:20)
    at DerivedLogger.emit (node:events:525:35)
    at DerivedLogger.emit (node:domain:489:12)
    at addChunk (/usr/local/lib/node_modules/firebase-tools/node_modules/readable-stream/lib/_stream_readable.js:298:12)
[error] 
[error] Error: An unexpected error has occurred.
[debug] [2023-02-06T18:47:53.095Z] Error: write EIO
    at afterWriteDispatched (node:internal/stream_base_commons:160:15)
    at writeGeneric (node:internal/stream_base_commons:151:3)
    at Socket._writeGeneric (node:net:917:11)
    at Socket._write (node:net:929:8)
    at writeOrBuffer (node:internal/streams/writable:392:12)
    at _write (node:internal/streams/writable:333:10)
    at Writable.write (node:internal/streams/writable:337:10)
    at Console.log (/usr/local/lib/node_modules/firebase-tools/node_modules/winston/lib/winston/transports/console.js:79:23)
    at Console._write (/usr/local/lib/node_modules/firebase-tools/node_modules/winston-transport/index.js:103:17)
    at doWrite (/usr/local/lib/node_modules/firebase-tools/node_modules/winston-transport/node_modules/readable-stream/lib/_stream_writable.js:428:64)
    at writeOrBuffer (/usr/local/lib/node_modules/firebase-tools/node_modules/winston-transport/node_modules/readable-stream/lib/_stream_writable.js:417:5)
    at Writable.write (/usr/local/lib/node_modules/firebase-tools/node_modules/winston-transport/node_modules/readable-stream/lib/_stream_writable.js:334:11)
    at DerivedLogger.ondata (/usr/local/lib/node_modules/firebase-tools/node_modules/readable-stream/lib/_stream_readable.js:681:20)
    at DerivedLogger.emit (node:events:525:35)
    at DerivedLogger.emit (node:domain:489:12)
    at addChunk (/usr/local/lib/node_modules/firebase-tools/node_modules/readable-stream/lib/_stream_readable.js:298:12)
[error] 
[error] Error: An unexpected error has occurred.
[debug] [2023-02-06T18:47:53.096Z] Error: write EIO
    at afterWriteDispatched (node:internal/stream_base_commons:160:15)
    at writeGeneric (node:internal/stream_base_commons:151:3)
    at Socket._writeGeneric (node:net:917:11)
    at Socket._write (node:net:929:8)
    at writeOrBuffer (node:internal/streams/writable:392:12)
    at _write (node:internal/streams/writable:333:10)
    at Writable.write (node:internal/streams/writable:337:10)
    at Console.log (/usr/local/lib/node_modules/firebase-tools/node_modules/winston/lib/winston/transports/console.js:79:23)
    at Console._write (/usr/local/lib/node_modules/firebase-tools/node_modules/winston-transport/index.js:103:17)
    at doWrite (/usr/local/lib/node_modules/firebase-tools/node_modules/winston-transport/node_modules/readable-stream/lib/_stream_writable.js:428:64)
    at writeOrBuffer (/usr/local/lib/node_modules/firebase-tools/node_modules/winston-transport/node_modules/readable-stream/lib/_stream_writable.js:417:5)
    at Writable.write (/usr/local/lib/node_modules/firebase-tools/node_modules/winston-transport/node_modules/readable-stream/lib/_stream_writable.js:334:11)
    at DerivedLogger.ondata (/usr/local/lib/node_modules/firebase-tools/node_modules/readable-stream/lib/_stream_readable.js:681:20)
    at DerivedLogger.emit (node:events:525:35)
    at DerivedLogger.emit (node:domain:489:12)
    at addChunk (/usr/local/lib/node_modules/firebase-tools/node_modules/readable-stream/lib/_stream_readable.js:298:12)
[error] 
[error] Error: An unexpected error has occurred.
[debug] [2023-02-06T18:47:53.096Z] Error: write EIO
    at afterWriteDispatched (node:internal/stream_base_commons:160:15)
    at writeGeneric (node:internal/stream_base_commons:151:3)
    at Socket._writeGeneric (node:net:917:11)
    at Socket._write (node:net:929:8)
    at writeOrBuffer (node:internal/streams/writable:392:12)
    at _write (node:internal/streams/writable:333:10)
    at Writable.write (node:internal/streams/writable:337:10)
    at Console.log (/usr/local/lib/node_modules/firebase-tools/node_modules/winston/lib/winston/transports/console.js:79:23)
    at Console._write (/usr/local/lib/node_modules/firebase-tools/node_modules/winston-transport/index.js:103:17)
    at doWrite (/usr/local/lib/node_modules/firebase-tools/node_modules/winston-transport/node_modules/readable-stream/lib/_stream_writable.js:428:64)
    at writeOrBuffer (/usr/local/lib/node_modules/firebase-tools/node_modules/winston-transport/node_modules/readable-stream/lib/_stream_writable.js:417:5)
    at Writable.write (/usr/local/lib/node_modules/firebase-tools/node_modules/winston-transport/node_modules/readable-stream/lib/_stream_writable.js:334:11)
    at DerivedLogger.ondata (/usr/local/lib/node_modules/firebase-tools/node_modules/readable-stream/lib/_stream_readable.js:681:20)
    at DerivedLogger.emit (node:events:525:35)
    at DerivedLogger.emit (node:domain:489:12)
    at addChunk (/usr/local/lib/node_modules/firebase-tools/node_modules/readable-stream/lib/_stream_readable.js:298:12)
[error] 
[error] Error: An unexpected error has occurred.
[debug] [2023-02-06T18:47:53.096Z] Error: write EIO
    at afterWriteDispatched (node:internal/stream_base_commons:160:15)
    at writeGeneric (node:internal/stream_base_commons:151:3)
    at Socket._writeGeneric (node:net:917:11)
    at Socket._write (node:net:929:8)
    at writeOrBuffer (node:internal/streams/writable:392:12)
    at _write (node:internal/streams/writable:333:10)
    at Writable.write (node:internal/streams/writable:337:10)
    at Console.log (/usr/local/lib/node_modules/firebase-tools/node_modules/winston/lib/winston/transports/console.js:79:23)
    at Console._write (/usr/local/lib/node_modules/firebase-tools/node_modules/winston-transport/index.js:103:17)
    at doWrite (/usr/local/lib/node_modules/firebase-tools/node_modules/winston-transport/node_modules/readable-stream/lib/_stream_writable.js:428:64)
    at writeOrBuffer (/usr/local/lib/node_modules/firebase-tools/node_modules/winston-transport/node_modules/readable-stream/lib/_stream_writable.js:417:5)
    at Writable.write (/usr/local/lib/node_modules/firebase-tools/node_modules/winston-transport/node_modules/readable-stream/lib/_stream_writable.js:334:11)
    at DerivedLogger.ondata (/usr/local/lib/node_modules/firebase-tools/node_modules/readable-stream/lib/_stream_readable.js:681:20)
    at DerivedLogger.emit (node:events:525:35)
    at DerivedLogger.emit (node:domain:489:12)
    at Readable.read (/usr/local/lib/node_modules/firebase-tools/node_modules/readable-stream/lib/_stream_readable.js:483:26)
[error] 
[error] Error: An unexpected error has occurred.
[debug] [2023-02-06T18:47:53.096Z] Error: write EIO
    at afterWriteDispatched (node:internal/stream_base_commons:160:15)
    at writeGeneric (node:internal/stream_base_commons:151:3)
    at Socket._writeGeneric (node:net:917:11)
    at Socket._write (node:net:929:8)
    at writeOrBuffer (node:internal/streams/writable:392:12)
    at _write (node:internal/streams/writable:333:10)
    at Writable.write (node:internal/streams/writable:337:10)
    at Console.log (/usr/local/lib/node_modules/firebase-tools/node_modules/winston/lib/winston/transports/console.js:79:23)
    at Console._write (/usr/local/lib/node_modules/firebase-tools/node_modules/winston-transport/index.js:103:17)
    at doWrite (/usr/local/lib/node_modules/firebase-tools/node_modules/winston-transport/node_modules/readable-stream/lib/_stream_writable.js:428:64)
    at writeOrBuffer (/usr/local/lib/node_modules/firebase-tools/node_modules/winston-transport/node_modules/readable-stream/lib/_stream_writable.js:417:5)
    at Writable.write (/usr/local/lib/node_modules/firebase-tools/node_modules/winston-transport/node_modules/readable-stream/lib/_stream_writable.js:334:11)
    at DerivedLogger.ondata (/usr/local/lib/node_modules/firebase-tools/node_modules/readable-stream/lib/_stream_readable.js:681:20)
    at DerivedLogger.emit (node:events:525:35)
    at DerivedLogger.emit (node:domain:489:12)
    at addChunk (/usr/local/lib/node_modules/firebase-tools/node_modules/readable-stream/lib/_stream_readable.js:298:12)
[error] 
[error] Error: An unexpected error has occurred.
[debug] [2023-02-06T18:47:53.096Z] Error: write EIO
    at afterWriteDispatched (node:internal/stream_base_commons:160:15)
    at writeGeneric (node:internal/stream_base_commons:151:3)
    at Socket._writeGeneric (node:net:917:11)
    at Socket._write (node:net:929:8)
    at writeOrBuffer (node:internal/streams/writable:392:12)
    at _write (node:internal/streams/writable:333:10)
    at Writable.write (node:internal/streams/writable:337:10)
    at Console.log (/usr/local/lib/node_modules/firebase-tools/node_modules/winston/lib/winston/transports/console.js:79:23)
    at Console._write (/usr/local/lib/node_modules/firebase-tools/node_modules/winston-transport/index.js:103:17)
    at doWrite (/usr/local/lib/node_modules/firebase-tools/node_modules/winston-transport/node_modules/readable-stream/lib/_stream_writable.js:428:64)
    at writeOrBuffer (/usr/local/lib/node_modules/firebase-tools/node_modules/winston-transport/node_modules/readable-stream/lib/_stream_writable.js:417:5)
    at Writable.write (/usr/local/lib/node_modules/firebase-tools/node_modules/winston-transport/node_modules/readable-stream/lib/_stream_writable.js:334:11)
    at DerivedLogger.ondata (/usr/local/lib/node_modules/firebase-tools/node_modules/readable-stream/lib/_stream_readable.js:681:20)
    at DerivedLogger.emit (node:events:525:35)
    at DerivedLogger.emit (node:domain:489:12)
    at addChunk (/usr/local/lib/node_modules/firebase-tools/node_modules/readable-stream/lib/_stream_readable.js:298:12)
[error] 
[error] Error: An unexpected error has occurred.
[debug] [2023-02-06T18:47:53.096Z] Error: write EIO
    at afterWriteDispatched (node:internal/stream_base_commons:160:15)
    at writeGeneric (node:internal/stream_base_commons:151:3)
    at Socket._writeGeneric (node:net:917:11)
    at Socket._write (node:net:929:8)
    at writeOrBuffer (node:internal/streams/writable:392:12)
    at _write (node:internal/streams/writable:333:10)
    at Writable.write (node:internal/streams/writable:337:10)
    at Console.log (/usr/local/lib/node_modules/firebase-tools/node_modules/winston/lib/winston/transports/console.js:79:23)
    at Console._write (/usr/local/lib/node_modules/firebase-tools/node_modules/winston-transport/index.js:103:17)
    at doWrite (/usr/local/lib/node_modules/firebase-tools/node_modules/winston-transport/node_modules/readable-stream/lib/_stream_writable.js:428:64)
    at writeOrBuffer (/usr/local/lib/node_modules/firebase-tools/node_modules/winston-transport/node_modules/readable-stream/lib/_stream_writable.js:417:5)
    at Writable.write (/usr/local/lib/node_modules/firebase-tools/node_modules/winston-transport/node_modules/readable-stream/lib/_stream_writable.js:334:11)
    at DerivedLogger.ondata (/usr/local/lib/node_modules/firebase-tools/node_modules/readable-stream/lib/_stream_readable.js:681:20)
    at DerivedLogger.emit (node:events:525:35)
    at DerivedLogger.emit (node:domain:489:12)
    at addChunk (/usr/local/lib/node_modules/firebase-tools/node_modules/readable-stream/lib/_stream_readable.js:298:12)
[error] 
[error] Error: An unexpected error has occurred.
[debug] [2023-02-06T18:47:53.097Z] Error: write EIO
    at afterWriteDispatched (node:internal/stream_base_commons:160:15)
    at writeGeneric (node:internal/stream_base_commons:151:3)
    at Socket._writeGeneric (node:net:917:11)
    at Socket._write (node:net:929:8)
    at writeOrBuffer (node:internal/streams/writable:392:12)
    at _write (node:internal/streams/writable:333:10)
    at Writable.write (node:internal/streams/writable:337:10)
    at Console.log (/usr/local/lib/node_modules/firebase-tools/node_modules/winston/lib/winston/transports/console.js:79:23)
    at Console._write (/usr/local/lib/node_modules/firebase-tools/node_modules/winston-transport/index.js:103:17)
    at doWrite (/usr/local/lib/node_modules/firebase-tools/node_modules/winston-transport/node_modules/readable-stream/lib/_stream_writable.js:428:64)
    at writeOrBuffer (/usr/local/lib/node_modules/firebase-tools/node_modules/winston-transport/node_modules/readable-stream/lib/_stream_writable.js:417:5)
    at Writable.write (/usr/local/lib/node_modules/firebase-tools/node_modules/winston-transport/node_modules/readable-stream/lib/_stream_writable.js:334:11)
    at DerivedLogger.ondata (/usr/local/lib/node_modules/firebase-tools/node_modules/readable-stream/lib/_stream_readable.js:681:20)
    at DerivedLogger.emit (node:events:525:35)
    at DerivedLogger.emit (node:domain:489:12)
    at addChunk (/usr/local/lib/node_modules/firebase-tools/node_modules/readable-stream/lib/_stream_readable.js:298:12)
[error] 
[error] Error: An unexpected error has occurred.
[debug] [2023-02-06T18:47:53.101Z] Error: write EIO
    at afterWriteDispatched (node:internal/stream_base_commons:160:15)
    at writeGeneric (node:internal/stream_base_commons:151:3)
    at Socket._writeGeneric (node:net:917:11)
    at Socket._write (node:net:929:8)
    at writeOrBuffer (node:internal/streams/writable:392:12)
    at _write (node:internal/streams/writable:333:10)
    at Writable.write (node:internal/streams/writable:337:10)
    at Console.log (/usr/local/lib/node_modules/firebase-tools/node_modules/winston/lib/winston/transports/console.js:79:23)
    at Console._write (/usr/local/lib/node_modules/firebase-tools/node_modules/winston-transport/index.js:103:17)
    at doWrite (/usr/local/lib/node_modules/firebase-tools/node_modules/winston-transport/node_modules/readable-stream/lib/_stream_writable.js:428:64)
    at writeOrBuffer (/usr/local/lib/node_modules/firebase-tools/node_modules/winston-transport/node_modules/readable-stream/lib/_stream_writable.js:417:5)
    at Writable.write (/usr/local/lib/node_modules/firebase-tools/node_modules/winston-transport/node_modules/readable-stream/lib/_stream_writable.js:334:11)
    at DerivedLogger.ondata (/usr/local/lib/node_modules/firebase-tools/node_modules/readable-stream/lib/_stream_readable.js:681:20)
    at DerivedLogger.emit (node:events:525:35)
    at DerivedLogger.emit (node:domain:489:12)
    at addChunk (/usr/local/lib/node_modules/firebase-tools/node_modules/readable-stream/lib/_stream_readable.js:298:12)
[error] 
[error] Error: An unexpected error has occurred.
[debug] [2023-02-06T18:47:53.103Z] Error: write EIO
    at afterWriteDispatched (node:internal/stream_base_commons:160:15)
    at writeGeneric (node:internal/stream_base_commons:151:3)
    at Socket._writeGeneric (node:net:917:11)
    at Socket._write (node:net:929:8)
    at writeOrBuffer (node:internal/streams/writable:392:12)
    at _write (node:internal/streams/writable:333:10)
    at Writable.write (node:internal/streams/writable:337:10)
    at Console.log (/usr/local/lib/node_modules/firebase-tools/node_modules/winston/lib/winston/transports/console.js:79:23)
    at Console._write (/usr/local/lib/node_modules/firebase-tools/node_modules/winston-transport/index.js:103:17)
    at doWrite (/usr/local/lib/node_modules/firebase-tools/node_modules/winston-transport/node_modules/readable-stream/lib/_stream_writable.js:428:64)
    at writeOrBuffer (/usr/local/lib/node_modules/firebase-tools/node_modules/winston-transport/node_modules/readable-stream/lib/_stream_writable.js:417:5)
    at Writable.write (/usr/local/lib/node_modules/firebase-tools/node_modules/winston-transport/node_modules/readable-stream/lib/_stream_writable.js:334:11)
    at DerivedLogger.ondata (/usr/local/lib/node_modules/firebase-tools/node_modules/readable-stream/lib/_stream_readable.js:681:20)
    at DerivedLogger.emit (node:events:525:35)
    at DerivedLogger.emit (node:domain:489:12)
    at addChunk (/usr/local/lib/node_modules/firebase-tools/node_modules/readable-stream/lib/_stream_readable.js:298:12)
[error] 
[error] Error: An unexpected error has occurred.
[debug] [2023-02-06T18:47:53.103Z] Error: write EIO
    at afterWriteDispatched (node:internal/stream_base_commons:160:15)
    at writeGeneric (node:internal/stream_base_commons:151:3)
    at Socket._writeGeneric (node:net:917:11)
    at Socket._write (node:net:929:8)
    at writeOrBuffer (node:internal/streams/writable:392:12)
    at _write (node:internal/streams/writable:333:10)
    at Writable.write (node:internal/streams/writable:337:10)
    at Console.log (/usr/local/lib/node_modules/firebase-tools/node_modules/winston/lib/winston/transports/console.js:79:23)
    at Console._write (/usr/local/lib/node_modules/firebase-tools/node_modules/winston-transport/index.js:103:17)
    at doWrite (/usr/local/lib/node_modules/firebase-tools/node_modules/winston-transport/node_modules/readable-stream/lib/_stream_writable.js:428:64)
    at writeOrBuffer (/usr/local/lib/node_modules/firebase-tools/node_modules/winston-transport/node_modules/readable-stream/lib/_stream_writable.js:417:5)
    at Writable.write (/usr/local/lib/node_modules/firebase-tools/node_modules/winston-transport/node_modules/readable-stream/lib/_stream_writable.js:334:11)
    at DerivedLogger.ondata (/usr/local/lib/node_modules/firebase-tools/node_modules/readable-stream/lib/_stream_readable.js:681:20)
    at DerivedLogger.emit (node:events:525:35)
    at DerivedLogger.emit (node:domain:489:12)
    at addChunk (/usr/local/lib/node_modules/firebase-tools/node_modules/readable-stream/lib/_stream_readable.js:298:12)
[error] 
[error] Error: An unexpected error has occurred.
[debug] [2023-02-06T18:47:53.103Z] Error: write EIO
    at afterWriteDispatched (node:internal/stream_base_commons:160:15)
    at writeGeneric (node:internal/stream_base_commons:151:3)
    at Socket._writeGeneric (node:net:917:11)
    at Socket._write (node:net:929:8)
    at writeOrBuffer (node:internal/streams/writable:392:12)
    at _write (node:internal/streams/writable:333:10)
    at Writable.write (node:internal/streams/writable:337:10)
    at Console.log (/usr/local/lib/node_modules/firebase-tools/node_modules/winston/lib/winston/transports/console.js:79:23)
    at Console._write (/usr/local/lib/node_modules/firebase-tools/node_modules/winston-transport/index.js:103:17)
    at doWrite (/usr/local/lib/node_modules/firebase-tools/node_modules/winston-transport/node_modules/readable-stream/lib/_stream_writable.js:428:64)
    at writeOrBuffer (/usr/local/lib/node_modules/firebase-tools/node_modules/winston-transport/node_modules/readable-stream/lib/_stream_writable.js:417:5)
    at Writable.write (/usr/local/lib/node_modules/firebase-tools/node_modules/winston-transport/node_modules/readable-stream/lib/_stream_writable.js:334:11)
    at DerivedLogger.ondata (/usr/local/lib/node_modules/firebase-tools/node_modules/readable-stream/lib/_stream_readable.js:681:20)
    at DerivedLogger.emit (node:events:525:35)
    at DerivedLogger.emit (node:domain:489:12)
    at addChunk (/usr/local/lib/node_modules/firebase-tools/node_modules/readable-stream/lib/_stream_readable.js:298:12)
[error] 
[error] Error: An unexpected error has occurred.
[debug] [2023-02-06T18:47:53.103Z] Error: write EIO
    at afterWriteDispatched (node:internal/stream_base_commons:160:15)
    at writeGeneric (node:internal/stream_base_commons:151:3)
    at Socket._writeGeneric (node:net:917:11)
    at Socket._write (node:net:929:8)
    at writeOrBuffer (node:internal/streams/writable:392:12)
    at _write (node:internal/streams/writable:333:10)
    at Writable.write (node:internal/streams/writable:337:10)
    at Console.log (/usr/local/lib/node_modules/firebase-tools/node_modules/winston/lib/winston/transports/console.js:79:23)
    at Console._write (/usr/local/lib/node_modules/firebase-tools/node_modules/winston-transport/index.js:103:17)
    at doWrite (/usr/local/lib/node_modules/firebase-tools/node_modules/winston-transport/node_modules/readable-stream/lib/_stream_writable.js:428:64)
    at writeOrBuffer (/usr/local/lib/node_modules/firebase-tools/node_modules/winston-transport/node_modules/readable-stream/lib/_stream_writable.js:417:5)
    at Writable.write (/usr/local/lib/node_modules/firebase-tools/node_modules/winston-transport/node_modules/readable-stream/lib/_stream_writable.js:334:11)
    at DerivedLogger.ondata (/usr/local/lib/node_modules/firebase-tools/node_modules/readable-stream/lib/_stream_readable.js:681:20)
    at DerivedLogger.emit (node:events:525:35)
    at DerivedLogger.emit (node:domain:489:12)
    at addChunk (/usr/local/lib/node_modules/firebase-tools/node_modules/readable-stream/lib/_stream_readable.js:298:12)
[error] 
[error] Error: An unexpected error has occurred.
[debug] [2023-02-06T18:47:53.103Z] Error: write EIO
    at afterWriteDispatched (node:internal/stream_base_commons:160:15)
    at writeGeneric (node:internal/stream_base_commons:151:3)
    at Socket._writeGeneric (node:net:917:11)
    at Socket._write (node:net:929:8)
    at writeOrBuffer (node:internal/streams/writable:392:12)
    at _write (node:internal/streams/writable:333:10)
    at Writable.write (node:internal/streams/writable:337:10)
    at Console.log (/usr/local/lib/node_modules/firebase-tools/node_modules/winston/lib/winston/transports/console.js:79:23)
    at Console._write (/usr/local/lib/node_modules/firebase-tools/node_modules/winston-transport/index.js:103:17)
    at doWrite (/usr/local/lib/node_modules/firebase-tools/node_modules/winston-transport/node_modules/readable-stream/lib/_stream_writable.js:428:64)
    at writeOrBuffer (/usr/local/lib/node_modules/firebase-tools/node_modules/winston-transport/node_modules/readable-stream/lib/_stream_writable.js:417:5)
    at Writable.write (/usr/local/lib/node_modules/firebase-tools/node_modules/winston-transport/node_modules/readable-stream/lib/_stream_writable.js:334:11)
    at DerivedLogger.ondata (/usr/local/lib/node_modules/firebase-tools/node_modules/readable-stream/lib/_stream_readable.js:681:20)
    at DerivedLogger.emit (node:events:525:35)
    at DerivedLogger.emit (node:domain:489:12)
    at addChunk (/usr/local/lib/node_modules/firebase-tools/node_modules/readable-stream/lib/_stream_readable.js:298:12)
[error] 
[error] Error: An unexpected error has occurred.
[debug] [2023-02-06T18:47:53.109Z] Error: write EIO
    at afterWriteDispatched (node:internal/stream_base_commons:160:15)
    at writeGeneric (node:internal/stream_base_commons:151:3)
    at Socket._writeGeneric (node:net:917:11)
    at Socket._write (node:net:929:8)
    at writeOrBuffer (node:internal/streams/writable:392:12)
    at _write (node:internal/streams/writable:333:10)
    at Writable.write (node:internal/streams/writable:337:10)
    at Console.log (/usr/local/lib/node_modules/firebase-tools/node_modules/winston/lib/winston/transports/console.js:79:23)
    at Console._write (/usr/local/lib/node_modules/firebase-tools/node_modules/winston-transport/index.js:103:17)
    at doWrite (/usr/local/lib/node_modules/firebase-tools/node_modules/winston-transport/node_modules/readable-stream/lib/_stream_writable.js:428:64)
    at writeOrBuffer (/usr/local/lib/node_modules/firebase-tools/node_modules/winston-transport/node_modules/readable-stream/lib/_stream_writable.js:417:5)
    at Writable.write (/usr/local/lib/node_modules/firebase-tools/node_modules/winston-transport/node_modules/readable-stream/lib/_stream_writable.js:334:11)
    at DerivedLogger.ondata (/usr/local/lib/node_modules/firebase-tools/node_modules/readable-stream/lib/_stream_readable.js:681:20)
    at DerivedLogger.emit (node:events:525:35)
    at DerivedLogger.emit (node:domain:489:12)
    at Readable.read (/usr/local/lib/node_modules/firebase-tools/node_modules/readable-stream/lib/_stream_readable.js:483:26)
[error] 
[error] Error: An unexpected error has occurred.
[debug] [2023-02-06T18:47:53.110Z] Error: write EIO
    at afterWriteDispatched (node:internal/stream_base_commons:160:15)
    at writeGeneric (node:internal/stream_base_commons:151:3)
    at Socket._writeGeneric (node:net:917:11)
    at Socket._write (node:net:929:8)
    at writeOrBuffer (node:internal/streams/writable:392:12)
    at _write (node:internal/streams/writable:333:10)
    at Writable.write (node:internal/streams/writable:337:10)
    at Console.log (/usr/local/lib/node_modules/firebase-tools/node_modules/winston/lib/winston/transports/console.js:79:23)
    at Console._write (/usr/local/lib/node_modules/firebase-tools/node_modules/winston-transport/index.js:103:17)
    at doWrite (/usr/local/lib/node_modules/firebase-tools/node_modules/winston-transport/node_modules/readable-stream/lib/_stream_writable.js:428:64)
    at writeOrBuffer (/usr/local/lib/node_modules/firebase-tools/node_modules/winston-transport/node_modules/readable-stream/lib/_stream_writable.js:417:5)
    at Writable.write (/usr/local/lib/node_modules/firebase-tools/node_modules/winston-transport/node_modules/readable-stream/lib/_stream_writable.js:334:11)
    at DerivedLogger.ondata (/usr/local/lib/node_modules/firebase-tools/node_modules/readable-stream/lib/_stream_readable.js:681:20)
    at DerivedLogger.emit (node:events:525:35)
    at DerivedLogger.emit (node:domain:489:12)
    at addChunk (/usr/local/lib/node_modules/firebase-tools/node_modules/readable-stream/lib/_stream_readable.js:298:12)
[error] 
[error] Error: An unexpected error has occurred.
[debug] [2023-02-06T18:47:53.110Z] Error: write EIO
    at afterWriteDispatched (node:internal/stream_base_commons:160:15)
    at writeGeneric (node:internal/stream_base_commons:151:3)
    at Socket._writeGeneric (node:net:917:11)
    at Socket._write (node:net:929:8)
    at writeOrBuffer (node:internal/streams/writable:392:12)
    at _write (node:internal/streams/writable:333:10)
    at Writable.write (node:internal/streams/writable:337:10)
    at Console.log (/usr/local/lib/node_modules/firebase-tools/node_modules/winston/lib/winston/transports/console.js:79:23)
    at Console._write (/usr/local/lib/node_modules/firebase-tools/node_modules/winston-transport/index.js:103:17)
    at doWrite (/usr/local/lib/node_modules/firebase-tools/node_modules/winston-transport/node_modules/readable-stream/lib/_stream_writable.js:428:64)
    at writeOrBuffer (/usr/local/lib/node_modules/firebase-tools/node_modules/winston-transport/node_modules/readable-stream/lib/_stream_writable.js:417:5)
    at Writable.write (/usr/local/lib/node_modules/firebase-tools/node_modules/winston-transport/node_modules/readable-stream/lib/_stream_writable.js:334:11)
    at DerivedLogger.ondata (/usr/local/lib/node_modules/firebase-tools/node_modules/readable-stream/lib/_stream_readable.js:681:20)
    at DerivedLogger.emit (node:events:525:35)
    at DerivedLogger.emit (node:domain:489:12)
    at addChunk (/usr/local/lib/node_modules/firebase-tools/node_modules/readable-stream/lib/_stream_readable.js:298:12)
[error] 
[error] Error: An unexpected error has occurred.
[debug] [2023-02-06T18:47:53.110Z] Error: write EIO
    at afterWriteDispatched (node:internal/stream_base_commons:160:15)
    at writeGeneric (node:internal/stream_base_commons:151:3)
    at Socket._writeGeneric (node:net:917:11)
    at Socket._write (node:net:929:8)
    at writeOrBuffer (node:internal/streams/writable:392:12)
    at _write (node:internal/streams/writable:333:10)
    at Writable.write (node:internal/streams/writable:337:10)
    at Console.log (/usr/local/lib/node_modules/firebase-tools/node_modules/winston/lib/winston/transports/console.js:79:23)
    at Console._write (/usr/local/lib/node_modules/firebase-tools/node_modules/winston-transport/index.js:103:17)
    at doWrite (/usr/local/lib/node_modules/firebase-tools/node_modules/winston-transport/node_modules/readable-stream/lib/_stream_writable.js:428:64)
    at writeOrBuffer (/usr/local/lib/node_modules/firebase-tools/node_modules/winston-transport/node_modules/readable-stream/lib/_stream_writable.js:417:5)
    at Writable.write (/usr/local/lib/node_modules/firebase-tools/node_modules/winston-transport/node_modules/readable-stream/lib/_stream_writable.js:334:11)
    at DerivedLogger.ondata (/usr/local/lib/node_modules/firebase-tools/node_modules/readable-stream/lib/_stream_readable.js:681:20)
    at DerivedLogger.emit (node:events:525:35)
    at DerivedLogger.emit (node:domain:489:12)
    at addChunk (/usr/local/lib/node_modules/firebase-tools/node_modules/readable-stream/lib/_stream_readable.js:298:12)
[error] 
[error] Error: An unexpected error has occurred.
[debug] [2023-02-06T18:47:53.110Z] Error: write EIO
    at afterWriteDispatched (node:internal/stream_base_commons:160:15)
    at writeGeneric (node:internal/stream_base_commons:151:3)
    at Socket._writeGeneric (node:net:917:11)
    at Socket._write (node:net:929:8)
    at writeOrBuffer (node:internal/streams/writable:392:12)
    at _write (node:internal/streams/writable:333:10)
    at Writable.write (node:internal/streams/writable:337:10)
    at Console.log (/usr/local/lib/node_modules/firebase-tools/node_modules/winston/lib/winston/transports/console.js:79:23)
    at Console._write (/usr/local/lib/node_modules/firebase-tools/node_modules/winston-transport/index.js:103:17)
    at doWrite (/usr/local/lib/node_modules/firebase-tools/node_modules/winston-transport/node_modules/readable-stream/lib/_stream_writable.js:428:64)
    at writeOrBuffer (/usr/local/lib/node_modules/firebase-tools/node_modules/winston-transport/node_modules/readable-stream/lib/_stream_writable.js:417:5)
    at Writable.write (/usr/local/lib/node_modules/firebase-tools/node_modules/winston-transport/node_modules/readable-stream/lib/_stream_writable.js:334:11)
    at DerivedLogger.ondata (/usr/local/lib/node_modules/firebase-tools/node_modules/readable-stream/lib/_stream_readable.js:681:20)
    at DerivedLogger.emit (node:events:525:35)
    at DerivedLogger.emit (node:domain:489:12)
    at addChunk (/usr/local/lib/node_modules/firebase-tools/node_modules/readable-stream/lib/_stream_readable.js:298:12)
[error] 
[error] Error: An unexpected error has occurred.
[debug] [2023-02-06T18:47:53.110Z] Error: write EIO
    at afterWriteDispatched (node:internal/stream_base_commons:160:15)
    at writeGeneric (node:internal/stream_base_commons:151:3)
    at Socket._writeGeneric (node:net:917:11)
    at Socket._write (node:net:929:8)
    at writeOrBuffer (node:internal/streams/writable:392:12)
    at _write (node:internal/streams/writable:333:10)
    at Writable.write (node:internal/streams/writable:337:10)
    at Console.log (/usr/local/lib/node_modules/firebase-tools/node_modules/winston/lib/winston/transports/console.js:79:23)
    at Console._write (/usr/local/lib/node_modules/firebase-tools/node_modules/winston-transport/index.js:103:17)
    at doWrite (/usr/local/lib/node_modules/firebase-tools/node_modules/winston-transport/node_modules/readable-stream/lib/_stream_writable.js:428:64)
    at writeOrBuffer (/usr/local/lib/node_modules/firebase-tools/node_modules/winston-transport/node_modules/readable-stream/lib/_stream_writable.js:417:5)
    at Writable.write (/usr/local/lib/node_modules/firebase-tools/node_modules/winston-transport/node_modules/readable-stream/lib/_stream_writable.js:334:11)
    at DerivedLogger.ondata (/usr/local/lib/node_modules/firebase-tools/node_modules/readable-stream/lib/_stream_readable.js:681:20)
    at DerivedLogger.emit (node:events:525:35)
    at DerivedLogger.emit (node:domain:489:12)
    at addChunk (/usr/local/lib/node_modules/firebase-tools/node_modules/readable-stream/lib/_stream_readable.js:298:12)
[error] 
[error] Error: An unexpected error has occurred.
[debug] [2023-02-06T18:47:53.111Z] Error: write EIO
    at afterWriteDispatched (node:internal/stream_base_commons:160:15)
    at writeGeneric (node:internal/stream_base_commons:151:3)
    at Socket._writeGeneric (node:net:917:11)
    at Socket._write (node:net:929:8)
    at writeOrBuffer (node:internal/streams/writable:392:12)
    at _write (node:internal/streams/writable:333:10)
    at Writable.write (node:internal/streams/writable:337:10)
    at Console.log (/usr/local/lib/node_modules/firebase-tools/node_modules/winston/lib/winston/transports/console.js:79:23)
    at Console._write (/usr/local/lib/node_modules/firebase-tools/node_modules/winston-transport/index.js:103:17)
    at doWrite (/usr/local/lib/node_modules/firebase-tools/node_modules/winston-transport/node_modules/readable-stream/lib/_stream_writable.js:428:64)
    at writeOrBuffer (/usr/local/lib/node_modules/firebase-tools/node_modules/winston-transport/node_modules/readable-stream/lib/_stream_writable.js:417:5)
    at Writable.write (/usr/local/lib/node_modules/firebase-tools/node_modules/winston-transport/node_modules/readable-stream/lib/_stream_writable.js:334:11)
    at DerivedLogger.ondata (/usr/local/lib/node_modules/firebase-tools/node_modules/readable-stream/lib/_stream_readable.js:681:20)
    at DerivedLogger.emit (node:events:525:35)
    at DerivedLogger.emit (node:domain:489:12)
    at addChunk (/usr/local/lib/node_modules/firebase-tools/node_modules/readable-stream/lib/_stream_readable.js:298:12)
[error] 
[error] Error: An unexpected error has occurred.
[debug] [2023-02-06T18:47:53.111Z] Error: write EIO
    at afterWriteDispatched (node:internal/stream_base_commons:160:15)
    at writeGeneric (node:internal/stream_base_commons:151:3)
    at Socket._writeGeneric (node:net:917:11)
    at Socket._write (node:net:929:8)
    at writeOrBuffer (node:internal/streams/writable:392:12)
    at _write (node:internal/streams/writable:333:10)
    at Writable.write (node:internal/streams/writable:337:10)
    at Console.log (/usr/local/lib/node_modules/firebase-tools/node_modules/winston/lib/winston/transports/console.js:79:23)
    at Console._write (/usr/local/lib/node_modules/firebase-tools/node_modules/winston-transport/index.js:103:17)
    at doWrite (/usr/local/lib/node_modules/firebase-tools/node_modules/winston-transport/node_modules/readable-stream/lib/_stream_writable.js:428:64)
    at writeOrBuffer (/usr/local/lib/node_modules/firebase-tools/node_modules/winston-transport/node_modules/readable-stream/lib/_stream_writable.js:417:5)
    at Writable.write (/usr/local/lib/node_modules/firebase-tools/node_modules/winston-transport/node_modules/readable-stream/lib/_stream_writable.js:334:11)
    at DerivedLogger.ondata (/usr/local/lib/node_modules/firebase-tools/node_modules/readable-stream/lib/_stream_readable.js:681:20)
    at DerivedLogger.emit (node:events:525:35)
    at DerivedLogger.emit (node:domain:489:12)
    at addChunk (/usr/local/lib/node_modules/firebase-tools/node_modules/readable-stream/lib/_stream_readable.js:298:12)
[error] 
[error] Error: An unexpected error has occurred.
[debug] [2023-02-06T18:47:53.111Z] Error: write EIO
    at afterWriteDispatched (node:internal/stream_base_commons:160:15)
    at writeGeneric (node:internal/stream_base_commons:151:3)
    at Socket._writeGeneric (node:net:917:11)
    at Socket._write (node:net:929:8)
    at writeOrBuffer (node:internal/streams/writable:392:12)
    at _write (node:internal/streams/writable:333:10)
    at Writable.write (node:internal/streams/writable:337:10)
    at Console.log (/usr/local/lib/node_modules/firebase-tools/node_modules/winston/lib/winston/transports/console.js:79:23)
    at Console._write (/usr/local/lib/node_modules/firebase-tools/node_modules/winston-transport/index.js:103:17)
    at doWrite (/usr/local/lib/node_modules/firebase-tools/node_modules/winston-transport/node_modules/readable-stream/lib/_stream_writable.js:428:64)
    at writeOrBuffer (/usr/local/lib/node_modules/firebase-tools/node_modules/winston-transport/node_modules/readable-stream/lib/_stream_writable.js:417:5)
    at Writable.write (/usr/local/lib/node_modules/firebase-tools/node_modules/winston-transport/node_modules/readable-stream/lib/_stream_writable.js:334:11)
    at DerivedLogger.ondata (/usr/local/lib/node_modules/firebase-tools/node_modules/readable-stream/lib/_stream_readable.js:681:20)
    at DerivedLogger.emit (node:events:525:35)
    at DerivedLogger.emit (node:domain:489:12)
    at addChunk (/usr/local/lib/node_modules/firebase-tools/node_modules/readable-stream/lib/_stream_readable.js:298:12)
[error] 
[error] Error: An unexpected error has occurred.
[debug] [2023-02-06T18:47:53.111Z] Error: write EIO
    at afterWriteDispatched (node:internal/stream_base_commons:160:15)
    at writeGeneric (node:internal/stream_base_commons:151:3)
    at Socket._writeGeneric (node:net:917:11)
    at Socket._write (node:net:929:8)
    at writeOrBuffer (node:internal/streams/writable:392:12)
    at _write (node:internal/streams/writable:333:10)
    at Writable.write (node:internal/streams/writable:337:10)
    at Console.log (/usr/local/lib/node_modules/firebase-tools/node_modules/winston/lib/winston/transports/console.js:79:23)
    at Console._write (/usr/local/lib/node_modules/firebase-tools/node_modules/winston-transport/index.js:103:17)
    at doWrite (/usr/local/lib/node_modules/firebase-tools/node_modules/winston-transport/node_modules/readable-stream/lib/_stream_writable.js:428:64)
    at writeOrBuffer (/usr/local/lib/node_modules/firebase-tools/node_modules/winston-transport/node_modules/readable-stream/lib/_stream_writable.js:417:5)
    at Writable.write (/usr/local/lib/node_modules/firebase-tools/node_modules/winston-transport/node_modules/readable-stream/lib/_stream_writable.js:334:11)
    at DerivedLogger.ondata (/usr/local/lib/node_modules/firebase-tools/node_modules/readable-stream/lib/_stream_readable.js:681:20)
    at DerivedLogger.emit (node:events:525:35)
    at DerivedLogger.emit (node:domain:489:12)
    at addChunk (/usr/local/lib/node_modules/firebase-tools/node_modules/readable-stream/lib/_stream_readable.js:298:12)
[error] 
[error] Error: An unexpected error has occurred.
[debug] [2023-02-06T18:47:53.111Z] Error: write EIO
    at afterWriteDispatched (node:internal/stream_base_commons:160:15)
    at writeGeneric (node:internal/stream_base_commons:151:3)
    at Socket._writeGeneric (node:net:917:11)
    at Socket._write (node:net:929:8)
    at writeOrBuffer (node:internal/streams/writable:392:12)
    at _write (node:internal/streams/writable:333:10)
    at Writable.write (node:internal/streams/writable:337:10)
    at Console.log (/usr/local/lib/node_modules/firebase-tools/node_modules/winston/lib/winston/transports/console.js:79:23)
    at Console._write (/usr/local/lib/node_modules/firebase-tools/node_modules/winston-transport/index.js:103:17)
    at doWrite (/usr/local/lib/node_modules/firebase-tools/node_modules/winston-transport/node_modules/readable-stream/lib/_stream_writable.js:428:64)
    at writeOrBuffer (/usr/local/lib/node_modules/firebase-tools/node_modules/winston-transport/node_modules/readable-stream/lib/_stream_writable.js:417:5)
    at Writable.write (/usr/local/lib/node_modules/firebase-tools/node_modules/winston-transport/node_modules/readable-stream/lib/_stream_writable.js:334:11)
    at DerivedLogger.ondata (/usr/local/lib/node_modules/firebase-tools/node_modules/readable-stream/lib/_stream_readable.js:681:20)
    at DerivedLogger.emit (node:events:525:35)
    at DerivedLogger.emit (node:domain:489:12)
    at addChunk (/usr/local/lib/node_modules/firebase-tools/node_modules/readable-stream/lib/_stream_readable.js:298:12)
[error] 
[error] Error: An unexpected error has occurred.
[debug] [2023-02-06T18:47:53.112Z] Error: write EIO
    at afterWriteDispatched (node:internal/stream_base_commons:160:15)
    at writeGeneric (node:internal/stream_base_commons:151:3)
    at Socket._writeGeneric (node:net:917:11)
    at Socket._write (node:net:929:8)
    at writeOrBuffer (node:internal/streams/writable:392:12)
    at _write (node:internal/streams/writable:333:10)
    at Writable.write (node:internal/streams/writable:337:10)
    at Console.log (/usr/local/lib/node_modules/firebase-tools/node_modules/winston/lib/winston/transports/console.js:79:23)
    at Console._write (/usr/local/lib/node_modules/firebase-tools/node_modules/winston-transport/index.js:103:17)
    at doWrite (/usr/local/lib/node_modules/firebase-tools/node_modules/winston-transport/node_modules/readable-stream/lib/_stream_writable.js:428:64)
    at writeOrBuffer (/usr/local/lib/node_modules/firebase-tools/node_modules/winston-transport/node_modules/readable-stream/lib/_stream_writable.js:417:5)
    at Writable.write (/usr/local/lib/node_modules/firebase-tools/node_modules/winston-transport/node_modules/readable-stream/lib/_stream_writable.js:334:11)
    at DerivedLogger.ondata (/usr/local/lib/node_modules/firebase-tools/node_modules/readable-stream/lib/_stream_readable.js:681:20)
    at DerivedLogger.emit (node:events:525:35)
    at DerivedLogger.emit (node:domain:489:12)
    at Readable.read (/usr/local/lib/node_modules/firebase-tools/node_modules/readable-stream/lib/_stream_readable.js:483:26)
[error] 
[error] Error: An unexpected error has occurred.
[debug] [2023-02-06T18:47:53.112Z] Error: write EIO
    at afterWriteDispatched (node:internal/stream_base_commons:160:15)
    at writeGeneric (node:internal/stream_base_commons:151:3)
    at Socket._writeGeneric (node:net:917:11)
    at Socket._write (node:net:929:8)
    at writeOrBuffer (node:internal/streams/writable:392:12)
    at _write (node:internal/streams/writable:333:10)
    at Writable.write (node:internal/streams/writable:337:10)
    at Console.log (/usr/local/lib/node_modules/firebase-tools/node_modules/winston/lib/winston/transports/console.js:79:23)
    at Console._write (/usr/local/lib/node_modules/firebase-tools/node_modules/winston-transport/index.js:103:17)
    at doWrite (/usr/local/lib/node_modules/firebase-tools/node_modules/winston-transport/node_modules/readable-stream/lib/_stream_writable.js:428:64)
    at writeOrBuffer (/usr/local/lib/node_modules/firebase-tools/node_modules/winston-transport/node_modules/readable-stream/lib/_stream_writable.js:417:5)
    at Writable.write (/usr/local/lib/node_modules/firebase-tools/node_modules/winston-transport/node_modules/readable-stream/lib/_stream_writable.js:334:11)
    at DerivedLogger.ondata (/usr/local/lib/node_modules/firebase-tools/node_modules/readable-stream/lib/_stream_readable.js:681:20)
    at DerivedLogger.emit (node:events:525:35)
    at DerivedLogger.emit (node:domain:489:12)
    at addChunk (/usr/local/lib/node_modules/firebase-tools/node_modules/readable-stream/lib/_stream_readable.js:298:12)
[error] 
[error] Error: An unexpected error has occurred.
[debug] [2023-02-06T18:47:53.112Z] Error: write EIO
    at afterWriteDispatched (node:internal/stream_base_commons:160:15)
    at writeGeneric (node:internal/stream_base_commons:151:3)
    at Socket._writeGeneric (node:net:917:11)
    at Socket._write (node:net:929:8)
    at writeOrBuffer (node:internal/streams/writable:392:12)
    at _write (node:internal/streams/writable:333:10)
    at Writable.write (node:internal/streams/writable:337:10)
    at Console.log (/usr/local/lib/node_modules/firebase-tools/node_modules/winston/lib/winston/transports/console.js:79:23)
    at Console._write (/usr/local/lib/node_modules/firebase-tools/node_modules/winston-transport/index.js:103:17)
    at doWrite (/usr/local/lib/node_modules/firebase-tools/node_modules/winston-transport/node_modules/readable-stream/lib/_stream_writable.js:428:64)
    at writeOrBuffer (/usr/local/lib/node_modules/firebase-tools/node_modules/winston-transport/node_modules/readable-stream/lib/_stream_writable.js:417:5)
    at Writable.write (/usr/local/lib/node_modules/firebase-tools/node_modules/winston-transport/node_modules/readable-stream/lib/_stream_writable.js:334:11)
    at DerivedLogger.ondata (/usr/local/lib/node_modules/firebase-tools/node_modules/readable-stream/lib/_stream_readable.js:681:20)
    at DerivedLogger.emit (node:events:525:35)
    at DerivedLogger.emit (node:domain:489:12)
    at addChunk (/usr/local/lib/node_modules/firebase-tools/node_modules/readable-stream/lib/_stream_readable.js:298:12)
[error] 
[error] Error: An unexpected error has occurred.
[debug] [2023-02-06T18:47:53.112Z] Error: write EIO
    at afterWriteDispatched (node:internal/stream_base_commons:160:15)
    at writeGeneric (node:internal/stream_base_commons:151:3)
    at Socket._writeGeneric (node:net:917:11)
    at Socket._write (node:net:929:8)
    at writeOrBuffer (node:internal/streams/writable:392:12)
    at _write (node:internal/streams/writable:333:10)
    at Writable.write (node:internal/streams/writable:337:10)
    at Console.log (/usr/local/lib/node_modules/firebase-tools/node_modules/winston/lib/winston/transports/console.js:79:23)
    at Console._write (/usr/local/lib/node_modules/firebase-tools/node_modules/winston-transport/index.js:103:17)
    at doWrite (/usr/local/lib/node_modules/firebase-tools/node_modules/winston-transport/node_modules/readable-stream/lib/_stream_writable.js:428:64)
    at writeOrBuffer (/usr/local/lib/node_modules/firebase-tools/node_modules/winston-transport/node_modules/readable-stream/lib/_stream_writable.js:417:5)
    at Writable.write (/usr/local/lib/node_modules/firebase-tools/node_modules/winston-transport/node_modules/readable-stream/lib/_stream_writable.js:334:11)
    at DerivedLogger.ondata (/usr/local/lib/node_modules/firebase-tools/node_modules/readable-stream/lib/_stream_readable.js:681:20)
    at DerivedLogger.emit (node:events:525:35)
    at DerivedLogger.emit (node:domain:489:12)
    at addChunk (/usr/local/lib/node_modules/firebase-tools/node_modules/readable-stream/lib/_stream_readable.js:298:12)
[error] 
[error] Error: An unexpected error has occurred.
[debug] [2023-02-06T18:47:53.113Z] Error: write EIO
    at afterWriteDispatched (node:internal/stream_base_commons:160:15)
    at writeGeneric (node:internal/stream_base_commons:151:3)
    at Socket._writeGeneric (node:net:917:11)
    at Socket._write (node:net:929:8)
    at writeOrBuffer (node:internal/streams/writable:392:12)
    at _write (node:internal/streams/writable:333:10)
    at Writable.write (node:internal/streams/writable:337:10)
    at Console.log (/usr/local/lib/node_modules/firebase-tools/node_modules/winston/lib/winston/transports/console.js:79:23)
    at Console._write (/usr/local/lib/node_modules/firebase-tools/node_modules/winston-transport/index.js:103:17)
    at doWrite (/usr/local/lib/node_modules/firebase-tools/node_modules/winston-transport/node_modules/readable-stream/lib/_stream_writable.js:428:64)
    at writeOrBuffer (/usr/local/lib/node_modules/firebase-tools/node_modules/winston-transport/node_modules/readable-stream/lib/_stream_writable.js:417:5)
    at Writable.write (/usr/local/lib/node_modules/firebase-tools/node_modules/winston-transport/node_modules/readable-stream/lib/_stream_writable.js:334:11)
    at DerivedLogger.ondata (/usr/local/lib/node_modules/firebase-tools/node_modules/readable-stream/lib/_stream_readable.js:681:20)
    at DerivedLogger.emit (node:events:525:35)
    at DerivedLogger.emit (node:domain:489:12)
    at addChunk (/usr/local/lib/node_modules/firebase-tools/node_modules/readable-stream/lib/_stream_readable.js:298:12)
[error] 
[error] Error: An unexpected error has occurred.
[debug] [2023-02-06T18:47:53.113Z] Error: write EIO
    at afterWriteDispatched (node:internal/stream_base_commons:160:15)
    at writeGeneric (node:internal/stream_base_commons:151:3)
    at Socket._writeGeneric (node:net:917:11)
    at Socket._write (node:net:929:8)
    at writeOrBuffer (node:internal/streams/writable:392:12)
    at _write (node:internal/streams/writable:333:10)
    at Writable.write (node:internal/streams/writable:337:10)
    at Console.log (/usr/local/lib/node_modules/firebase-tools/node_modules/winston/lib/winston/transports/console.js:79:23)
    at Console._write (/usr/local/lib/node_modules/firebase-tools/node_modules/winston-transport/index.js:103:17)
    at doWrite (/usr/local/lib/node_modules/firebase-tools/node_modules/winston-transport/node_modules/readable-stream/lib/_stream_writable.js:428:64)
    at writeOrBuffer (/usr/local/lib/node_modules/firebase-tools/node_modules/winston-transport/node_modules/readable-stream/lib/_stream_writable.js:417:5)
    at Writable.write (/usr/local/lib/node_modules/firebase-tools/node_modules/winston-transport/node_modules/readable-stream/lib/_stream_writable.js:334:11)
    at DerivedLogger.ondata (/usr/local/lib/node_modules/firebase-tools/node_modules/readable-stream/lib/_stream_readable.js:681:20)
    at DerivedLogger.emit (node:events:525:35)
    at DerivedLogger.emit (node:domain:489:12)
    at addChunk (/usr/local/lib/node_modules/firebase-tools/node_modules/readable-stream/lib/_stream_readable.js:298:12)
[error] 
[error] Error: An unexpected error has occurred.
[debug] [2023-02-06T18:47:53.113Z] Error: write EIO
    at afterWriteDispatched (node:internal/stream_base_commons:160:15)
    at writeGeneric (node:internal/stream_base_commons:151:3)
    at Socket._writeGeneric (node:net:917:11)
    at Socket._write (node:net:929:8)
    at writeOrBuffer (node:internal/streams/writable:392:12)
    at _write (node:internal/streams/writable:333:10)
    at Writable.write (node:internal/streams/writable:337:10)
    at Console.log (/usr/local/lib/node_modules/firebase-tools/node_modules/winston/lib/winston/transports/console.js:79:23)
    at Console._write (/usr/local/lib/node_modules/firebase-tools/node_modules/winston-transport/index.js:103:17)
    at doWrite (/usr/local/lib/node_modules/firebase-tools/node_modules/winston-transport/node_modules/readable-stream/lib/_stream_writable.js:428:64)
    at writeOrBuffer (/usr/local/lib/node_modules/firebase-tools/node_modules/winston-transport/node_modules/readable-stream/lib/_stream_writable.js:417:5)
    at Writable.write (/usr/local/lib/node_modules/firebase-tools/node_modules/winston-transport/node_modules/readable-stream/lib/_stream_writable.js:334:11)
    at DerivedLogger.ondata (/usr/local/lib/node_modules/firebase-tools/node_modules/readable-stream/lib/_stream_readable.js:681:20)
    at DerivedLogger.emit (node:events:525:35)
    at DerivedLogger.emit (node:domain:489:12)
    at addChunk (/usr/local/lib/node_modules/firebase-tools/node_modules/readable-stream/lib/_stream_readable.js:298:12)
[error] 
[error] Error: An unexpected error has occurred.
[debug] [2023-02-06T18:47:53.114Z] Error: write EIO
    at afterWriteDispatched (node:internal/stream_base_commons:160:15)
    at writeGeneric (node:internal/stream_base_commons:151:3)
    at Socket._writeGeneric (node:net:917:11)
    at Socket._write (node:net:929:8)
    at writeOrBuffer (node:internal/streams/writable:392:12)
    at _write (node:internal/streams/writable:333:10)
    at Writable.write (node:internal/streams/writable:337:10)
    at Console.log (/usr/local/lib/node_modules/firebase-tools/node_modules/winston/lib/winston/transports/console.js:79:23)
    at Console._write (/usr/local/lib/node_modules/firebase-tools/node_modules/winston-transport/index.js:103:17)
    at doWrite (/usr/local/lib/node_modules/firebase-tools/node_modules/winston-transport/node_modules/readable-stream/lib/_stream_writable.js:428:64)
    at writeOrBuffer (/usr/local/lib/node_modules/firebase-tools/node_modules/winston-transport/node_modules/readable-stream/lib/_stream_writable.js:417:5)
    at Writable.write (/usr/local/lib/node_modules/firebase-tools/node_modules/winston-transport/node_modules/readable-stream/lib/_stream_writable.js:334:11)
    at DerivedLogger.ondata (/usr/local/lib/node_modules/firebase-tools/node_modules/readable-stream/lib/_stream_readable.js:681:20)
    at DerivedLogger.emit (node:events:525:35)
    at DerivedLogger.emit (node:domain:489:12)
    at addChunk (/usr/local/lib/node_modules/firebase-tools/node_modules/readable-stream/lib/_stream_readable.js:298:12)
[error] 
[error] Error: An unexpected error has occurred.
[debug] [2023-02-06T18:47:53.114Z] Error: write EIO
    at afterWriteDispatched (node:internal/stream_base_commons:160:15)
    at writeGeneric (node:internal/stream_base_commons:151:3)
    at Socket._writeGeneric (node:net:917:11)
    at Socket._write (node:net:929:8)
    at writeOrBuffer (node:internal/streams/writable:392:12)
    at _write (node:internal/streams/writable:333:10)
    at Writable.write (node:internal/streams/writable:337:10)
    at Console.log (/usr/local/lib/node_modules/firebase-tools/node_modules/winston/lib/winston/transports/console.js:79:23)
    at Console._write (/usr/local/lib/node_modules/firebase-tools/node_modules/winston-transport/index.js:103:17)
    at doWrite (/usr/local/lib/node_modules/firebase-tools/node_modules/winston-transport/node_modules/readable-stream/lib/_stream_writable.js:428:64)
    at writeOrBuffer (/usr/local/lib/node_modules/firebase-tools/node_modules/winston-transport/node_modules/readable-stream/lib/_stream_writable.js:417:5)
    at Writable.write (/usr/local/lib/node_modules/firebase-tools/node_modules/winston-transport/node_modules/readable-stream/lib/_stream_writable.js:334:11)
    at DerivedLogger.ondata (/usr/local/lib/node_modules/firebase-tools/node_modules/readable-stream/lib/_stream_readable.js:681:20)
    at DerivedLogger.emit (node:events:525:35)
    at DerivedLogger.emit (node:domain:489:12)
    at addChunk (/usr/local/lib/node_modules/firebase-tools/node_modules/readable-stream/lib/_stream_readable.js:298:12)
[error] 
[error] Error: An unexpected error has occurred.
[debug] [2023-02-06T18:47:53.114Z] Error: write EIO
    at afterWriteDispatched (node:internal/stream_base_commons:160:15)
    at writeGeneric (node:internal/stream_base_commons:151:3)
    at Socket._writeGeneric (node:net:917:11)
    at Socket._write (node:net:929:8)
    at writeOrBuffer (node:internal/streams/writable:392:12)
    at _write (node:internal/streams/writable:333:10)
    at Writable.write (node:internal/streams/writable:337:10)
    at Console.log (/usr/local/lib/node_modules/firebase-tools/node_modules/winston/lib/winston/transports/console.js:79:23)
    at Console._write (/usr/local/lib/node_modules/firebase-tools/node_modules/winston-transport/index.js:103:17)
    at doWrite (/usr/local/lib/node_modules/firebase-tools/node_modules/winston-transport/node_modules/readable-stream/lib/_stream_writable.js:428:64)
    at writeOrBuffer (/usr/local/lib/node_modules/firebase-tools/node_modules/winston-transport/node_modules/readable-stream/lib/_stream_writable.js:417:5)
    at Writable.write (/usr/local/lib/node_modules/firebase-tools/node_modules/winston-transport/node_modules/readable-stream/lib/_stream_writable.js:334:11)
    at DerivedLogger.ondata (/usr/local/lib/node_modules/firebase-tools/node_modules/readable-stream/lib/_stream_readable.js:681:20)
    at DerivedLogger.emit (node:events:525:35)
    at DerivedLogger.emit (node:domain:489:12)
    at addChunk (/usr/local/lib/node_modules/firebase-tools/node_modules/readable-stream/lib/_stream_readable.js:298:12)
[error] 
[error] Error: An unexpected error has occurred.
[debug] [2023-02-06T18:47:53.114Z] Error: write EIO
    at afterWriteDispatched (node:internal/stream_base_commons:160:15)
    at writeGeneric (node:internal/stream_base_commons:151:3)
    at Socket._writeGeneric (node:net:917:11)
    at Socket._write (node:net:929:8)
    at writeOrBuffer (node:internal/streams/writable:392:12)
    at _write (node:internal/streams/writable:333:10)
    at Writable.write (node:internal/streams/writable:337:10)
    at Console.log (/usr/local/lib/node_modules/firebase-tools/node_modules/winston/lib/winston/transports/console.js:79:23)
    at Console._write (/usr/local/lib/node_modules/firebase-tools/node_modules/winston-transport/index.js:103:17)
    at doWrite (/usr/local/lib/node_modules/firebase-tools/node_modules/winston-transport/node_modules/readable-stream/lib/_stream_writable.js:428:64)
    at writeOrBuffer (/usr/local/lib/node_modules/firebase-tools/node_modules/winston-transport/node_modules/readable-stream/lib/_stream_writable.js:417:5)
    at Writable.write (/usr/local/lib/node_modules/firebase-tools/node_modules/winston-transport/node_modules/readable-stream/lib/_stream_writable.js:334:11)
    at DerivedLogger.ondata (/usr/local/lib/node_modules/firebase-tools/node_modules/readable-stream/lib/_stream_readable.js:681:20)
    at DerivedLogger.emit (node:events:525:35)
    at DerivedLogger.emit (node:domain:489:12)
    at addChunk (/usr/local/lib/node_modules/firebase-tools/node_modules/readable-stream/lib/_stream_readable.js:298:12)
[error] 
[error] Error: An unexpected error has occurred.
[debug] [2023-02-06T18:47:53.114Z] Error: write EIO
    at afterWriteDispatched (node:internal/stream_base_commons:160:15)
    at writeGeneric (node:internal/stream_base_commons:151:3)
    at Socket._writeGeneric (node:net:917:11)
    at Socket._write (node:net:929:8)
    at writeOrBuffer (node:internal/streams/writable:392:12)
    at _write (node:internal/streams/writable:333:10)
    at Writable.write (node:internal/streams/writable:337:10)
    at Console.log (/usr/local/lib/node_modules/firebase-tools/node_modules/winston/lib/winston/transports/console.js:79:23)
    at Console._write (/usr/local/lib/node_modules/firebase-tools/node_modules/winston-transport/index.js:103:17)
    at doWrite (/usr/local/lib/node_modules/firebase-tools/node_modules/winston-transport/node_modules/readable-stream/lib/_stream_writable.js:428:64)
    at writeOrBuffer (/usr/local/lib/node_modules/firebase-tools/node_modules/winston-transport/node_modules/readable-stream/lib/_stream_writable.js:417:5)
    at Writable.write (/usr/local/lib/node_modules/firebase-tools/node_modules/winston-transport/node_modules/readable-stream/lib/_stream_writable.js:334:11)
    at DerivedLogger.ondata (/usr/local/lib/node_modules/firebase-tools/node_modules/readable-stream/lib/_stream_readable.js:681:20)
    at DerivedLogger.emit (node:events:525:35)
    at DerivedLogger.emit (node:domain:489:12)
    at Readable.read (/usr/local/lib/node_modules/firebase-tools/node_modules/readable-stream/lib/_stream_readable.js:483:26)
[error] 
[error] Error: An unexpected error has occurred.
[debug] [2023-02-06T18:47:53.114Z] Error: write EIO
    at afterWriteDispatched (node:internal/stream_base_commons:160:15)
    at writeGeneric (node:internal/stream_base_commons:151:3)
    at Socket._writeGeneric (node:net:917:11)
    at Socket._write (node:net:929:8)
    at writeOrBuffer (node:internal/streams/writable:392:12)
    at _write (node:internal/streams/writable:333:10)
    at Writable.write (node:internal/streams/writable:337:10)
    at Console.log (/usr/local/lib/node_modules/firebase-tools/node_modules/winston/lib/winston/transports/console.js:79:23)
    at Console._write (/usr/local/lib/node_modules/firebase-tools/node_modules/winston-transport/index.js:103:17)
    at doWrite (/usr/local/lib/node_modules/firebase-tools/node_modules/winston-transport/node_modules/readable-stream/lib/_stream_writable.js:428:64)
    at writeOrBuffer (/usr/local/lib/node_modules/firebase-tools/node_modules/winston-transport/node_modules/readable-stream/lib/_stream_writable.js:417:5)
    at Writable.write (/usr/local/lib/node_modules/firebase-tools/node_modules/winston-transport/node_modules/readable-stream/lib/_stream_writable.js:334:11)
    at DerivedLogger.ondata (/usr/local/lib/node_modules/firebase-tools/node_modules/readable-stream/lib/_stream_readable.js:681:20)
    at DerivedLogger.emit (node:events:525:35)
    at DerivedLogger.emit (node:domain:489:12)
    at addChunk (/usr/local/lib/node_modules/firebase-tools/node_modules/readable-stream/lib/_stream_readable.js:298:12)
[error] 
[error] Error: An unexpected error has occurred.
[debug] [2023-02-06T18:47:53.115Z] Error: write EIO
    at afterWriteDispatched (node:internal/stream_base_commons:160:15)
    at writeGeneric (node:internal/stream_base_commons:151:3)
    at Socket._writeGeneric (node:net:917:11)
    at Socket._write (node:net:929:8)
    at writeOrBuffer (node:internal/streams/writable:392:12)
    at _write (node:internal/streams/writable:333:10)
    at Writable.write (node:internal/streams/writable:337:10)
    at Console.log (/usr/local/lib/node_modules/firebase-tools/node_modules/winston/lib/winston/transports/console.js:79:23)
    at Console._write (/usr/local/lib/node_modules/firebase-tools/node_modules/winston-transport/index.js:103:17)
    at doWrite (/usr/local/lib/node_modules/firebase-tools/node_modules/winston-transport/node_modules/readable-stream/lib/_stream_writable.js:428:64)
    at writeOrBuffer (/usr/local/lib/node_modules/firebase-tools/node_modules/winston-transport/node_modules/readable-stream/lib/_stream_writable.js:417:5)
    at Writable.write (/usr/local/lib/node_modules/firebase-tools/node_modules/winston-transport/node_modules/readable-stream/lib/_stream_writable.js:334:11)
    at DerivedLogger.ondata (/usr/local/lib/node_modules/firebase-tools/node_modules/readable-stream/lib/_stream_readable.js:681:20)
    at DerivedLogger.emit (node:events:525:35)
    at DerivedLogger.emit (node:domain:489:12)
    at addChunk (/usr/local/lib/node_modules/firebase-tools/node_modules/readable-stream/lib/_stream_readable.js:298:12)
[error] 
[error] Error: An unexpected error has occurred.
[debug] [2023-02-06T18:47:53.118Z] Error: write EIO
    at afterWriteDispatched (node:internal/stream_base_commons:160:15)
    at writeGeneric (node:internal/stream_base_commons:151:3)
    at Socket._writeGeneric (node:net:917:11)
    at Socket._write (node:net:929:8)
    at writeOrBuffer (node:internal/streams/writable:392:12)
    at _write (node:internal/streams/writable:333:10)
    at Writable.write (node:internal/streams/writable:337:10)
    at Console.log (/usr/local/lib/node_modules/firebase-tools/node_modules/winston/lib/winston/transports/console.js:79:23)
    at Console._write (/usr/local/lib/node_modules/firebase-tools/node_modules/winston-transport/index.js:103:17)
    at doWrite (/usr/local/lib/node_modules/firebase-tools/node_modules/winston-transport/node_modules/readable-stream/lib/_stream_writable.js:428:64)
    at writeOrBuffer (/usr/local/lib/node_modules/firebase-tools/node_modules/winston-transport/node_modules/readable-stream/lib/_stream_writable.js:417:5)
    at Writable.write (/usr/local/lib/node_modules/firebase-tools/node_modules/winston-transport/node_modules/readable-stream/lib/_stream_writable.js:334:11)
    at DerivedLogger.ondata (/usr/local/lib/node_modules/firebase-tools/node_modules/readable-stream/lib/_stream_readable.js:681:20)
    at DerivedLogger.emit (node:events:525:35)
    at DerivedLogger.emit (node:domain:489:12)
    at addChunk (/usr/local/lib/node_modules/firebase-tools/node_modules/readable-stream/lib/_stream_readable.js:298:12)
[error] 
[error] Error: An unexpected error has occurred.
[debug] [2023-02-06T18:47:53.119Z] Error: write EIO
    at afterWriteDispatched (node:internal/stream_base_commons:160:15)
    at writeGeneric (node:internal/stream_base_commons:151:3)
    at Socket._writeGeneric (node:net:917:11)
    at Socket._write (node:net:929:8)
    at writeOrBuffer (node:internal/streams/writable:392:12)
    at _write (node:internal/streams/writable:333:10)
    at Writable.write (node:internal/streams/writable:337:10)
    at Console.log (/usr/local/lib/node_modules/firebase-tools/node_modules/winston/lib/winston/transports/console.js:79:23)
    at Console._write (/usr/local/lib/node_modules/firebase-tools/node_modules/winston-transport/index.js:103:17)
    at doWrite (/usr/local/lib/node_modules/firebase-tools/node_modules/winston-transport/node_modules/readable-stream/lib/_stream_writable.js:428:64)
    at writeOrBuffer (/usr/local/lib/node_modules/firebase-tools/node_modules/winston-transport/node_modules/readable-stream/lib/_stream_writable.js:417:5)
    at Writable.write (/usr/local/lib/node_modules/firebase-tools/node_modules/winston-transport/node_modules/readable-stream/lib/_stream_writable.js:334:11)
    at DerivedLogger.ondata (/usr/local/lib/node_modules/firebase-tools/node_modules/readable-stream/lib/_stream_readable.js:681:20)
    at DerivedLogger.emit (node:events:525:35)
    at DerivedLogger.emit (node:domain:489:12)
    at addChunk (/usr/local/lib/node_modules/firebase-tools/node_modules/readable-stream/lib/_stream_readable.js:298:12)
[error] 
[error] Error: An unexpected error has occurred.
[debug] [2023-02-06T18:47:53.119Z] Error: write EIO
    at afterWriteDispatched (node:internal/stream_base_commons:160:15)
    at writeGeneric (node:internal/stream_base_commons:151:3)
    at Socket._writeGeneric (node:net:917:11)
    at Socket._write (node:net:929:8)
    at writeOrBuffer (node:internal/streams/writable:392:12)
    at _write (node:internal/streams/writable:333:10)
    at Writable.write (node:internal/streams/writable:337:10)
    at Console.log (/usr/local/lib/node_modules/firebase-tools/node_modules/winston/lib/winston/transports/console.js:79:23)
    at Console._write (/usr/local/lib/node_modules/firebase-tools/node_modules/winston-transport/index.js:103:17)
    at doWrite (/usr/local/lib/node_modules/firebase-tools/node_modules/winston-transport/node_modules/readable-stream/lib/_stream_writable.js:428:64)
    at writeOrBuffer (/usr/local/lib/node_modules/firebase-tools/node_modules/winston-transport/node_modules/readable-stream/lib/_stream_writable.js:417:5)
    at Writable.write (/usr/local/lib/node_modules/firebase-tools/node_modules/winston-transport/node_modules/readable-stream/lib/_stream_writable.js:334:11)
    at DerivedLogger.ondata (/usr/local/lib/node_modules/firebase-tools/node_modules/readable-stream/lib/_stream_readable.js:681:20)
    at DerivedLogger.emit (node:events:525:35)
    at DerivedLogger.emit (node:domain:489:12)
    at addChunk (/usr/local/lib/node_modules/firebase-tools/node_modules/readable-stream/lib/_stream_readable.js:298:12)
[error] 
[error] Error: An unexpected error has occurred.
[debug] [2023-02-06T18:47:53.119Z] Error: write EIO
    at afterWriteDispatched (node:internal/stream_base_commons:160:15)
    at writeGeneric (node:internal/stream_base_commons:151:3)
    at Socket._writeGeneric (node:net:917:11)
    at Socket._write (node:net:929:8)
    at writeOrBuffer (node:internal/streams/writable:392:12)
    at _write (node:internal/streams/writable:333:10)
    at Writable.write (node:internal/streams/writable:337:10)
    at Console.log (/usr/local/lib/node_modules/firebase-tools/node_modules/winston/lib/winston/transports/console.js:79:23)
    at Console._write (/usr/local/lib/node_modules/firebase-tools/node_modules/winston-transport/index.js:103:17)
    at doWrite (/usr/local/lib/node_modules/firebase-tools/node_modules/winston-transport/node_modules/readable-stream/lib/_stream_writable.js:428:64)
    at writeOrBuffer (/usr/local/lib/node_modules/firebase-tools/node_modules/winston-transport/node_modules/readable-stream/lib/_stream_writable.js:417:5)
    at Writable.write (/usr/local/lib/node_modules/firebase-tools/node_modules/winston-transport/node_modules/readable-stream/lib/_stream_writable.js:334:11)
    at DerivedLogger.ondata (/usr/local/lib/node_modules/firebase-tools/node_modules/readable-stream/lib/_stream_readable.js:681:20)
    at DerivedLogger.emit (node:events:525:35)
    at DerivedLogger.emit (node:domain:489:12)
    at addChunk (/usr/local/lib/node_modules/firebase-tools/node_modules/readable-stream/lib/_stream_readable.js:298:12)
[error] 
[error] Error: An unexpected error has occurred.
[debug] [2023-02-06T18:47:53.119Z] Error: write EIO
    at afterWriteDispatched (node:internal/stream_base_commons:160:15)
    at writeGeneric (node:internal/stream_base_commons:151:3)
    at Socket._writeGeneric (node:net:917:11)
    at Socket._write (node:net:929:8)
    at writeOrBuffer (node:internal/streams/writable:392:12)
    at _write (node:internal/streams/writable:333:10)
    at Writable.write (node:internal/streams/writable:337:10)
    at Console.log (/usr/local/lib/node_modules/firebase-tools/node_modules/winston/lib/winston/transports/console.js:79:23)
    at Console._write (/usr/local/lib/node_modules/firebase-tools/node_modules/winston-transport/index.js:103:17)
    at doWrite (/usr/local/lib/node_modules/firebase-tools/node_modules/winston-transport/node_modules/readable-stream/lib/_stream_writable.js:428:64)
    at writeOrBuffer (/usr/local/lib/node_modules/firebase-tools/node_modules/winston-transport/node_modules/readable-stream/lib/_stream_writable.js:417:5)
    at Writable.write (/usr/local/lib/node_modules/firebase-tools/node_modules/winston-transport/node_modules/readable-stream/lib/_stream_writable.js:334:11)
    at DerivedLogger.ondata (/usr/local/lib/node_modules/firebase-tools/node_modules/readable-stream/lib/_stream_readable.js:681:20)
    at DerivedLogger.emit (node:events:525:35)
    at DerivedLogger.emit (node:domain:489:12)
    at addChunk (/usr/local/lib/node_modules/firebase-tools/node_modules/readable-stream/lib/_stream_readable.js:298:12)
[error] 
[error] Error: An unexpected error has occurred.
[debug] [2023-02-06T18:47:53.119Z] Error: write EIO
    at afterWriteDispatched (node:internal/stream_base_commons:160:15)
    at writeGeneric (node:internal/stream_base_commons:151:3)
    at Socket._writeGeneric (node:net:917:11)
    at Socket._write (node:net:929:8)
    at writeOrBuffer (node:internal/streams/writable:392:12)
    at _write (node:internal/streams/writable:333:10)
    at Writable.write (node:internal/streams/writable:337:10)
    at Console.log (/usr/local/lib/node_modules/firebase-tools/node_modules/winston/lib/winston/transports/console.js:79:23)
    at Console._write (/usr/local/lib/node_modules/firebase-tools/node_modules/winston-transport/index.js:103:17)
    at doWrite (/usr/local/lib/node_modules/firebase-tools/node_modules/winston-transport/node_modules/readable-stream/lib/_stream_writable.js:428:64)
    at writeOrBuffer (/usr/local/lib/node_modules/firebase-tools/node_modules/winston-transport/node_modules/readable-stream/lib/_stream_writable.js:417:5)
    at Writable.write (/usr/local/lib/node_modules/firebase-tools/node_modules/winston-transport/node_modules/readable-stream/lib/_stream_writable.js:334:11)
    at DerivedLogger.ondata (/usr/local/lib/node_modules/firebase-tools/node_modules/readable-stream/lib/_stream_readable.js:681:20)
    at DerivedLogger.emit (node:events:525:35)
    at DerivedLogger.emit (node:domain:489:12)
    at addChunk (/usr/local/lib/node_modules/firebase-tools/node_modules/readable-stream/lib/_stream_readable.js:298:12)
[error] 
[error] Error: An unexpected error has occurred.
[debug] [2023-02-06T18:47:53.119Z] Error: write EIO
    at afterWriteDispatched (node:internal/stream_base_commons:160:15)
    at writeGeneric (node:internal/stream_base_commons:151:3)
    at Socket._writeGeneric (node:net:917:11)
    at Socket._write (node:net:929:8)
    at writeOrBuffer (node:internal/streams/writable:392:12)
    at _write (node:internal/streams/writable:333:10)
    at Writable.write (node:internal/streams/writable:337:10)
    at Console.log (/usr/local/lib/node_modules/firebase-tools/node_modules/winston/lib/winston/transports/console.js:79:23)
    at Console._write (/usr/local/lib/node_modules/firebase-tools/node_modules/winston-transport/index.js:103:17)
    at doWrite (/usr/local/lib/node_modules/firebase-tools/node_modules/winston-transport/node_modules/readable-stream/lib/_stream_writable.js:428:64)
    at writeOrBuffer (/usr/local/lib/node_modules/firebase-tools/node_modules/winston-transport/node_modules/readable-stream/lib/_stream_writable.js:417:5)
    at Writable.write (/usr/local/lib/node_modules/firebase-tools/node_modules/winston-transport/node_modules/readable-stream/lib/_stream_writable.js:334:11)
    at DerivedLogger.ondata (/usr/local/lib/node_modules/firebase-tools/node_modules/readable-stream/lib/_stream_readable.js:681:20)
    at DerivedLogger.emit (node:events:525:35)
    at DerivedLogger.emit (node:domain:489:12)
    at addChunk (/usr/local/lib/node_modules/firebase-tools/node_modules/readable-stream/lib/_stream_readable.js:298:12)
[error] 
[error] Error: An unexpected error has occurred.
[debug] [2023-02-06T18:47:53.119Z] Error: write EIO
    at afterWriteDispatched (node:internal/stream_base_commons:160:15)
    at writeGeneric (node:internal/stream_base_commons:151:3)
    at Socket._writeGeneric (node:net:917:11)
    at Socket._write (node:net:929:8)
    at writeOrBuffer (node:internal/streams/writable:392:12)
    at _write (node:internal/streams/writable:333:10)
    at Writable.write (node:internal/streams/writable:337:10)
    at Console.log (/usr/local/lib/node_modules/firebase-tools/node_modules/winston/lib/winston/transports/console.js:79:23)
    at Console._write (/usr/local/lib/node_modules/firebase-tools/node_modules/winston-transport/index.js:103:17)
    at doWrite (/usr/local/lib/node_modules/firebase-tools/node_modules/winston-transport/node_modules/readable-stream/lib/_stream_writable.js:428:64)
    at writeOrBuffer (/usr/local/lib/node_modules/firebase-tools/node_modules/winston-transport/node_modules/readable-stream/lib/_stream_writable.js:417:5)
    at Writable.write (/usr/local/lib/node_modules/firebase-tools/node_modules/winston-transport/node_modules/readable-stream/lib/_stream_writable.js:334:11)
    at DerivedLogger.ondata (/usr/local/lib/node_modules/firebase-tools/node_modules/readable-stream/lib/_stream_readable.js:681:20)
    at DerivedLogger.emit (node:events:525:35)
    at DerivedLogger.emit (node:domain:489:12)
    at addChunk (/usr/local/lib/node_modules/firebase-tools/node_modules/readable-stream/lib/_stream_readable.js:298:12)
[error] 
[error] Error: An unexpected error has occurred.
[debug] [2023-02-06T18:47:53.121Z] Error: write EIO
    at afterWriteDispatched (node:internal/stream_base_commons:160:15)
    at writeGeneric (node:internal/stream_base_commons:151:3)
    at Socket._writeGeneric (node:net:917:11)
    at Socket._write (node:net:929:8)
    at writeOrBuffer (node:internal/streams/writable:392:12)
    at _write (node:internal/streams/writable:333:10)
    at Writable.write (node:internal/streams/writable:337:10)
    at Console.log (/usr/local/lib/node_modules/firebase-tools/node_modules/winston/lib/winston/transports/console.js:79:23)
    at Console._write (/usr/local/lib/node_modules/firebase-tools/node_modules/winston-transport/index.js:103:17)
    at doWrite (/usr/local/lib/node_modules/firebase-tools/node_modules/winston-transport/node_modules/readable-stream/lib/_stream_writable.js:428:64)
    at writeOrBuffer (/usr/local/lib/node_modules/firebase-tools/node_modules/winston-transport/node_modules/readable-stream/lib/_stream_writable.js:417:5)
    at Writable.write (/usr/local/lib/node_modules/firebase-tools/node_modules/winston-transport/node_modules/readable-stream/lib/_stream_writable.js:334:11)
    at DerivedLogger.ondata (/usr/local/lib/node_modules/firebase-tools/node_modules/readable-stream/lib/_stream_readable.js:681:20)
    at DerivedLogger.emit (node:events:525:35)
    at DerivedLogger.emit (node:domain:489:12)
    at Readable.read (/usr/local/lib/node_modules/firebase-tools/node_modules/readable-stream/lib/_stream_readable.js:483:26)
[error] 
[error] Error: An unexpected error has occurred.
[debug] [2023-02-06T18:47:53.121Z] Error: write EIO
    at afterWriteDispatched (node:internal/stream_base_commons:160:15)
    at writeGeneric (node:internal/stream_base_commons:151:3)
    at Socket._writeGeneric (node:net:917:11)
    at Socket._write (node:net:929:8)
    at writeOrBuffer (node:internal/streams/writable:392:12)
    at _write (node:internal/streams/writable:333:10)
    at Writable.write (node:internal/streams/writable:337:10)
    at Console.log (/usr/local/lib/node_modules/firebase-tools/node_modules/winston/lib/winston/transports/console.js:79:23)
    at Console._write (/usr/local/lib/node_modules/firebase-tools/node_modules/winston-transport/index.js:103:17)
    at doWrite (/usr/local/lib/node_modules/firebase-tools/node_modules/winston-transport/node_modules/readable-stream/lib/_stream_writable.js:428:64)
    at writeOrBuffer (/usr/local/lib/node_modules/firebase-tools/node_modules/winston-transport/node_modules/readable-stream/lib/_stream_writable.js:417:5)
    at Writable.write (/usr/local/lib/node_modules/firebase-tools/node_modules/winston-transport/node_modules/readable-stream/lib/_stream_writable.js:334:11)
    at DerivedLogger.ondata (/usr/local/lib/node_modules/firebase-tools/node_modules/readable-stream/lib/_stream_readable.js:681:20)
    at DerivedLogger.emit (node:events:525:35)
    at DerivedLogger.emit (node:domain:489:12)
    at addChunk (/usr/local/lib/node_modules/firebase-tools/node_modules/readable-stream/lib/_stream_readable.js:298:12)
[error] 
[error] Error: An unexpected error has occurred.
[debug] [2023-02-06T18:47:53.121Z] Error: write EIO
    at afterWriteDispatched (node:internal/stream_base_commons:160:15)
    at writeGeneric (node:internal/stream_base_commons:151:3)
    at Socket._writeGeneric (node:net:917:11)
    at Socket._write (node:net:929:8)
    at writeOrBuffer (node:internal/streams/writable:392:12)
    at _write (node:internal/streams/writable:333:10)
    at Writable.write (node:internal/streams/writable:337:10)
    at Console.log (/usr/local/lib/node_modules/firebase-tools/node_modules/winston/lib/winston/transports/console.js:79:23)
    at Console._write (/usr/local/lib/node_modules/firebase-tools/node_modules/winston-transport/index.js:103:17)
    at doWrite (/usr/local/lib/node_modules/firebase-tools/node_modules/winston-transport/node_modules/readable-stream/lib/_stream_writable.js:428:64)
    at writeOrBuffer (/usr/local/lib/node_modules/firebase-tools/node_modules/winston-transport/node_modules/readable-stream/lib/_stream_writable.js:417:5)
    at Writable.write (/usr/local/lib/node_modules/firebase-tools/node_modules/winston-transport/node_modules/readable-stream/lib/_stream_writable.js:334:11)
    at DerivedLogger.ondata (/usr/local/lib/node_modules/firebase-tools/node_modules/readable-stream/lib/_stream_readable.js:681:20)
    at DerivedLogger.emit (node:events:525:35)
    at DerivedLogger.emit (node:domain:489:12)
    at addChunk (/usr/local/lib/node_modules/firebase-tools/node_modules/readable-stream/lib/_stream_readable.js:298:12)
[error] 
[error] Error: An unexpected error has occurred.
[debug] [2023-02-06T18:47:53.121Z] Error: write EIO
    at afterWriteDispatched (node:internal/stream_base_commons:160:15)
    at writeGeneric (node:internal/stream_base_commons:151:3)
    at Socket._writeGeneric (node:net:917:11)
    at Socket._write (node:net:929:8)
    at writeOrBuffer (node:internal/streams/writable:392:12)
    at _write (node:internal/streams/writable:333:10)
    at Writable.write (node:internal/streams/writable:337:10)
    at Console.log (/usr/local/lib/node_modules/firebase-tools/node_modules/winston/lib/winston/transports/console.js:79:23)
    at Console._write (/usr/local/lib/node_modules/firebase-tools/node_modules/winston-transport/index.js:103:17)
    at doWrite (/usr/local/lib/node_modules/firebase-tools/node_modules/winston-transport/node_modules/readable-stream/lib/_stream_writable.js:428:64)
    at writeOrBuffer (/usr/local/lib/node_modules/firebase-tools/node_modules/winston-transport/node_modules/readable-stream/lib/_stream_writable.js:417:5)
    at Writable.write (/usr/local/lib/node_modules/firebase-tools/node_modules/winston-transport/node_modules/readable-stream/lib/_stream_writable.js:334:11)
    at DerivedLogger.ondata (/usr/local/lib/node_modules/firebase-tools/node_modules/readable-stream/lib/_stream_readable.js:681:20)
    at DerivedLogger.emit (node:events:525:35)
    at DerivedLogger.emit (node:domain:489:12)
    at addChunk (/usr/local/lib/node_modules/firebase-tools/node_modules/readable-stream/lib/_stream_readable.js:298:12)
[error] 
[error] Error: An unexpected error has occurred.
[debug] [2023-02-06T18:47:53.121Z] Error: write EIO
    at afterWriteDispatched (node:internal/stream_base_commons:160:15)
    at writeGeneric (node:internal/stream_base_commons:151:3)
    at Socket._writeGeneric (node:net:917:11)
    at Socket._write (node:net:929:8)
    at writeOrBuffer (node:internal/streams/writable:392:12)
    at _write (node:internal/streams/writable:333:10)
    at Writable.write (node:internal/streams/writable:337:10)
    at Console.log (/usr/local/lib/node_modules/firebase-tools/node_modules/winston/lib/winston/transports/console.js:79:23)
    at Console._write (/usr/local/lib/node_modules/firebase-tools/node_modules/winston-transport/index.js:103:17)
    at doWrite (/usr/local/lib/node_modules/firebase-tools/node_modules/winston-transport/node_modules/readable-stream/lib/_stream_writable.js:428:64)
    at writeOrBuffer (/usr/local/lib/node_modules/firebase-tools/node_modules/winston-transport/node_modules/readable-stream/lib/_stream_writable.js:417:5)
    at Writable.write (/usr/local/lib/node_modules/firebase-tools/node_modules/winston-transport/node_modules/readable-stream/lib/_stream_writable.js:334:11)
    at DerivedLogger.ondata (/usr/local/lib/node_modules/firebase-tools/node_modules/readable-stream/lib/_stream_readable.js:681:20)
    at DerivedLogger.emit (node:events:525:35)
    at DerivedLogger.emit (node:domain:489:12)
    at addChunk (/usr/local/lib/node_modules/firebase-tools/node_modules/readable-stream/lib/_stream_readable.js:298:12)
[error] 
[error] Error: An unexpected error has occurred.
[debug] [2023-02-06T18:47:53.121Z] Error: write EIO
    at afterWriteDispatched (node:internal/stream_base_commons:160:15)
    at writeGeneric (node:internal/stream_base_commons:151:3)
    at Socket._writeGeneric (node:net:917:11)
    at Socket._write (node:net:929:8)
    at writeOrBuffer (node:internal/streams/writable:392:12)
    at _write (node:internal/streams/writable:333:10)
    at Writable.write (node:internal/streams/writable:337:10)
    at Console.log (/usr/local/lib/node_modules/firebase-tools/node_modules/winston/lib/winston/transports/console.js:79:23)
    at Console._write (/usr/local/lib/node_modules/firebase-tools/node_modules/winston-transport/index.js:103:17)
    at doWrite (/usr/local/lib/node_modules/firebase-tools/node_modules/winston-transport/node_modules/readable-stream/lib/_stream_writable.js:428:64)
    at writeOrBuffer (/usr/local/lib/node_modules/firebase-tools/node_modules/winston-transport/node_modules/readable-stream/lib/_stream_writable.js:417:5)
    at Writable.write (/usr/local/lib/node_modules/firebase-tools/node_modules/winston-transport/node_modules/readable-stream/lib/_stream_writable.js:334:11)
    at DerivedLogger.ondata (/usr/local/lib/node_modules/firebase-tools/node_modules/readable-stream/lib/_stream_readable.js:681:20)
    at DerivedLogger.emit (node:events:525:35)
    at DerivedLogger.emit (node:domain:489:12)
    at addChunk (/usr/local/lib/node_modules/firebase-tools/node_modules/readable-stream/lib/_stream_readable.js:298:12)
[error] 
[error] Error: An unexpected error has occurred.
[debug] [2023-02-06T18:47:53.121Z] Error: write EIO
    at afterWriteDispatched (node:internal/stream_base_commons:160:15)
    at writeGeneric (node:internal/stream_base_commons:151:3)
    at Socket._writeGeneric (node:net:917:11)
    at Socket._write (node:net:929:8)
    at writeOrBuffer (node:internal/streams/writable:392:12)
    at _write (node:internal/streams/writable:333:10)
    at Writable.write (node:internal/streams/writable:337:10)
    at Console.log (/usr/local/lib/node_modules/firebase-tools/node_modules/winston/lib/winston/transports/console.js:79:23)
    at Console._write (/usr/local/lib/node_modules/firebase-tools/node_modules/winston-transport/index.js:103:17)
    at doWrite (/usr/local/lib/node_modules/firebase-tools/node_modules/winston-transport/node_modules/readable-stream/lib/_stream_writable.js:428:64)
    at writeOrBuffer (/usr/local/lib/node_modules/firebase-tools/node_modules/winston-transport/node_modules/readable-stream/lib/_stream_writable.js:417:5)
    at Writable.write (/usr/local/lib/node_modules/firebase-tools/node_modules/winston-transport/node_modules/readable-stream/lib/_stream_writable.js:334:11)
    at DerivedLogger.ondata (/usr/local/lib/node_modules/firebase-tools/node_modules/readable-stream/lib/_stream_readable.js:681:20)
    at DerivedLogger.emit (node:events:525:35)
    at DerivedLogger.emit (node:domain:489:12)
    at addChunk (/usr/local/lib/node_modules/firebase-tools/node_modules/readable-stream/lib/_stream_readable.js:298:12)
[error] 
[error] Error: An unexpected error has occurred.
[debug] [2023-02-06T18:47:53.121Z] Error: write EIO
    at afterWriteDispatched (node:internal/stream_base_commons:160:15)
    at writeGeneric (node:internal/stream_base_commons:151:3)
    at Socket._writeGeneric (node:net:917:11)
    at Socket._write (node:net:929:8)
    at writeOrBuffer (node:internal/streams/writable:392:12)
    at _write (node:internal/streams/writable:333:10)
    at Writable.write (node:internal/streams/writable:337:10)
    at Console.log (/usr/local/lib/node_modules/firebase-tools/node_modules/winston/lib/winston/transports/console.js:79:23)
    at Console._write (/usr/local/lib/node_modules/firebase-tools/node_modules/winston-transport/index.js:103:17)
    at doWrite (/usr/local/lib/node_modules/firebase-tools/node_modules/winston-transport/node_modules/readable-stream/lib/_stream_writable.js:428:64)
    at writeOrBuffer (/usr/local/lib/node_modules/firebase-tools/node_modules/winston-transport/node_modules/readable-stream/lib/_stream_writable.js:417:5)
    at Writable.write (/usr/local/lib/node_modules/firebase-tools/node_modules/winston-transport/node_modules/readable-stream/lib/_stream_writable.js:334:11)
    at DerivedLogger.ondata (/usr/local/lib/node_modules/firebase-tools/node_modules/readable-stream/lib/_stream_readable.js:681:20)
    at DerivedLogger.emit (node:events:525:35)
    at DerivedLogger.emit (node:domain:489:12)
    at addChunk (/usr/local/lib/node_modules/firebase-tools/node_modules/readable-stream/lib/_stream_readable.js:298:12)
[error] 
[error] Error: An unexpected error has occurred.
[debug] [2023-02-06T18:47:53.121Z] Error: write EIO
    at afterWriteDispatched (node:internal/stream_base_commons:160:15)
    at writeGeneric (node:internal/stream_base_commons:151:3)
    at Socket._writeGeneric (node:net:917:11)
    at Socket._write (node:net:929:8)
    at writeOrBuffer (node:internal/streams/writable:392:12)
    at _write (node:internal/streams/writable:333:10)
    at Writable.write (node:internal/streams/writable:337:10)
    at Console.log (/usr/local/lib/node_modules/firebase-tools/node_modules/winston/lib/winston/transports/console.js:79:23)
    at Console._write (/usr/local/lib/node_modules/firebase-tools/node_modules/winston-transport/index.js:103:17)
    at doWrite (/usr/local/lib/node_modules/firebase-tools/node_modules/winston-transport/node_modules/readable-stream/lib/_stream_writable.js:428:64)
    at writeOrBuffer (/usr/local/lib/node_modules/firebase-tools/node_modules/winston-transport/node_modules/readable-stream/lib/_stream_writable.js:417:5)
    at Writable.write (/usr/local/lib/node_modules/firebase-tools/node_modules/winston-transport/node_modules/readable-stream/lib/_stream_writable.js:334:11)
    at DerivedLogger.ondata (/usr/local/lib/node_modules/firebase-tools/node_modules/readable-stream/lib/_stream_readable.js:681:20)
    at DerivedLogger.emit (node:events:525:35)
    at DerivedLogger.emit (node:domain:489:12)
    at addChunk (/usr/local/lib/node_modules/firebase-tools/node_modules/readable-stream/lib/_stream_readable.js:298:12)
[error] 
[error] Error: An unexpected error has occurred.
[debug] [2023-02-06T18:47:53.122Z] Error: write EIO
    at afterWriteDispatched (node:internal/stream_base_commons:160:15)
    at writeGeneric (node:internal/stream_base_commons:151:3)
    at Socket._writeGeneric (node:net:917:11)
    at Socket._write (node:net:929:8)
    at writeOrBuffer (node:internal/streams/writable:392:12)
    at _write (node:internal/streams/writable:333:10)
    at Writable.write (node:internal/streams/writable:337:10)
    at Console.log (/usr/local/lib/node_modules/firebase-tools/node_modules/winston/lib/winston/transports/console.js:79:23)
    at Console._write (/usr/local/lib/node_modules/firebase-tools/node_modules/winston-transport/index.js:103:17)
    at doWrite (/usr/local/lib/node_modules/firebase-tools/node_modules/winston-transport/node_modules/readable-stream/lib/_stream_writable.js:428:64)
    at writeOrBuffer (/usr/local/lib/node_modules/firebase-tools/node_modules/winston-transport/node_modules/readable-stream/lib/_stream_writable.js:417:5)
    at Writable.write (/usr/local/lib/node_modules/firebase-tools/node_modules/winston-transport/node_modules/readable-stream/lib/_stream_writable.js:334:11)
    at DerivedLogger.ondata (/usr/local/lib/node_modules/firebase-tools/node_modules/readable-stream/lib/_stream_readable.js:681:20)
    at DerivedLogger.emit (node:events:525:35)
    at DerivedLogger.emit (node:domain:489:12)
    at addChunk (/usr/local/lib/node_modules/firebase-tools/node_modules/readable-stream/lib/_stream_readable.js:298:12)
[error] 
[error] Error: An unexpected error has occurred.
[debug] [2023-02-06T18:47:53.122Z] Error: write EIO
    at afterWriteDispatched (node:internal/stream_base_commons:160:15)
    at writeGeneric (node:internal/stream_base_commons:151:3)
    at Socket._writeGeneric (node:net:917:11)
    at Socket._write (node:net:929:8)
    at writeOrBuffer (node:internal/streams/writable:392:12)
    at _write (node:internal/streams/writable:333:10)
    at Writable.write (node:internal/streams/writable:337:10)
    at Console.log (/usr/local/lib/node_modules/firebase-tools/node_modules/winston/lib/winston/transports/console.js:79:23)
    at Console._write (/usr/local/lib/node_modules/firebase-tools/node_modules/winston-transport/index.js:103:17)
    at doWrite (/usr/local/lib/node_modules/firebase-tools/node_modules/winston-transport/node_modules/readable-stream/lib/_stream_writable.js:428:64)
    at writeOrBuffer (/usr/local/lib/node_modules/firebase-tools/node_modules/winston-transport/node_modules/readable-stream/lib/_stream_writable.js:417:5)
    at Writable.write (/usr/local/lib/node_modules/firebase-tools/node_modules/winston-transport/node_modules/readable-stream/lib/_stream_writable.js:334:11)
    at DerivedLogger.ondata (/usr/local/lib/node_modules/firebase-tools/node_modules/readable-stream/lib/_stream_readable.js:681:20)
    at DerivedLogger.emit (node:events:525:35)
    at DerivedLogger.emit (node:domain:489:12)
    at addChunk (/usr/local/lib/node_modules/firebase-tools/node_modules/readable-stream/lib/_stream_readable.js:298:12)
[error] 
[error] Error: An unexpected error has occurred.
[debug] [2023-02-06T18:47:53.122Z] Error: write EIO
    at afterWriteDispatched (node:internal/stream_base_commons:160:15)
    at writeGeneric (node:internal/stream_base_commons:151:3)
    at Socket._writeGeneric (node:net:917:11)
    at Socket._write (node:net:929:8)
    at writeOrBuffer (node:internal/streams/writable:392:12)
    at _write (node:internal/streams/writable:333:10)
    at Writable.write (node:internal/streams/writable:337:10)
    at Console.log (/usr/local/lib/node_modules/firebase-tools/node_modules/winston/lib/winston/transports/console.js:79:23)
    at Console._write (/usr/local/lib/node_modules/firebase-tools/node_modules/winston-transport/index.js:103:17)
    at doWrite (/usr/local/lib/node_modules/firebase-tools/node_modules/winston-transport/node_modules/readable-stream/lib/_stream_writable.js:428:64)
    at writeOrBuffer (/usr/local/lib/node_modules/firebase-tools/node_modules/winston-transport/node_modules/readable-stream/lib/_stream_writable.js:417:5)
    at Writable.write (/usr/local/lib/node_modules/firebase-tools/node_modules/winston-transport/node_modules/readable-stream/lib/_stream_writable.js:334:11)
    at DerivedLogger.ondata (/usr/local/lib/node_modules/firebase-tools/node_modules/readable-stream/lib/_stream_readable.js:681:20)
    at DerivedLogger.emit (node:events:525:35)
    at DerivedLogger.emit (node:domain:489:12)
    at Readable.read (/usr/local/lib/node_modules/firebase-tools/node_modules/readable-stream/lib/_stream_readable.js:483:26)
[error] 
[error] Error: An unexpected error has occurred.
[debug] [2023-02-06T18:47:53.122Z] Error: write EIO
    at afterWriteDispatched (node:internal/stream_base_commons:160:15)
    at writeGeneric (node:internal/stream_base_commons:151:3)
    at Socket._writeGeneric (node:net:917:11)
    at Socket._write (node:net:929:8)
    at writeOrBuffer (node:internal/streams/writable:392:12)
    at _write (node:internal/streams/writable:333:10)
    at Writable.write (node:internal/streams/writable:337:10)
    at Console.log (/usr/local/lib/node_modules/firebase-tools/node_modules/winston/lib/winston/transports/console.js:79:23)
    at Console._write (/usr/local/lib/node_modules/firebase-tools/node_modules/winston-transport/index.js:103:17)
    at doWrite (/usr/local/lib/node_modules/firebase-tools/node_modules/winston-transport/node_modules/readable-stream/lib/_stream_writable.js:428:64)
    at writeOrBuffer (/usr/local/lib/node_modules/firebase-tools/node_modules/winston-transport/node_modules/readable-stream/lib/_stream_writable.js:417:5)
    at Writable.write (/usr/local/lib/node_modules/firebase-tools/node_modules/winston-transport/node_modules/readable-stream/lib/_stream_writable.js:334:11)
    at DerivedLogger.ondata (/usr/local/lib/node_modules/firebase-tools/node_modules/readable-stream/lib/_stream_readable.js:681:20)
    at DerivedLogger.emit (node:events:525:35)
    at DerivedLogger.emit (node:domain:489:12)
    at addChunk (/usr/local/lib/node_modules/firebase-tools/node_modules/readable-stream/lib/_stream_readable.js:298:12)
[error] 
[error] Error: An unexpected error has occurred.
[debug] [2023-02-06T18:47:53.122Z] Error: write EIO
    at afterWriteDispatched (node:internal/stream_base_commons:160:15)
    at writeGeneric (node:internal/stream_base_commons:151:3)
    at Socket._writeGeneric (node:net:917:11)
    at Socket._write (node:net:929:8)
    at writeOrBuffer (node:internal/streams/writable:392:12)
    at _write (node:internal/streams/writable:333:10)
    at Writable.write (node:internal/streams/writable:337:10)
    at Console.log (/usr/local/lib/node_modules/firebase-tools/node_modules/winston/lib/winston/transports/console.js:79:23)
    at Console._write (/usr/local/lib/node_modules/firebase-tools/node_modules/winston-transport/index.js:103:17)
    at doWrite (/usr/local/lib/node_modules/firebase-tools/node_modules/winston-transport/node_modules/readable-stream/lib/_stream_writable.js:428:64)
    at writeOrBuffer (/usr/local/lib/node_modules/firebase-tools/node_modules/winston-transport/node_modules/readable-stream/lib/_stream_writable.js:417:5)
    at Writable.write (/usr/local/lib/node_modules/firebase-tools/node_modules/winston-transport/node_modules/readable-stream/lib/_stream_writable.js:334:11)
    at DerivedLogger.ondata (/usr/local/lib/node_modules/firebase-tools/node_modules/readable-stream/lib/_stream_readable.js:681:20)
    at DerivedLogger.emit (node:events:525:35)
    at DerivedLogger.emit (node:domain:489:12)
    at addChunk (/usr/local/lib/node_modules/firebase-tools/node_modules/readable-stream/lib/_stream_readable.js:298:12)
[error] 
[error] Error: An unexpected error has occurred.
[debug] [2023-02-06T18:47:53.122Z] Error: write EIO
    at afterWriteDispatched (node:internal/stream_base_commons:160:15)
    at writeGeneric (node:internal/stream_base_commons:151:3)
    at Socket._writeGeneric (node:net:917:11)
    at Socket._write (node:net:929:8)
    at writeOrBuffer (node:internal/streams/writable:392:12)
    at _write (node:internal/streams/writable:333:10)
    at Writable.write (node:internal/streams/writable:337:10)
    at Console.log (/usr/local/lib/node_modules/firebase-tools/node_modules/winston/lib/winston/transports/console.js:79:23)
    at Console._write (/usr/local/lib/node_modules/firebase-tools/node_modules/winston-transport/index.js:103:17)
    at doWrite (/usr/local/lib/node_modules/firebase-tools/node_modules/winston-transport/node_modules/readable-stream/lib/_stream_writable.js:428:64)
    at writeOrBuffer (/usr/local/lib/node_modules/firebase-tools/node_modules/winston-transport/node_modules/readable-stream/lib/_stream_writable.js:417:5)
    at Writable.write (/usr/local/lib/node_modules/firebase-tools/node_modules/winston-transport/node_modules/readable-stream/lib/_stream_writable.js:334:11)
    at DerivedLogger.ondata (/usr/local/lib/node_modules/firebase-tools/node_modules/readable-stream/lib/_stream_readable.js:681:20)
    at DerivedLogger.emit (node:events:525:35)
    at DerivedLogger.emit (node:domain:489:12)
    at addChunk (/usr/local/lib/node_modules/firebase-tools/node_modules/readable-stream/lib/_stream_readable.js:298:12)
[error] 
[error] Error: An unexpected error has occurred.
[debug] [2023-02-06T18:47:53.123Z] Error: write EIO
    at afterWriteDispatched (node:internal/stream_base_commons:160:15)
    at writeGeneric (node:internal/stream_base_commons:151:3)
    at Socket._writeGeneric (node:net:917:11)
    at Socket._write (node:net:929:8)
    at writeOrBuffer (node:internal/streams/writable:392:12)
    at _write (node:internal/streams/writable:333:10)
    at Writable.write (node:internal/streams/writable:337:10)
    at Console.log (/usr/local/lib/node_modules/firebase-tools/node_modules/winston/lib/winston/transports/console.js:79:23)
    at Console._write (/usr/local/lib/node_modules/firebase-tools/node_modules/winston-transport/index.js:103:17)
    at doWrite (/usr/local/lib/node_modules/firebase-tools/node_modules/winston-transport/node_modules/readable-stream/lib/_stream_writable.js:428:64)
    at writeOrBuffer (/usr/local/lib/node_modules/firebase-tools/node_modules/winston-transport/node_modules/readable-stream/lib/_stream_writable.js:417:5)
    at Writable.write (/usr/local/lib/node_modules/firebase-tools/node_modules/winston-transport/node_modules/readable-stream/lib/_stream_writable.js:334:11)
    at DerivedLogger.ondata (/usr/local/lib/node_modules/firebase-tools/node_modules/readable-stream/lib/_stream_readable.js:681:20)
    at DerivedLogger.emit (node:events:525:35)
    at DerivedLogger.emit (node:domain:489:12)
    at addChunk (/usr/local/lib/node_modules/firebase-tools/node_modules/readable-stream/lib/_stream_readable.js:298:12)
[error] 
[error] Error: An unexpected error has occurred.
[debug] [2023-02-06T18:47:53.123Z] Error: write EIO
    at afterWriteDispatched (node:internal/stream_base_commons:160:15)
    at writeGeneric (node:internal/stream_base_commons:151:3)
    at Socket._writeGeneric (node:net:917:11)
    at Socket._write (node:net:929:8)
    at writeOrBuffer (node:internal/streams/writable:392:12)
    at _write (node:internal/streams/writable:333:10)
    at Writable.write (node:internal/streams/writable:337:10)
    at Console.log (/usr/local/lib/node_modules/firebase-tools/node_modules/winston/lib/winston/transports/console.js:79:23)
    at Console._write (/usr/local/lib/node_modules/firebase-tools/node_modules/winston-transport/index.js:103:17)
    at doWrite (/usr/local/lib/node_modules/firebase-tools/node_modules/winston-transport/node_modules/readable-stream/lib/_stream_writable.js:428:64)
    at writeOrBuffer (/usr/local/lib/node_modules/firebase-tools/node_modules/winston-transport/node_modules/readable-stream/lib/_stream_writable.js:417:5)
    at Writable.write (/usr/local/lib/node_modules/firebase-tools/node_modules/winston-transport/node_modules/readable-stream/lib/_stream_writable.js:334:11)
    at DerivedLogger.ondata (/usr/local/lib/node_modules/firebase-tools/node_modules/readable-stream/lib/_stream_readable.js:681:20)
    at DerivedLogger.emit (node:events:525:35)
    at DerivedLogger.emit (node:domain:489:12)
    at addChunk (/usr/local/lib/node_modules/firebase-tools/node_modules/readable-stream/lib/_stream_readable.js:298:12)
[error] 
[error] Error: An unexpected error has occurred.
[debug] [2023-02-06T18:47:53.123Z] Error: write EIO
    at afterWriteDispatched (node:internal/stream_base_commons:160:15)
    at writeGeneric (node:internal/stream_base_commons:151:3)
    at Socket._writeGeneric (node:net:917:11)
    at Socket._write (node:net:929:8)
    at writeOrBuffer (node:internal/streams/writable:392:12)
    at _write (node:internal/streams/writable:333:10)
    at Writable.write (node:internal/streams/writable:337:10)
    at Console.log (/usr/local/lib/node_modules/firebase-tools/node_modules/winston/lib/winston/transports/console.js:79:23)
    at Console._write (/usr/local/lib/node_modules/firebase-tools/node_modules/winston-transport/index.js:103:17)
    at doWrite (/usr/local/lib/node_modules/firebase-tools/node_modules/winston-transport/node_modules/readable-stream/lib/_stream_writable.js:428:64)
    at writeOrBuffer (/usr/local/lib/node_modules/firebase-tools/node_modules/winston-transport/node_modules/readable-stream/lib/_stream_writable.js:417:5)
    at Writable.write (/usr/local/lib/node_modules/firebase-tools/node_modules/winston-transport/node_modules/readable-stream/lib/_stream_writable.js:334:11)
    at DerivedLogger.ondata (/usr/local/lib/node_modules/firebase-tools/node_modules/readable-stream/lib/_stream_readable.js:681:20)
    at DerivedLogger.emit (node:events:525:35)
    at DerivedLogger.emit (node:domain:489:12)
    at addChunk (/usr/local/lib/node_modules/firebase-tools/node_modules/readable-stream/lib/_stream_readable.js:298:12)
[error] 
[error] Error: An unexpected error has occurred.
[debug] [2023-02-06T18:47:53.123Z] Error: write EIO
    at afterWriteDispatched (node:internal/stream_base_commons:160:15)
    at writeGeneric (node:internal/stream_base_commons:151:3)
    at Socket._writeGeneric (node:net:917:11)
    at Socket._write (node:net:929:8)
    at writeOrBuffer (node:internal/streams/writable:392:12)
    at _write (node:internal/streams/writable:333:10)
    at Writable.write (node:internal/streams/writable:337:10)
    at Console.log (/usr/local/lib/node_modules/firebase-tools/node_modules/winston/lib/winston/transports/console.js:79:23)
    at Console._write (/usr/local/lib/node_modules/firebase-tools/node_modules/winston-transport/index.js:103:17)
    at doWrite (/usr/local/lib/node_modules/firebase-tools/node_modules/winston-transport/node_modules/readable-stream/lib/_stream_writable.js:428:64)
    at writeOrBuffer (/usr/local/lib/node_modules/firebase-tools/node_modules/winston-transport/node_modules/readable-stream/lib/_stream_writable.js:417:5)
    at Writable.write (/usr/local/lib/node_modules/firebase-tools/node_modules/winston-transport/node_modules/readable-stream/lib/_stream_writable.js:334:11)
    at DerivedLogger.ondata (/usr/local/lib/node_modules/firebase-tools/node_modules/readable-stream/lib/_stream_readable.js:681:20)
    at DerivedLogger.emit (node:events:525:35)
    at DerivedLogger.emit (node:domain:489:12)
    at addChunk (/usr/local/lib/node_modules/firebase-tools/node_modules/readable-stream/lib/_stream_readable.js:298:12)
[error] 
[error] Error: An unexpected error has occurred.
[debug] [2023-02-06T18:47:53.123Z] Error: write EIO
    at afterWriteDispatched (node:internal/stream_base_commons:160:15)
    at writeGeneric (node:internal/stream_base_commons:151:3)
    at Socket._writeGeneric (node:net:917:11)
    at Socket._write (node:net:929:8)
    at writeOrBuffer (node:internal/streams/writable:392:12)
    at _write (node:internal/streams/writable:333:10)
    at Writable.write (node:internal/streams/writable:337:10)
    at Console.log (/usr/local/lib/node_modules/firebase-tools/node_modules/winston/lib/winston/transports/console.js:79:23)
    at Console._write (/usr/local/lib/node_modules/firebase-tools/node_modules/winston-transport/index.js:103:17)
    at doWrite (/usr/local/lib/node_modules/firebase-tools/node_modules/winston-transport/node_modules/readable-stream/lib/_stream_writable.js:428:64)
    at writeOrBuffer (/usr/local/lib/node_modules/firebase-tools/node_modules/winston-transport/node_modules/readable-stream/lib/_stream_writable.js:417:5)
    at Writable.write (/usr/local/lib/node_modules/firebase-tools/node_modules/winston-transport/node_modules/readable-stream/lib/_stream_writable.js:334:11)
    at DerivedLogger.ondata (/usr/local/lib/node_modules/firebase-tools/node_modules/readable-stream/lib/_stream_readable.js:681:20)
    at DerivedLogger.emit (node:events:525:35)
    at DerivedLogger.emit (node:domain:489:12)
    at addChunk (/usr/local/lib/node_modules/firebase-tools/node_modules/readable-stream/lib/_stream_readable.js:298:12)
[error] 
[error] Error: An unexpected error has occurred.
[debug] [2023-02-06T18:47:53.123Z] Error: write EIO
    at afterWriteDispatched (node:internal/stream_base_commons:160:15)
    at writeGeneric (node:internal/stream_base_commons:151:3)
    at Socket._writeGeneric (node:net:917:11)
    at Socket._write (node:net:929:8)
    at writeOrBuffer (node:internal/streams/writable:392:12)
    at _write (node:internal/streams/writable:333:10)
    at Writable.write (node:internal/streams/writable:337:10)
    at Console.log (/usr/local/lib/node_modules/firebase-tools/node_modules/winston/lib/winston/transports/console.js:79:23)
    at Console._write (/usr/local/lib/node_modules/firebase-tools/node_modules/winston-transport/index.js:103:17)
    at doWrite (/usr/local/lib/node_modules/firebase-tools/node_modules/winston-transport/node_modules/readable-stream/lib/_stream_writable.js:428:64)
    at writeOrBuffer (/usr/local/lib/node_modules/firebase-tools/node_modules/winston-transport/node_modules/readable-stream/lib/_stream_writable.js:417:5)
    at Writable.write (/usr/local/lib/node_modules/firebase-tools/node_modules/winston-transport/node_modules/readable-stream/lib/_stream_writable.js:334:11)
    at DerivedLogger.ondata (/usr/local/lib/node_modules/firebase-tools/node_modules/readable-stream/lib/_stream_readable.js:681:20)
    at DerivedLogger.emit (node:events:525:35)
    at DerivedLogger.emit (node:domain:489:12)
    at addChunk (/usr/local/lib/node_modules/firebase-tools/node_modules/readable-stream/lib/_stream_readable.js:298:12)
[error] 
[error] Error: An unexpected error has occurred.
[debug] [2023-02-06T18:47:53.123Z] Error: write EIO
    at afterWriteDispatched (node:internal/stream_base_commons:160:15)
    at writeGeneric (node:internal/stream_base_commons:151:3)
    at Socket._writeGeneric (node:net:917:11)
    at Socket._write (node:net:929:8)
    at writeOrBuffer (node:internal/streams/writable:392:12)
    at _write (node:internal/streams/writable:333:10)
    at Writable.write (node:internal/streams/writable:337:10)
    at Console.log (/usr/local/lib/node_modules/firebase-tools/node_modules/winston/lib/winston/transports/console.js:79:23)
    at Console._write (/usr/local/lib/node_modules/firebase-tools/node_modules/winston-transport/index.js:103:17)
    at doWrite (/usr/local/lib/node_modules/firebase-tools/node_modules/winston-transport/node_modules/readable-stream/lib/_stream_writable.js:428:64)
    at writeOrBuffer (/usr/local/lib/node_modules/firebase-tools/node_modules/winston-transport/node_modules/readable-stream/lib/_stream_writable.js:417:5)
    at Writable.write (/usr/local/lib/node_modules/firebase-tools/node_modules/winston-transport/node_modules/readable-stream/lib/_stream_writable.js:334:11)
    at DerivedLogger.ondata (/usr/local/lib/node_modules/firebase-tools/node_modules/readable-stream/lib/_stream_readable.js:681:20)
    at DerivedLogger.emit (node:events:525:35)
    at DerivedLogger.emit (node:domain:489:12)
    at addChunk (/usr/local/lib/node_modules/firebase-tools/node_modules/readable-stream/lib/_stream_readable.js:298:12)
[error] 
[error] Error: An unexpected error has occurred.
[debug] [2023-02-06T18:47:53.124Z] Error: write EIO
    at afterWriteDispatched (node:internal/stream_base_commons:160:15)
    at writeGeneric (node:internal/stream_base_commons:151:3)
    at Socket._writeGeneric (node:net:917:11)
    at Socket._write (node:net:929:8)
    at writeOrBuffer (node:internal/streams/writable:392:12)
    at _write (node:internal/streams/writable:333:10)
    at Writable.write (node:internal/streams/writable:337:10)
    at Console.log (/usr/local/lib/node_modules/firebase-tools/node_modules/winston/lib/winston/transports/console.js:79:23)
    at Console._write (/usr/local/lib/node_modules/firebase-tools/node_modules/winston-transport/index.js:103:17)
    at doWrite (/usr/local/lib/node_modules/firebase-tools/node_modules/winston-transport/node_modules/readable-stream/lib/_stream_writable.js:428:64)
    at writeOrBuffer (/usr/local/lib/node_modules/firebase-tools/node_modules/winston-transport/node_modules/readable-stream/lib/_stream_writable.js:417:5)
    at Writable.write (/usr/local/lib/node_modules/firebase-tools/node_modules/winston-transport/node_modules/readable-stream/lib/_stream_writable.js:334:11)
    at DerivedLogger.ondata (/usr/local/lib/node_modules/firebase-tools/node_modules/readable-stream/lib/_stream_readable.js:681:20)
    at DerivedLogger.emit (node:events:525:35)
    at DerivedLogger.emit (node:domain:489:12)
    at Readable.read (/usr/local/lib/node_modules/firebase-tools/node_modules/readable-stream/lib/_stream_readable.js:483:26)
[error] 
[error] Error: An unexpected error has occurred.
[debug] [2023-02-06T18:47:53.124Z] Error: write EIO
    at afterWriteDispatched (node:internal/stream_base_commons:160:15)
    at writeGeneric (node:internal/stream_base_commons:151:3)
    at Socket._writeGeneric (node:net:917:11)
    at Socket._write (node:net:929:8)
    at writeOrBuffer (node:internal/streams/writable:392:12)
    at _write (node:internal/streams/writable:333:10)
    at Writable.write (node:internal/streams/writable:337:10)
    at Console.log (/usr/local/lib/node_modules/firebase-tools/node_modules/winston/lib/winston/transports/console.js:79:23)
    at Console._write (/usr/local/lib/node_modules/firebase-tools/node_modules/winston-transport/index.js:103:17)
    at doWrite (/usr/local/lib/node_modules/firebase-tools/node_modules/winston-transport/node_modules/readable-stream/lib/_stream_writable.js:428:64)
    at writeOrBuffer (/usr/local/lib/node_modules/firebase-tools/node_modules/winston-transport/node_modules/readable-stream/lib/_stream_writable.js:417:5)
    at Writable.write (/usr/local/lib/node_modules/firebase-tools/node_modules/winston-transport/node_modules/readable-stream/lib/_stream_writable.js:334:11)
    at DerivedLogger.ondata (/usr/local/lib/node_modules/firebase-tools/node_modules/readable-stream/lib/_stream_readable.js:681:20)
    at DerivedLogger.emit (node:events:525:35)
    at DerivedLogger.emit (node:domain:489:12)
    at addChunk (/usr/local/lib/node_modules/firebase-tools/node_modules/readable-stream/lib/_stream_readable.js:298:12)
[error] 
[error] Error: An unexpected error has occurred.
[debug] [2023-02-06T18:47:53.124Z] Error: write EIO
    at afterWriteDispatched (node:internal/stream_base_commons:160:15)
    at writeGeneric (node:internal/stream_base_commons:151:3)
    at Socket._writeGeneric (node:net:917:11)
    at Socket._write (node:net:929:8)
    at writeOrBuffer (node:internal/streams/writable:392:12)
    at _write (node:internal/streams/writable:333:10)
    at Writable.write (node:internal/streams/writable:337:10)
    at Console.log (/usr/local/lib/node_modules/firebase-tools/node_modules/winston/lib/winston/transports/console.js:79:23)
    at Console._write (/usr/local/lib/node_modules/firebase-tools/node_modules/winston-transport/index.js:103:17)
    at doWrite (/usr/local/lib/node_modules/firebase-tools/node_modules/winston-transport/node_modules/readable-stream/lib/_stream_writable.js:428:64)
    at writeOrBuffer (/usr/local/lib/node_modules/firebase-tools/node_modules/winston-transport/node_modules/readable-stream/lib/_stream_writable.js:417:5)
    at Writable.write (/usr/local/lib/node_modules/firebase-tools/node_modules/winston-transport/node_modules/readable-stream/lib/_stream_writable.js:334:11)
    at DerivedLogger.ondata (/usr/local/lib/node_modules/firebase-tools/node_modules/readable-stream/lib/_stream_readable.js:681:20)
    at DerivedLogger.emit (node:events:525:35)
    at DerivedLogger.emit (node:domain:489:12)
    at addChunk (/usr/local/lib/node_modules/firebase-tools/node_modules/readable-stream/lib/_stream_readable.js:298:12)
[error] 
[error] Error: An unexpected error has occurred.
[debug] [2023-02-06T18:47:53.124Z] Error: write EIO
    at afterWriteDispatched (node:internal/stream_base_commons:160:15)
    at writeGeneric (node:internal/stream_base_commons:151:3)
    at Socket._writeGeneric (node:net:917:11)
    at Socket._write (node:net:929:8)
    at writeOrBuffer (node:internal/streams/writable:392:12)
    at _write (node:internal/streams/writable:333:10)
    at Writable.write (node:internal/streams/writable:337:10)
    at Console.log (/usr/local/lib/node_modules/firebase-tools/node_modules/winston/lib/winston/transports/console.js:79:23)
    at Console._write (/usr/local/lib/node_modules/firebase-tools/node_modules/winston-transport/index.js:103:17)
    at doWrite (/usr/local/lib/node_modules/firebase-tools/node_modules/winston-transport/node_modules/readable-stream/lib/_stream_writable.js:428:64)
    at writeOrBuffer (/usr/local/lib/node_modules/firebase-tools/node_modules/winston-transport/node_modules/readable-stream/lib/_stream_writable.js:417:5)
    at Writable.write (/usr/local/lib/node_modules/firebase-tools/node_modules/winston-transport/node_modules/readable-stream/lib/_stream_writable.js:334:11)
    at DerivedLogger.ondata (/usr/local/lib/node_modules/firebase-tools/node_modules/readable-stream/lib/_stream_readable.js:681:20)
    at DerivedLogger.emit (node:events:525:35)
    at DerivedLogger.emit (node:domain:489:12)
    at addChunk (/usr/local/lib/node_modules/firebase-tools/node_modules/readable-stream/lib/_stream_readable.js:298:12)
[error] 
[error] Error: An unexpected error has occurred.
[debug] [2023-02-06T18:47:53.124Z] Error: write EIO
    at afterWriteDispatched (node:internal/stream_base_commons:160:15)
    at writeGeneric (node:internal/stream_base_commons:151:3)
    at Socket._writeGeneric (node:net:917:11)
    at Socket._write (node:net:929:8)
    at writeOrBuffer (node:internal/streams/writable:392:12)
    at _write (node:internal/streams/writable:333:10)
    at Writable.write (node:internal/streams/writable:337:10)
    at Console.log (/usr/local/lib/node_modules/firebase-tools/node_modules/winston/lib/winston/transports/console.js:79:23)
    at Console._write (/usr/local/lib/node_modules/firebase-tools/node_modules/winston-transport/index.js:103:17)
    at doWrite (/usr/local/lib/node_modules/firebase-tools/node_modules/winston-transport/node_modules/readable-stream/lib/_stream_writable.js:428:64)
    at writeOrBuffer (/usr/local/lib/node_modules/firebase-tools/node_modules/winston-transport/node_modules/readable-stream/lib/_stream_writable.js:417:5)
    at Writable.write (/usr/local/lib/node_modules/firebase-tools/node_modules/winston-transport/node_modules/readable-stream/lib/_stream_writable.js:334:11)
    at DerivedLogger.ondata (/usr/local/lib/node_modules/firebase-tools/node_modules/readable-stream/lib/_stream_readable.js:681:20)
    at DerivedLogger.emit (node:events:525:35)
    at DerivedLogger.emit (node:domain:489:12)
    at addChunk (/usr/local/lib/node_modules/firebase-tools/node_modules/readable-stream/lib/_stream_readable.js:298:12)
[error] 
[error] Error: An unexpected error has occurred.
[debug] [2023-02-06T18:47:53.125Z] Error: write EIO
    at afterWriteDispatched (node:internal/stream_base_commons:160:15)
    at writeGeneric (node:internal/stream_base_commons:151:3)
    at Socket._writeGeneric (node:net:917:11)
    at Socket._write (node:net:929:8)
    at writeOrBuffer (node:internal/streams/writable:392:12)
    at _write (node:internal/streams/writable:333:10)
    at Writable.write (node:internal/streams/writable:337:10)
    at Console.log (/usr/local/lib/node_modules/firebase-tools/node_modules/winston/lib/winston/transports/console.js:79:23)
    at Console._write (/usr/local/lib/node_modules/firebase-tools/node_modules/winston-transport/index.js:103:17)
    at doWrite (/usr/local/lib/node_modules/firebase-tools/node_modules/winston-transport/node_modules/readable-stream/lib/_stream_writable.js:428:64)
    at writeOrBuffer (/usr/local/lib/node_modules/firebase-tools/node_modules/winston-transport/node_modules/readable-stream/lib/_stream_writable.js:417:5)
    at Writable.write (/usr/local/lib/node_modules/firebase-tools/node_modules/winston-transport/node_modules/readable-stream/lib/_stream_writable.js:334:11)
    at DerivedLogger.ondata (/usr/local/lib/node_modules/firebase-tools/node_modules/readable-stream/lib/_stream_readable.js:681:20)
    at DerivedLogger.emit (node:events:525:35)
    at DerivedLogger.emit (node:domain:489:12)
    at addChunk (/usr/local/lib/node_modules/firebase-tools/node_modules/readable-stream/lib/_stream_readable.js:298:12)
[error] 
[error] Error: An unexpected error has occurred.
[debug] [2023-02-06T18:47:53.125Z] Error: write EIO
    at afterWriteDispatched (node:internal/stream_base_commons:160:15)
    at writeGeneric (node:internal/stream_base_commons:151:3)
    at Socket._writeGeneric (node:net:917:11)
    at Socket._write (node:net:929:8)
    at writeOrBuffer (node:internal/streams/writable:392:12)
    at _write (node:internal/streams/writable:333:10)
    at Writable.write (node:internal/streams/writable:337:10)
    at Console.log (/usr/local/lib/node_modules/firebase-tools/node_modules/winston/lib/winston/transports/console.js:79:23)
    at Console._write (/usr/local/lib/node_modules/firebase-tools/node_modules/winston-transport/index.js:103:17)
    at doWrite (/usr/local/lib/node_modules/firebase-tools/node_modules/winston-transport/node_modules/readable-stream/lib/_stream_writable.js:428:64)
    at writeOrBuffer (/usr/local/lib/node_modules/firebase-tools/node_modules/winston-transport/node_modules/readable-stream/lib/_stream_writable.js:417:5)
    at Writable.write (/usr/local/lib/node_modules/firebase-tools/node_modules/winston-transport/node_modules/readable-stream/lib/_stream_writable.js:334:11)
    at DerivedLogger.ondata (/usr/local/lib/node_modules/firebase-tools/node_modules/readable-stream/lib/_stream_readable.js:681:20)
    at DerivedLogger.emit (node:events:525:35)
    at DerivedLogger.emit (node:domain:489:12)
    at addChunk (/usr/local/lib/node_modules/firebase-tools/node_modules/readable-stream/lib/_stream_readable.js:298:12)
[error] 
[error] Error: An unexpected error has occurred.
[debug] [2023-02-06T18:47:53.125Z] Error: write EIO
    at afterWriteDispatched (node:internal/stream_base_commons:160:15)
    at writeGeneric (node:internal/stream_base_commons:151:3)
    at Socket._writeGeneric (node:net:917:11)
    at Socket._write (node:net:929:8)
    at writeOrBuffer (node:internal/streams/writable:392:12)
    at _write (node:internal/streams/writable:333:10)
    at Writable.write (node:internal/streams/writable:337:10)
    at Console.log (/usr/local/lib/node_modules/firebase-tools/node_modules/winston/lib/winston/transports/console.js:79:23)
    at Console._write (/usr/local/lib/node_modules/firebase-tools/node_modules/winston-transport/index.js:103:17)
    at doWrite (/usr/local/lib/node_modules/firebase-tools/node_modules/winston-transport/node_modules/readable-stream/lib/_stream_writable.js:428:64)
    at writeOrBuffer (/usr/local/lib/node_modules/firebase-tools/node_modules/winston-transport/node_modules/readable-stream/lib/_stream_writable.js:417:5)
    at Writable.write (/usr/local/lib/node_modules/firebase-tools/node_modules/winston-transport/node_modules/readable-stream/lib/_stream_writable.js:334:11)
    at DerivedLogger.ondata (/usr/local/lib/node_modules/firebase-tools/node_modules/readable-stream/lib/_stream_readable.js:681:20)
    at DerivedLogger.emit (node:events:525:35)
    at DerivedLogger.emit (node:domain:489:12)
    at addChunk (/usr/local/lib/node_modules/firebase-tools/node_modules/readable-stream/lib/_stream_readable.js:298:12)
[error] 
[error] Error: An unexpected error has occurred.
[debug] [2023-02-06T18:47:53.125Z] Error: write EIO
    at afterWriteDispatched (node:internal/stream_base_commons:160:15)
    at writeGeneric (node:internal/stream_base_commons:151:3)
    at Socket._writeGeneric (node:net:917:11)
    at Socket._write (node:net:929:8)
    at writeOrBuffer (node:internal/streams/writable:392:12)
    at _write (node:internal/streams/writable:333:10)
    at Writable.write (node:internal/streams/writable:337:10)
    at Console.log (/usr/local/lib/node_modules/firebase-tools/node_modules/winston/lib/winston/transports/console.js:79:23)
    at Console._write (/usr/local/lib/node_modules/firebase-tools/node_modules/winston-transport/index.js:103:17)
    at doWrite (/usr/local/lib/node_modules/firebase-tools/node_modules/winston-transport/node_modules/readable-stream/lib/_stream_writable.js:428:64)
    at writeOrBuffer (/usr/local/lib/node_modules/firebase-tools/node_modules/winston-transport/node_modules/readable-stream/lib/_stream_writable.js:417:5)
    at Writable.write (/usr/local/lib/node_modules/firebase-tools/node_modules/winston-transport/node_modules/readable-stream/lib/_stream_writable.js:334:11)
    at DerivedLogger.ondata (/usr/local/lib/node_modules/firebase-tools/node_modules/readable-stream/lib/_stream_readable.js:681:20)
    at DerivedLogger.emit (node:events:525:35)
    at DerivedLogger.emit (node:domain:489:12)
    at addChunk (/usr/local/lib/node_modules/firebase-tools/node_modules/readable-stream/lib/_stream_readable.js:298:12)
[error] 
[error] Error: An unexpected error has occurred.
[debug] [2023-02-06T18:47:53.125Z] Error: write EIO
    at afterWriteDispatched (node:internal/stream_base_commons:160:15)
    at writeGeneric (node:internal/stream_base_commons:151:3)
    at Socket._writeGeneric (node:net:917:11)
    at Socket._write (node:net:929:8)
    at writeOrBuffer (node:internal/streams/writable:392:12)
    at _write (node:internal/streams/writable:333:10)
    at Writable.write (node:internal/streams/writable:337:10)
    at Console.log (/usr/local/lib/node_modules/firebase-tools/node_modules/winston/lib/winston/transports/console.js:79:23)
    at Console._write (/usr/local/lib/node_modules/firebase-tools/node_modules/winston-transport/index.js:103:17)
    at doWrite (/usr/local/lib/node_modules/firebase-tools/node_modules/winston-transport/node_modules/readable-stream/lib/_stream_writable.js:428:64)
    at writeOrBuffer (/usr/local/lib/node_modules/firebase-tools/node_modules/winston-transport/node_modules/readable-stream/lib/_stream_writable.js:417:5)
    at Writable.write (/usr/local/lib/node_modules/firebase-tools/node_modules/winston-transport/node_modules/readable-stream/lib/_stream_writable.js:334:11)
    at DerivedLogger.ondata (/usr/local/lib/node_modules/firebase-tools/node_modules/readable-stream/lib/_stream_readable.js:681:20)
    at DerivedLogger.emit (node:events:525:35)
    at DerivedLogger.emit (node:domain:489:12)
    at addChunk (/usr/local/lib/node_modules/firebase-tools/node_modules/readable-stream/lib/_stream_readable.js:298:12)
[error] 
[error] Error: An unexpected error has occurred.
[debug] [2023-02-06T18:47:53.126Z] Error: write EIO
    at afterWriteDispatched (node:internal/stream_base_commons:160:15)
    at writeGeneric (node:internal/stream_base_commons:151:3)
    at Socket._writeGeneric (node:net:917:11)
    at Socket._write (node:net:929:8)
    at writeOrBuffer (node:internal/streams/writable:392:12)
    at _write (node:internal/streams/writable:333:10)
    at Writable.write (node:internal/streams/writable:337:10)
    at Console.log (/usr/local/lib/node_modules/firebase-tools/node_modules/winston/lib/winston/transports/console.js:79:23)
    at Console._write (/usr/local/lib/node_modules/firebase-tools/node_modules/winston-transport/index.js:103:17)
    at doWrite (/usr/local/lib/node_modules/firebase-tools/node_modules/winston-transport/node_modules/readable-stream/lib/_stream_writable.js:428:64)
    at writeOrBuffer (/usr/local/lib/node_modules/firebase-tools/node_modules/winston-transport/node_modules/readable-stream/lib/_stream_writable.js:417:5)
    at Writable.write (/usr/local/lib/node_modules/firebase-tools/node_modules/winston-transport/node_modules/readable-stream/lib/_stream_writable.js:334:11)
    at DerivedLogger.ondata (/usr/local/lib/node_modules/firebase-tools/node_modules/readable-stream/lib/_stream_readable.js:681:20)
    at DerivedLogger.emit (node:events:525:35)
    at DerivedLogger.emit (node:domain:489:12)
    at addChunk (/usr/local/lib/node_modules/firebase-tools/node_modules/readable-stream/lib/_stream_readable.js:298:12)
[error] 
[error] Error: An unexpected error has occurred.
[debug] [2023-02-06T18:47:53.126Z] Error: write EIO
    at afterWriteDispatched (node:internal/stream_base_commons:160:15)
    at writeGeneric (node:internal/stream_base_commons:151:3)
    at Socket._writeGeneric (node:net:917:11)
    at Socket._write (node:net:929:8)
    at writeOrBuffer (node:internal/streams/writable:392:12)
    at _write (node:internal/streams/writable:333:10)
    at Writable.write (node:internal/streams/writable:337:10)
    at Console.log (/usr/local/lib/node_modules/firebase-tools/node_modules/winston/lib/winston/transports/console.js:79:23)
    at Console._write (/usr/local/lib/node_modules/firebase-tools/node_modules/winston-transport/index.js:103:17)
    at doWrite (/usr/local/lib/node_modules/firebase-tools/node_modules/winston-transport/node_modules/readable-stream/lib/_stream_writable.js:428:64)
    at writeOrBuffer (/usr/local/lib/node_modules/firebase-tools/node_modules/winston-transport/node_modules/readable-stream/lib/_stream_writable.js:417:5)
    at Writable.write (/usr/local/lib/node_modules/firebase-tools/node_modules/winston-transport/node_modules/readable-stream/lib/_stream_writable.js:334:11)
    at DerivedLogger.ondata (/usr/local/lib/node_modules/firebase-tools/node_modules/readable-stream/lib/_stream_readable.js:681:20)
    at DerivedLogger.emit (node:events:525:35)
    at DerivedLogger.emit (node:domain:489:12)
    at Readable.read (/usr/local/lib/node_modules/firebase-tools/node_modules/readable-stream/lib/_stream_readable.js:483:26)
[error] 
[error] Error: An unexpected error has occurred.
[debug] [2023-02-06T18:47:53.126Z] Error: write EIO
    at afterWriteDispatched (node:internal/stream_base_commons:160:15)
    at writeGeneric (node:internal/stream_base_commons:151:3)
    at Socket._writeGeneric (node:net:917:11)
    at Socket._write (node:net:929:8)
    at writeOrBuffer (node:internal/streams/writable:392:12)
    at _write (node:internal/streams/writable:333:10)
    at Writable.write (node:internal/streams/writable:337:10)
    at Console.log (/usr/local/lib/node_modules/firebase-tools/node_modules/winston/lib/winston/transports/console.js:79:23)
    at Console._write (/usr/local/lib/node_modules/firebase-tools/node_modules/winston-transport/index.js:103:17)
    at doWrite (/usr/local/lib/node_modules/firebase-tools/node_modules/winston-transport/node_modules/readable-stream/lib/_stream_writable.js:428:64)
    at writeOrBuffer (/usr/local/lib/node_modules/firebase-tools/node_modules/winston-transport/node_modules/readable-stream/lib/_stream_writable.js:417:5)
    at Writable.write (/usr/local/lib/node_modules/firebase-tools/node_modules/winston-transport/node_modules/readable-stream/lib/_stream_writable.js:334:11)
    at DerivedLogger.ondata (/usr/local/lib/node_modules/firebase-tools/node_modules/readable-stream/lib/_stream_readable.js:681:20)
    at DerivedLogger.emit (node:events:525:35)
    at DerivedLogger.emit (node:domain:489:12)
    at addChunk (/usr/local/lib/node_modules/firebase-tools/node_modules/readable-stream/lib/_stream_readable.js:298:12)
[error] 
[error] Error: An unexpected error has occurred.
[debug] [2023-02-06T18:47:53.126Z] Error: write EIO
    at afterWriteDispatched (node:internal/stream_base_commons:160:15)
    at writeGeneric (node:internal/stream_base_commons:151:3)
    at Socket._writeGeneric (node:net:917:11)
    at Socket._write (node:net:929:8)
    at writeOrBuffer (node:internal/streams/writable:392:12)
    at _write (node:internal/streams/writable:333:10)
    at Writable.write (node:internal/streams/writable:337:10)
    at Console.log (/usr/local/lib/node_modules/firebase-tools/node_modules/winston/lib/winston/transports/console.js:79:23)
    at Console._write (/usr/local/lib/node_modules/firebase-tools/node_modules/winston-transport/index.js:103:17)
    at doWrite (/usr/local/lib/node_modules/firebase-tools/node_modules/winston-transport/node_modules/readable-stream/lib/_stream_writable.js:428:64)
    at writeOrBuffer (/usr/local/lib/node_modules/firebase-tools/node_modules/winston-transport/node_modules/readable-stream/lib/_stream_writable.js:417:5)
    at Writable.write (/usr/local/lib/node_modules/firebase-tools/node_modules/winston-transport/node_modules/readable-stream/lib/_stream_writable.js:334:11)
    at DerivedLogger.ondata (/usr/local/lib/node_modules/firebase-tools/node_modules/readable-stream/lib/_stream_readable.js:681:20)
    at DerivedLogger.emit (node:events:525:35)
    at DerivedLogger.emit (node:domain:489:12)
    at addChunk (/usr/local/lib/node_modules/firebase-tools/node_modules/readable-stream/lib/_stream_readable.js:298:12)
[error] 
[error] Error: An unexpected error has occurred.
[debug] [2023-02-06T18:47:53.126Z] Error: write EIO
    at afterWriteDispatched (node:internal/stream_base_commons:160:15)
    at writeGeneric (node:internal/stream_base_commons:151:3)
    at Socket._writeGeneric (node:net:917:11)
    at Socket._write (node:net:929:8)
    at writeOrBuffer (node:internal/streams/writable:392:12)
    at _write (node:internal/streams/writable:333:10)
    at Writable.write (node:internal/streams/writable:337:10)
    at Console.log (/usr/local/lib/node_modules/firebase-tools/node_modules/winston/lib/winston/transports/console.js:79:23)
    at Console._write (/usr/local/lib/node_modules/firebase-tools/node_modules/winston-transport/index.js:103:17)
    at doWrite (/usr/local/lib/node_modules/firebase-tools/node_modules/winston-transport/node_modules/readable-stream/lib/_stream_writable.js:428:64)
    at writeOrBuffer (/usr/local/lib/node_modules/firebase-tools/node_modules/winston-transport/node_modules/readable-stream/lib/_stream_writable.js:417:5)
    at Writable.write (/usr/local/lib/node_modules/firebase-tools/node_modules/winston-transport/node_modules/readable-stream/lib/_stream_writable.js:334:11)
    at DerivedLogger.ondata (/usr/local/lib/node_modules/firebase-tools/node_modules/readable-stream/lib/_stream_readable.js:681:20)
    at DerivedLogger.emit (node:events:525:35)
    at DerivedLogger.emit (node:domain:489:12)
    at addChunk (/usr/local/lib/node_modules/firebase-tools/node_modules/readable-stream/lib/_stream_readable.js:298:12)
[error] 
[error] Error: An unexpected error has occurred.
[debug] [2023-02-06T18:47:53.126Z] Error: write EIO
    at afterWriteDispatched (node:internal/stream_base_commons:160:15)
    at writeGeneric (node:internal/stream_base_commons:151:3)
    at Socket._writeGeneric (node:net:917:11)
    at Socket._write (node:net:929:8)
    at writeOrBuffer (node:internal/streams/writable:392:12)
    at _write (node:internal/streams/writable:333:10)
    at Writable.write (node:internal/streams/writable:337:10)
    at Console.log (/usr/local/lib/node_modules/firebase-tools/node_modules/winston/lib/winston/transports/console.js:79:23)
    at Console._write (/usr/local/lib/node_modules/firebase-tools/node_modules/winston-transport/index.js:103:17)
    at doWrite (/usr/local/lib/node_modules/firebase-tools/node_modules/winston-transport/node_modules/readable-stream/lib/_stream_writable.js:428:64)
    at writeOrBuffer (/usr/local/lib/node_modules/firebase-tools/node_modules/winston-transport/node_modules/readable-stream/lib/_stream_writable.js:417:5)
    at Writable.write (/usr/local/lib/node_modules/firebase-tools/node_modules/winston-transport/node_modules/readable-stream/lib/_stream_writable.js:334:11)
    at DerivedLogger.ondata (/usr/local/lib/node_modules/firebase-tools/node_modules/readable-stream/lib/_stream_readable.js:681:20)
    at DerivedLogger.emit (node:events:525:35)
    at DerivedLogger.emit (node:domain:489:12)
    at addChunk (/usr/local/lib/node_modules/firebase-tools/node_modules/readable-stream/lib/_stream_readable.js:298:12)
[error] 
[error] Error: An unexpected error has occurred.
[debug] [2023-02-06T18:47:53.127Z] Error: write EIO
    at afterWriteDispatched (node:internal/stream_base_commons:160:15)
    at writeGeneric (node:internal/stream_base_commons:151:3)
    at Socket._writeGeneric (node:net:917:11)
    at Socket._write (node:net:929:8)
    at writeOrBuffer (node:internal/streams/writable:392:12)
    at _write (node:internal/streams/writable:333:10)
    at Writable.write (node:internal/streams/writable:337:10)
    at Console.log (/usr/local/lib/node_modules/firebase-tools/node_modules/winston/lib/winston/transports/console.js:79:23)
    at Console._write (/usr/local/lib/node_modules/firebase-tools/node_modules/winston-transport/index.js:103:17)
    at doWrite (/usr/local/lib/node_modules/firebase-tools/node_modules/winston-transport/node_modules/readable-stream/lib/_stream_writable.js:428:64)
    at writeOrBuffer (/usr/local/lib/node_modules/firebase-tools/node_modules/winston-transport/node_modules/readable-stream/lib/_stream_writable.js:417:5)
    at Writable.write (/usr/local/lib/node_modules/firebase-tools/node_modules/winston-transport/node_modules/readable-stream/lib/_stream_writable.js:334:11)
    at DerivedLogger.ondata (/usr/local/lib/node_modules/firebase-tools/node_modules/readable-stream/lib/_stream_readable.js:681:20)
    at DerivedLogger.emit (node:events:525:35)
    at DerivedLogger.emit (node:domain:489:12)
    at addChunk (/usr/local/lib/node_modules/firebase-tools/node_modules/readable-stream/lib/_stream_readable.js:298:12)
[error] 
[error] Error: An unexpected error has occurred.
[debug] [2023-02-06T18:47:53.127Z] Error: write EIO
    at afterWriteDispatched (node:internal/stream_base_commons:160:15)
    at writeGeneric (node:internal/stream_base_commons:151:3)
    at Socket._writeGeneric (node:net:917:11)
    at Socket._write (node:net:929:8)
    at writeOrBuffer (node:internal/streams/writable:392:12)
    at _write (node:internal/streams/writable:333:10)
    at Writable.write (node:internal/streams/writable:337:10)
    at Console.log (/usr/local/lib/node_modules/firebase-tools/node_modules/winston/lib/winston/transports/console.js:79:23)
    at Console._write (/usr/local/lib/node_modules/firebase-tools/node_modules/winston-transport/index.js:103:17)
    at doWrite (/usr/local/lib/node_modules/firebase-tools/node_modules/winston-transport/node_modules/readable-stream/lib/_stream_writable.js:428:64)
    at writeOrBuffer (/usr/local/lib/node_modules/firebase-tools/node_modules/winston-transport/node_modules/readable-stream/lib/_stream_writable.js:417:5)
    at Writable.write (/usr/local/lib/node_modules/firebase-tools/node_modules/winston-transport/node_modules/readable-stream/lib/_stream_writable.js:334:11)
    at DerivedLogger.ondata (/usr/local/lib/node_modules/firebase-tools/node_modules/readable-stream/lib/_stream_readable.js:681:20)
    at DerivedLogger.emit (node:events:525:35)
    at DerivedLogger.emit (node:domain:489:12)
    at addChunk (/usr/local/lib/node_modules/firebase-tools/node_modules/readable-stream/lib/_stream_readable.js:298:12)
[error] 
[error] Error: An unexpected error has occurred.
[debug] [2023-02-06T18:47:53.127Z] Error: write EIO
    at afterWriteDispatched (node:internal/stream_base_commons:160:15)
    at writeGeneric (node:internal/stream_base_commons:151:3)
    at Socket._writeGeneric (node:net:917:11)
    at Socket._write (node:net:929:8)
    at writeOrBuffer (node:internal/streams/writable:392:12)
    at _write (node:internal/streams/writable:333:10)
    at Writable.write (node:internal/streams/writable:337:10)
    at Console.log (/usr/local/lib/node_modules/firebase-tools/node_modules/winston/lib/winston/transports/console.js:79:23)
    at Console._write (/usr/local/lib/node_modules/firebase-tools/node_modules/winston-transport/index.js:103:17)
    at doWrite (/usr/local/lib/node_modules/firebase-tools/node_modules/winston-transport/node_modules/readable-stream/lib/_stream_writable.js:428:64)
    at writeOrBuffer (/usr/local/lib/node_modules/firebase-tools/node_modules/winston-transport/node_modules/readable-stream/lib/_stream_writable.js:417:5)
    at Writable.write (/usr/local/lib/node_modules/firebase-tools/node_modules/winston-transport/node_modules/readable-stream/lib/_stream_writable.js:334:11)
    at DerivedLogger.ondata (/usr/local/lib/node_modules/firebase-tools/node_modules/readable-stream/lib/_stream_readable.js:681:20)
    at DerivedLogger.emit (node:events:525:35)
    at DerivedLogger.emit (node:domain:489:12)
    at addChunk (/usr/local/lib/node_modules/firebase-tools/node_modules/readable-stream/lib/_stream_readable.js:298:12)
[error] 
[error] Error: An unexpected error has occurred.
[debug] [2023-02-06T18:47:53.127Z] Error: write EIO
    at afterWriteDispatched (node:internal/stream_base_commons:160:15)
    at writeGeneric (node:internal/stream_base_commons:151:3)
    at Socket._writeGeneric (node:net:917:11)
    at Socket._write (node:net:929:8)
    at writeOrBuffer (node:internal/streams/writable:392:12)
    at _write (node:internal/streams/writable:333:10)
    at Writable.write (node:internal/streams/writable:337:10)
    at Console.log (/usr/local/lib/node_modules/firebase-tools/node_modules/winston/lib/winston/transports/console.js:79:23)
    at Console._write (/usr/local/lib/node_modules/firebase-tools/node_modules/winston-transport/index.js:103:17)
    at doWrite (/usr/local/lib/node_modules/firebase-tools/node_modules/winston-transport/node_modules/readable-stream/lib/_stream_writable.js:428:64)
    at writeOrBuffer (/usr/local/lib/node_modules/firebase-tools/node_modules/winston-transport/node_modules/readable-stream/lib/_stream_writable.js:417:5)
    at Writable.write (/usr/local/lib/node_modules/firebase-tools/node_modules/winston-transport/node_modules/readable-stream/lib/_stream_writable.js:334:11)
    at DerivedLogger.ondata (/usr/local/lib/node_modules/firebase-tools/node_modules/readable-stream/lib/_stream_readable.js:681:20)
    at DerivedLogger.emit (node:events:525:35)
    at DerivedLogger.emit (node:domain:489:12)
    at addChunk (/usr/local/lib/node_modules/firebase-tools/node_modules/readable-stream/lib/_stream_readable.js:298:12)
[error] 
[error] Error: An unexpected error has occurred.
[debug] [2023-02-06T18:47:53.127Z] Error: write EIO
    at afterWriteDispatched (node:internal/stream_base_commons:160:15)
    at writeGeneric (node:internal/stream_base_commons:151:3)
    at Socket._writeGeneric (node:net:917:11)
    at Socket._write (node:net:929:8)
    at writeOrBuffer (node:internal/streams/writable:392:12)
    at _write (node:internal/streams/writable:333:10)
    at Writable.write (node:internal/streams/writable:337:10)
    at Console.log (/usr/local/lib/node_modules/firebase-tools/node_modules/winston/lib/winston/transports/console.js:79:23)
    at Console._write (/usr/local/lib/node_modules/firebase-tools/node_modules/winston-transport/index.js:103:17)
    at doWrite (/usr/local/lib/node_modules/firebase-tools/node_modules/winston-transport/node_modules/readable-stream/lib/_stream_writable.js:428:64)
    at writeOrBuffer (/usr/local/lib/node_modules/firebase-tools/node_modules/winston-transport/node_modules/readable-stream/lib/_stream_writable.js:417:5)
    at Writable.write (/usr/local/lib/node_modules/firebase-tools/node_modules/winston-transport/node_modules/readable-stream/lib/_stream_writable.js:334:11)
    at DerivedLogger.ondata (/usr/local/lib/node_modules/firebase-tools/node_modules/readable-stream/lib/_stream_readable.js:681:20)
    at DerivedLogger.emit (node:events:525:35)
    at DerivedLogger.emit (node:domain:489:12)
    at addChunk (/usr/local/lib/node_modules/firebase-tools/node_modules/readable-stream/lib/_stream_readable.js:298:12)
[error] 
[error] Error: An unexpected error has occurred.
[debug] [2023-02-06T18:47:53.127Z] Error: write EIO
    at afterWriteDispatched (node:internal/stream_base_commons:160:15)
    at writeGeneric (node:internal/stream_base_commons:151:3)
    at Socket._writeGeneric (node:net:917:11)
    at Socket._write (node:net:929:8)
    at writeOrBuffer (node:internal/streams/writable:392:12)
    at _write (node:internal/streams/writable:333:10)
    at Writable.write (node:internal/streams/writable:337:10)
    at Console.log (/usr/local/lib/node_modules/firebase-tools/node_modules/winston/lib/winston/transports/console.js:79:23)
    at Console._write (/usr/local/lib/node_modules/firebase-tools/node_modules/winston-transport/index.js:103:17)
    at doWrite (/usr/local/lib/node_modules/firebase-tools/node_modules/winston-transport/node_modules/readable-stream/lib/_stream_writable.js:428:64)
    at writeOrBuffer (/usr/local/lib/node_modules/firebase-tools/node_modules/winston-transport/node_modules/readable-stream/lib/_stream_writable.js:417:5)
    at Writable.write (/usr/local/lib/node_modules/firebase-tools/node_modules/winston-transport/node_modules/readable-stream/lib/_stream_writable.js:334:11)
    at DerivedLogger.ondata (/usr/local/lib/node_modules/firebase-tools/node_modules/readable-stream/lib/_stream_readable.js:681:20)
    at DerivedLogger.emit (node:events:525:35)
    at DerivedLogger.emit (node:domain:489:12)
    at addChunk (/usr/local/lib/node_modules/firebase-tools/node_modules/readable-stream/lib/_stream_readable.js:298:12)
[error] 
[error] Error: An unexpected error has occurred.
[debug] [2023-02-06T18:47:53.128Z] Error: write EIO
    at afterWriteDispatched (node:internal/stream_base_commons:160:15)
    at writeGeneric (node:internal/stream_base_commons:151:3)
    at Socket._writeGeneric (node:net:917:11)
    at Socket._write (node:net:929:8)
    at writeOrBuffer (node:internal/streams/writable:392:12)
    at _write (node:internal/streams/writable:333:10)
    at Writable.write (node:internal/streams/writable:337:10)
    at Console.log (/usr/local/lib/node_modules/firebase-tools/node_modules/winston/lib/winston/transports/console.js:79:23)
    at Console._write (/usr/local/lib/node_modules/firebase-tools/node_modules/winston-transport/index.js:103:17)
    at doWrite (/usr/local/lib/node_modules/firebase-tools/node_modules/winston-transport/node_modules/readable-stream/lib/_stream_writable.js:428:64)
    at writeOrBuffer (/usr/local/lib/node_modules/firebase-tools/node_modules/winston-transport/node_modules/readable-stream/lib/_stream_writable.js:417:5)
    at Writable.write (/usr/local/lib/node_modules/firebase-tools/node_modules/winston-transport/node_modules/readable-stream/lib/_stream_writable.js:334:11)
    at DerivedLogger.ondata (/usr/local/lib/node_modules/firebase-tools/node_modules/readable-stream/lib/_stream_readable.js:681:20)
    at DerivedLogger.emit (node:events:525:35)
    at DerivedLogger.emit (node:domain:489:12)
    at Readable.read (/usr/local/lib/node_modules/firebase-tools/node_modules/readable-stream/lib/_stream_readable.js:483:26)
[error] 
[error] Error: An unexpected error has occurred.
[debug] [2023-02-06T18:47:53.128Z] Error: write EIO
    at afterWriteDispatched (node:internal/stream_base_commons:160:15)
    at writeGeneric (node:internal/stream_base_commons:151:3)
    at Socket._writeGeneric (node:net:917:11)
    at Socket._write (node:net:929:8)
    at writeOrBuffer (node:internal/streams/writable:392:12)
    at _write (node:internal/streams/writable:333:10)
    at Writable.write (node:internal/streams/writable:337:10)
    at Console.log (/usr/local/lib/node_modules/firebase-tools/node_modules/winston/lib/winston/transports/console.js:79:23)
    at Console._write (/usr/local/lib/node_modules/firebase-tools/node_modules/winston-transport/index.js:103:17)
    at doWrite (/usr/local/lib/node_modules/firebase-tools/node_modules/winston-transport/node_modules/readable-stream/lib/_stream_writable.js:428:64)
    at writeOrBuffer (/usr/local/lib/node_modules/firebase-tools/node_modules/winston-transport/node_modules/readable-stream/lib/_stream_writable.js:417:5)
    at Writable.write (/usr/local/lib/node_modules/firebase-tools/node_modules/winston-transport/node_modules/readable-stream/lib/_stream_writable.js:334:11)
    at DerivedLogger.ondata (/usr/local/lib/node_modules/firebase-tools/node_modules/readable-stream/lib/_stream_readable.js:681:20)
    at DerivedLogger.emit (node:events:525:35)
    at DerivedLogger.emit (node:domain:489:12)
    at addChunk (/usr/local/lib/node_modules/firebase-tools/node_modules/readable-stream/lib/_stream_readable.js:298:12)
[error] 
[error] Error: An unexpected error has occurred.
[debug] [2023-02-06T18:47:53.128Z] Error: write EIO
    at afterWriteDispatched (node:internal/stream_base_commons:160:15)
    at writeGeneric (node:internal/stream_base_commons:151:3)
    at Socket._writeGeneric (node:net:917:11)
    at Socket._write (node:net:929:8)
    at writeOrBuffer (node:internal/streams/writable:392:12)
    at _write (node:internal/streams/writable:333:10)
    at Writable.write (node:internal/streams/writable:337:10)
    at Console.log (/usr/local/lib/node_modules/firebase-tools/node_modules/winston/lib/winston/transports/console.js:79:23)
    at Console._write (/usr/local/lib/node_modules/firebase-tools/node_modules/winston-transport/index.js:103:17)
    at doWrite (/usr/local/lib/node_modules/firebase-tools/node_modules/winston-transport/node_modules/readable-stream/lib/_stream_writable.js:428:64)
    at writeOrBuffer (/usr/local/lib/node_modules/firebase-tools/node_modules/winston-transport/node_modules/readable-stream/lib/_stream_writable.js:417:5)
    at Writable.write (/usr/local/lib/node_modules/firebase-tools/node_modules/winston-transport/node_modules/readable-stream/lib/_stream_writable.js:334:11)
    at DerivedLogger.ondata (/usr/local/lib/node_modules/firebase-tools/node_modules/readable-stream/lib/_stream_readable.js:681:20)
    at DerivedLogger.emit (node:events:525:35)
    at DerivedLogger.emit (node:domain:489:12)
    at addChunk (/usr/local/lib/node_modules/firebase-tools/node_modules/readable-stream/lib/_stream_readable.js:298:12)
[error] 
[error] Error: An unexpected error has occurred.
[debug] [2023-02-06T18:47:53.134Z] Error: write EIO
    at afterWriteDispatched (node:internal/stream_base_commons:160:15)
    at writeGeneric (node:internal/stream_base_commons:151:3)
    at Socket._writeGeneric (node:net:917:11)
    at Socket._write (node:net:929:8)
    at writeOrBuffer (node:internal/streams/writable:392:12)
    at _write (node:internal/streams/writable:333:10)
    at Writable.write (node:internal/streams/writable:337:10)
    at Console.log (/usr/local/lib/node_modules/firebase-tools/node_modules/winston/lib/winston/transports/console.js:79:23)
    at Console._write (/usr/local/lib/node_modules/firebase-tools/node_modules/winston-transport/index.js:103:17)
    at doWrite (/usr/local/lib/node_modules/firebase-tools/node_modules/winston-transport/node_modules/readable-stream/lib/_stream_writable.js:428:64)
    at writeOrBuffer (/usr/local/lib/node_modules/firebase-tools/node_modules/winston-transport/node_modules/readable-stream/lib/_stream_writable.js:417:5)
    at Writable.write (/usr/local/lib/node_modules/firebase-tools/node_modules/winston-transport/node_modules/readable-stream/lib/_stream_writable.js:334:11)
    at DerivedLogger.ondata (/usr/local/lib/node_modules/firebase-tools/node_modules/readable-stream/lib/_stream_readable.js:681:20)
    at DerivedLogger.emit (node:events:525:35)
    at DerivedLogger.emit (node:domain:489:12)
    at addChunk (/usr/local/lib/node_modules/firebase-tools/node_modules/readable-stream/lib/_stream_readable.js:298:12)
[error] 
[error] Error: An unexpected error has occurred.
[debug] [2023-02-06T18:47:53.135Z] Error: write EIO
    at afterWriteDispatched (node:internal/stream_base_commons:160:15)
    at writeGeneric (node:internal/stream_base_commons:151:3)
    at Socket._writeGeneric (node:net:917:11)
    at Socket._write (node:net:929:8)
    at writeOrBuffer (node:internal/streams/writable:392:12)
    at _write (node:internal/streams/writable:333:10)
    at Writable.write (node:internal/streams/writable:337:10)
    at Console.log (/usr/local/lib/node_modules/firebase-tools/node_modules/winston/lib/winston/transports/console.js:79:23)
    at Console._write (/usr/local/lib/node_modules/firebase-tools/node_modules/winston-transport/index.js:103:17)
    at doWrite (/usr/local/lib/node_modules/firebase-tools/node_modules/winston-transport/node_modules/readable-stream/lib/_stream_writable.js:428:64)
    at writeOrBuffer (/usr/local/lib/node_modules/firebase-tools/node_modules/winston-transport/node_modules/readable-stream/lib/_stream_writable.js:417:5)
    at Writable.write (/usr/local/lib/node_modules/firebase-tools/node_modules/winston-transport/node_modules/readable-stream/lib/_stream_writable.js:334:11)
    at DerivedLogger.ondata (/usr/local/lib/node_modules/firebase-tools/node_modules/readable-stream/lib/_stream_readable.js:681:20)
    at DerivedLogger.emit (node:events:525:35)
    at DerivedLogger.emit (node:domain:489:12)
    at addChunk (/usr/local/lib/node_modules/firebase-tools/node_modules/readable-stream/lib/_stream_readable.js:298:12)
[error] 
[error] Error: An unexpected error has occurred.
[debug] [2023-02-06T18:47:53.135Z] Error: write EIO
    at afterWriteDispatched (node:internal/stream_base_commons:160:15)
    at writeGeneric (node:internal/stream_base_commons:151:3)
    at Socket._writeGeneric (node:net:917:11)
    at Socket._write (node:net:929:8)
    at writeOrBuffer (node:internal/streams/writable:392:12)
    at _write (node:internal/streams/writable:333:10)
    at Writable.write (node:internal/streams/writable:337:10)
    at Console.log (/usr/local/lib/node_modules/firebase-tools/node_modules/winston/lib/winston/transports/console.js:79:23)
    at Console._write (/usr/local/lib/node_modules/firebase-tools/node_modules/winston-transport/index.js:103:17)
    at doWrite (/usr/local/lib/node_modules/firebase-tools/node_modules/winston-transport/node_modules/readable-stream/lib/_stream_writable.js:428:64)
    at writeOrBuffer (/usr/local/lib/node_modules/firebase-tools/node_modules/winston-transport/node_modules/readable-stream/lib/_stream_writable.js:417:5)
    at Writable.write (/usr/local/lib/node_modules/firebase-tools/node_modules/winston-transport/node_modules/readable-stream/lib/_stream_writable.js:334:11)
    at DerivedLogger.ondata (/usr/local/lib/node_modules/firebase-tools/node_modules/readable-stream/lib/_stream_readable.js:681:20)
    at DerivedLogger.emit (node:events:525:35)
    at DerivedLogger.emit (node:domain:489:12)
    at addChunk (/usr/local/lib/node_modules/firebase-tools/node_modules/readable-stream/lib/_stream_readable.js:298:12)
[error] 
[error] Error: An unexpected error has occurred.
[debug] [2023-02-06T18:47:53.135Z] Error: write EIO
    at afterWriteDispatched (node:internal/stream_base_commons:160:15)
    at writeGeneric (node:internal/stream_base_commons:151:3)
    at Socket._writeGeneric (node:net:917:11)
    at Socket._write (node:net:929:8)
    at writeOrBuffer (node:internal/streams/writable:392:12)
    at _write (node:internal/streams/writable:333:10)
    at Writable.write (node:internal/streams/writable:337:10)
    at Console.log (/usr/local/lib/node_modules/firebase-tools/node_modules/winston/lib/winston/transports/console.js:79:23)
    at Console._write (/usr/local/lib/node_modules/firebase-tools/node_modules/winston-transport/index.js:103:17)
    at doWrite (/usr/local/lib/node_modules/firebase-tools/node_modules/winston-transport/node_modules/readable-stream/lib/_stream_writable.js:428:64)
    at writeOrBuffer (/usr/local/lib/node_modules/firebase-tools/node_modules/winston-transport/node_modules/readable-stream/lib/_stream_writable.js:417:5)
    at Writable.write (/usr/local/lib/node_modules/firebase-tools/node_modules/winston-transport/node_modules/readable-stream/lib/_stream_writable.js:334:11)
    at DerivedLogger.ondata (/usr/local/lib/node_modules/firebase-tools/node_modules/readable-stream/lib/_stream_readable.js:681:20)
    at DerivedLogger.emit (node:events:525:35)
    at DerivedLogger.emit (node:domain:489:12)
    at addChunk (/usr/local/lib/node_modules/firebase-tools/node_modules/readable-stream/lib/_stream_readable.js:298:12)
[error] 
[error] Error: An unexpected error has occurred.
[debug] [2023-02-06T18:47:53.135Z] Error: write EIO
    at afterWriteDispatched (node:internal/stream_base_commons:160:15)
    at writeGeneric (node:internal/stream_base_commons:151:3)
    at Socket._writeGeneric (node:net:917:11)
    at Socket._write (node:net:929:8)
    at writeOrBuffer (node:internal/streams/writable:392:12)
    at _write (node:internal/streams/writable:333:10)
    at Writable.write (node:internal/streams/writable:337:10)
    at Console.log (/usr/local/lib/node_modules/firebase-tools/node_modules/winston/lib/winston/transports/console.js:79:23)
    at Console._write (/usr/local/lib/node_modules/firebase-tools/node_modules/winston-transport/index.js:103:17)
    at doWrite (/usr/local/lib/node_modules/firebase-tools/node_modules/winston-transport/node_modules/readable-stream/lib/_stream_writable.js:428:64)
    at writeOrBuffer (/usr/local/lib/node_modules/firebase-tools/node_modules/winston-transport/node_modules/readable-stream/lib/_stream_writable.js:417:5)
    at Writable.write (/usr/local/lib/node_modules/firebase-tools/node_modules/winston-transport/node_modules/readable-stream/lib/_stream_writable.js:334:11)
    at DerivedLogger.ondata (/usr/local/lib/node_modules/firebase-tools/node_modules/readable-stream/lib/_stream_readable.js:681:20)
    at DerivedLogger.emit (node:events:525:35)
    at DerivedLogger.emit (node:domain:489:12)
    at addChunk (/usr/local/lib/node_modules/firebase-tools/node_modules/readable-stream/lib/_stream_readable.js:298:12)
[error] 
[error] Error: An unexpected error has occurred.
[debug] [2023-02-06T18:47:53.135Z] Error: write EIO
    at afterWriteDispatched (node:internal/stream_base_commons:160:15)
    at writeGeneric (node:internal/stream_base_commons:151:3)
    at Socket._writeGeneric (node:net:917:11)
    at Socket._write (node:net:929:8)
    at writeOrBuffer (node:internal/streams/writable:392:12)
    at _write (node:internal/streams/writable:333:10)
    at Writable.write (node:internal/streams/writable:337:10)
    at Console.log (/usr/local/lib/node_modules/firebase-tools/node_modules/winston/lib/winston/transports/console.js:79:23)
    at Console._write (/usr/local/lib/node_modules/firebase-tools/node_modules/winston-transport/index.js:103:17)
    at doWrite (/usr/local/lib/node_modules/firebase-tools/node_modules/winston-transport/node_modules/readable-stream/lib/_stream_writable.js:428:64)
    at writeOrBuffer (/usr/local/lib/node_modules/firebase-tools/node_modules/winston-transport/node_modules/readable-stream/lib/_stream_writable.js:417:5)
    at Writable.write (/usr/local/lib/node_modules/firebase-tools/node_modules/winston-transport/node_modules/readable-stream/lib/_stream_writable.js:334:11)
    at DerivedLogger.ondata (/usr/local/lib/node_modules/firebase-tools/node_modules/readable-stream/lib/_stream_readable.js:681:20)
    at DerivedLogger.emit (node:events:525:35)
    at DerivedLogger.emit (node:domain:489:12)
    at addChunk (/usr/local/lib/node_modules/firebase-tools/node_modules/readable-stream/lib/_stream_readable.js:298:12)
[error] 
[error] Error: An unexpected error has occurred.
[debug] [2023-02-06T18:47:53.136Z] Error: write EIO
    at afterWriteDispatched (node:internal/stream_base_commons:160:15)
    at writeGeneric (node:internal/stream_base_commons:151:3)
    at Socket._writeGeneric (node:net:917:11)
    at Socket._write (node:net:929:8)
    at writeOrBuffer (node:internal/streams/writable:392:12)
    at _write (node:internal/streams/writable:333:10)
    at Writable.write (node:internal/streams/writable:337:10)
    at Console.log (/usr/local/lib/node_modules/firebase-tools/node_modules/winston/lib/winston/transports/console.js:79:23)
    at Console._write (/usr/local/lib/node_modules/firebase-tools/node_modules/winston-transport/index.js:103:17)
    at doWrite (/usr/local/lib/node_modules/firebase-tools/node_modules/winston-transport/node_modules/readable-stream/lib/_stream_writable.js:428:64)
    at writeOrBuffer (/usr/local/lib/node_modules/firebase-tools/node_modules/winston-transport/node_modules/readable-stream/lib/_stream_writable.js:417:5)
    at Writable.write (/usr/local/lib/node_modules/firebase-tools/node_modules/winston-transport/node_modules/readable-stream/lib/_stream_writable.js:334:11)
    at DerivedLogger.ondata (/usr/local/lib/node_modules/firebase-tools/node_modules/readable-stream/lib/_stream_readable.js:681:20)
    at DerivedLogger.emit (node:events:525:35)
    at DerivedLogger.emit (node:domain:489:12)
    at addChunk (/usr/local/lib/node_modules/firebase-tools/node_modules/readable-stream/lib/_stream_readable.js:298:12)
[error] 
[error] Error: An unexpected error has occurred.
[debug] [2023-02-06T18:47:53.136Z] Error: write EIO
    at afterWriteDispatched (node:internal/stream_base_commons:160:15)
    at writeGeneric (node:internal/stream_base_commons:151:3)
    at Socket._writeGeneric (node:net:917:11)
    at Socket._write (node:net:929:8)
    at writeOrBuffer (node:internal/streams/writable:392:12)
    at _write (node:internal/streams/writable:333:10)
    at Writable.write (node:internal/streams/writable:337:10)
    at Console.log (/usr/local/lib/node_modules/firebase-tools/node_modules/winston/lib/winston/transports/console.js:79:23)
    at Console._write (/usr/local/lib/node_modules/firebase-tools/node_modules/winston-transport/index.js:103:17)
    at doWrite (/usr/local/lib/node_modules/firebase-tools/node_modules/winston-transport/node_modules/readable-stream/lib/_stream_writable.js:428:64)
    at writeOrBuffer (/usr/local/lib/node_modules/firebase-tools/node_modules/winston-transport/node_modules/readable-stream/lib/_stream_writable.js:417:5)
    at Writable.write (/usr/local/lib/node_modules/firebase-tools/node_modules/winston-transport/node_modules/readable-stream/lib/_stream_writable.js:334:11)
    at DerivedLogger.ondata (/usr/local/lib/node_modules/firebase-tools/node_modules/readable-stream/lib/_stream_readable.js:681:20)
    at DerivedLogger.emit (node:events:525:35)
    at DerivedLogger.emit (node:domain:489:12)
    at addChunk (/usr/local/lib/node_modules/firebase-tools/node_modules/readable-stream/lib/_stream_readable.js:298:12)
[error] 
[error] Error: An unexpected error has occurred.
[debug] [2023-02-06T18:47:53.137Z] Error: write EIO
    at afterWriteDispatched (node:internal/stream_base_commons:160:15)
    at writeGeneric (node:internal/stream_base_commons:151:3)
    at Socket._writeGeneric (node:net:917:11)
    at Socket._write (node:net:929:8)
    at writeOrBuffer (node:internal/streams/writable:392:12)
    at _write (node:internal/streams/writable:333:10)
    at Writable.write (node:internal/streams/writable:337:10)
    at Console.log (/usr/local/lib/node_modules/firebase-tools/node_modules/winston/lib/winston/transports/console.js:79:23)
    at Console._write (/usr/local/lib/node_modules/firebase-tools/node_modules/winston-transport/index.js:103:17)
    at doWrite (/usr/local/lib/node_modules/firebase-tools/node_modules/winston-transport/node_modules/readable-stream/lib/_stream_writable.js:428:64)
    at writeOrBuffer (/usr/local/lib/node_modules/firebase-tools/node_modules/winston-transport/node_modules/readable-stream/lib/_stream_writable.js:417:5)
    at Writable.write (/usr/local/lib/node_modules/firebase-tools/node_modules/winston-transport/node_modules/readable-stream/lib/_stream_writable.js:334:11)
    at DerivedLogger.ondata (/usr/local/lib/node_modules/firebase-tools/node_modules/readable-stream/lib/_stream_readable.js:681:20)
    at DerivedLogger.emit (node:events:525:35)
    at DerivedLogger.emit (node:domain:489:12)
    at Readable.read (/usr/local/lib/node_modules/firebase-tools/node_modules/readable-stream/lib/_stream_readable.js:483:26)
[error] 
[error] Error: An unexpected error has occurred.
[debug] [2023-02-06T18:47:53.137Z] Error: write EIO
    at afterWriteDispatched (node:internal/stream_base_commons:160:15)
    at writeGeneric (node:internal/stream_base_commons:151:3)
    at Socket._writeGeneric (node:net:917:11)
    at Socket._write (node:net:929:8)
    at writeOrBuffer (node:internal/streams/writable:392:12)
    at _write (node:internal/streams/writable:333:10)
    at Writable.write (node:internal/streams/writable:337:10)
    at Console.log (/usr/local/lib/node_modules/firebase-tools/node_modules/winston/lib/winston/transports/console.js:79:23)
    at Console._write (/usr/local/lib/node_modules/firebase-tools/node_modules/winston-transport/index.js:103:17)
    at doWrite (/usr/local/lib/node_modules/firebase-tools/node_modules/winston-transport/node_modules/readable-stream/lib/_stream_writable.js:428:64)
    at writeOrBuffer (/usr/local/lib/node_modules/firebase-tools/node_modules/winston-transport/node_modules/readable-stream/lib/_stream_writable.js:417:5)
    at Writable.write (/usr/local/lib/node_modules/firebase-tools/node_modules/winston-transport/node_modules/readable-stream/lib/_stream_writable.js:334:11)
    at DerivedLogger.ondata (/usr/local/lib/node_modules/firebase-tools/node_modules/readable-stream/lib/_stream_readable.js:681:20)
    at DerivedLogger.emit (node:events:525:35)
    at DerivedLogger.emit (node:domain:489:12)
    at addChunk (/usr/local/lib/node_modules/firebase-tools/node_modules/readable-stream/lib/_stream_readable.js:298:12)
[error] 
[error] Error: An unexpected error has occurred.
[debug] [2023-02-06T18:47:53.137Z] Error: write EIO
    at afterWriteDispatched (node:internal/stream_base_commons:160:15)
    at writeGeneric (node:internal/stream_base_commons:151:3)
    at Socket._writeGeneric (node:net:917:11)
    at Socket._write (node:net:929:8)
    at writeOrBuffer (node:internal/streams/writable:392:12)
    at _write (node:internal/streams/writable:333:10)
    at Writable.write (node:internal/streams/writable:337:10)
    at Console.log (/usr/local/lib/node_modules/firebase-tools/node_modules/winston/lib/winston/transports/console.js:79:23)
    at Console._write (/usr/local/lib/node_modules/firebase-tools/node_modules/winston-transport/index.js:103:17)
    at doWrite (/usr/local/lib/node_modules/firebase-tools/node_modules/winston-transport/node_modules/readable-stream/lib/_stream_writable.js:428:64)
    at writeOrBuffer (/usr/local/lib/node_modules/firebase-tools/node_modules/winston-transport/node_modules/readable-stream/lib/_stream_writable.js:417:5)
    at Writable.write (/usr/local/lib/node_modules/firebase-tools/node_modules/winston-transport/node_modules/readable-stream/lib/_stream_writable.js:334:11)
    at DerivedLogger.ondata (/usr/local/lib/node_modules/firebase-tools/node_modules/readable-stream/lib/_stream_readable.js:681:20)
    at DerivedLogger.emit (node:events:525:35)
    at DerivedLogger.emit (node:domain:489:12)
    at addChunk (/usr/local/lib/node_modules/firebase-tools/node_modules/readable-stream/lib/_stream_readable.js:298:12)
[error] 
[error] Error: An unexpected error has occurred.
[debug] [2023-02-06T18:47:53.137Z] Error: write EIO
    at afterWriteDispatched (node:internal/stream_base_commons:160:15)
    at writeGeneric (node:internal/stream_base_commons:151:3)
    at Socket._writeGeneric (node:net:917:11)
    at Socket._write (node:net:929:8)
    at writeOrBuffer (node:internal/streams/writable:392:12)
    at _write (node:internal/streams/writable:333:10)
    at Writable.write (node:internal/streams/writable:337:10)
    at Console.log (/usr/local/lib/node_modules/firebase-tools/node_modules/winston/lib/winston/transports/console.js:79:23)
    at Console._write (/usr/local/lib/node_modules/firebase-tools/node_modules/winston-transport/index.js:103:17)
    at doWrite (/usr/local/lib/node_modules/firebase-tools/node_modules/winston-transport/node_modules/readable-stream/lib/_stream_writable.js:428:64)
    at writeOrBuffer (/usr/local/lib/node_modules/firebase-tools/node_modules/winston-transport/node_modules/readable-stream/lib/_stream_writable.js:417:5)
    at Writable.write (/usr/local/lib/node_modules/firebase-tools/node_modules/winston-transport/node_modules/readable-stream/lib/_stream_writable.js:334:11)
    at DerivedLogger.ondata (/usr/local/lib/node_modules/firebase-tools/node_modules/readable-stream/lib/_stream_readable.js:681:20)
    at DerivedLogger.emit (node:events:525:35)
    at DerivedLogger.emit (node:domain:489:12)
    at addChunk (/usr/local/lib/node_modules/firebase-tools/node_modules/readable-stream/lib/_stream_readable.js:298:12)
[error] 
[error] Error: An unexpected error has occurred.
[debug] [2023-02-06T18:47:53.138Z] Error: write EIO
    at afterWriteDispatched (node:internal/stream_base_commons:160:15)
    at writeGeneric (node:internal/stream_base_commons:151:3)
    at Socket._writeGeneric (node:net:917:11)
    at Socket._write (node:net:929:8)
    at writeOrBuffer (node:internal/streams/writable:392:12)
    at _write (node:internal/streams/writable:333:10)
    at Writable.write (node:internal/streams/writable:337:10)
    at Console.log (/usr/local/lib/node_modules/firebase-tools/node_modules/winston/lib/winston/transports/console.js:79:23)
    at Console._write (/usr/local/lib/node_modules/firebase-tools/node_modules/winston-transport/index.js:103:17)
    at doWrite (/usr/local/lib/node_modules/firebase-tools/node_modules/winston-transport/node_modules/readable-stream/lib/_stream_writable.js:428:64)
    at writeOrBuffer (/usr/local/lib/node_modules/firebase-tools/node_modules/winston-transport/node_modules/readable-stream/lib/_stream_writable.js:417:5)
    at Writable.write (/usr/local/lib/node_modules/firebase-tools/node_modules/winston-transport/node_modules/readable-stream/lib/_stream_writable.js:334:11)
    at DerivedLogger.ondata (/usr/local/lib/node_modules/firebase-tools/node_modules/readable-stream/lib/_stream_readable.js:681:20)
    at DerivedLogger.emit (node:events:525:35)
    at DerivedLogger.emit (node:domain:489:12)
    at addChunk (/usr/local/lib/node_modules/firebase-tools/node_modules/readable-stream/lib/_stream_readable.js:298:12)
[error] 
[error] Error: An unexpected error has occurred.
[debug] [2023-02-06T18:47:53.138Z] Error: write EIO
    at afterWriteDispatched (node:internal/stream_base_commons:160:15)
    at writeGeneric (node:internal/stream_base_commons:151:3)
    at Socket._writeGeneric (node:net:917:11)
    at Socket._write (node:net:929:8)
    at writeOrBuffer (node:internal/streams/writable:392:12)
    at _write (node:internal/streams/writable:333:10)
    at Writable.write (node:internal/streams/writable:337:10)
    at Console.log (/usr/local/lib/node_modules/firebase-tools/node_modules/winston/lib/winston/transports/console.js:79:23)
    at Console._write (/usr/local/lib/node_modules/firebase-tools/node_modules/winston-transport/index.js:103:17)
    at doWrite (/usr/local/lib/node_modules/firebase-tools/node_modules/winston-transport/node_modules/readable-stream/lib/_stream_writable.js:428:64)
    at writeOrBuffer (/usr/local/lib/node_modules/firebase-tools/node_modules/winston-transport/node_modules/readable-stream/lib/_stream_writable.js:417:5)
    at Writable.write (/usr/local/lib/node_modules/firebase-tools/node_modules/winston-transport/node_modules/readable-stream/lib/_stream_writable.js:334:11)
    at DerivedLogger.ondata (/usr/local/lib/node_modules/firebase-tools/node_modules/readable-stream/lib/_stream_readable.js:681:20)
    at DerivedLogger.emit (node:events:525:35)
    at DerivedLogger.emit (node:domain:489:12)
    at addChunk (/usr/local/lib/node_modules/firebase-tools/node_modules/readable-stream/lib/_stream_readable.js:298:12)
[error] 
[error] Error: An unexpected error has occurred.
[debug] [2023-02-06T18:47:53.138Z] Error: write EIO
    at afterWriteDispatched (node:internal/stream_base_commons:160:15)
    at writeGeneric (node:internal/stream_base_commons:151:3)
    at Socket._writeGeneric (node:net:917:11)
    at Socket._write (node:net:929:8)
    at writeOrBuffer (node:internal/streams/writable:392:12)
    at _write (node:internal/streams/writable:333:10)
    at Writable.write (node:internal/streams/writable:337:10)
    at Console.log (/usr/local/lib/node_modules/firebase-tools/node_modules/winston/lib/winston/transports/console.js:79:23)
    at Console._write (/usr/local/lib/node_modules/firebase-tools/node_modules/winston-transport/index.js:103:17)
    at doWrite (/usr/local/lib/node_modules/firebase-tools/node_modules/winston-transport/node_modules/readable-stream/lib/_stream_writable.js:428:64)
    at writeOrBuffer (/usr/local/lib/node_modules/firebase-tools/node_modules/winston-transport/node_modules/readable-stream/lib/_stream_writable.js:417:5)
    at Writable.write (/usr/local/lib/node_modules/firebase-tools/node_modules/winston-transport/node_modules/readable-stream/lib/_stream_writable.js:334:11)
    at DerivedLogger.ondata (/usr/local/lib/node_modules/firebase-tools/node_modules/readable-stream/lib/_stream_readable.js:681:20)
    at DerivedLogger.emit (node:events:525:35)
    at DerivedLogger.emit (node:domain:489:12)
    at addChunk (/usr/local/lib/node_modules/firebase-tools/node_modules/readable-stream/lib/_stream_readable.js:298:12)
[error] 
[error] Error: An unexpected error has occurred.
[debug] [2023-02-06T18:47:53.138Z] Error: write EIO
    at afterWriteDispatched (node:internal/stream_base_commons:160:15)
    at writeGeneric (node:internal/stream_base_commons:151:3)
    at Socket._writeGeneric (node:net:917:11)
    at Socket._write (node:net:929:8)
    at writeOrBuffer (node:internal/streams/writable:392:12)
    at _write (node:internal/streams/writable:333:10)
    at Writable.write (node:internal/streams/writable:337:10)
    at Console.log (/usr/local/lib/node_modules/firebase-tools/node_modules/winston/lib/winston/transports/console.js:79:23)
    at Console._write (/usr/local/lib/node_modules/firebase-tools/node_modules/winston-transport/index.js:103:17)
    at doWrite (/usr/local/lib/node_modules/firebase-tools/node_modules/winston-transport/node_modules/readable-stream/lib/_stream_writable.js:428:64)
    at writeOrBuffer (/usr/local/lib/node_modules/firebase-tools/node_modules/winston-transport/node_modules/readable-stream/lib/_stream_writable.js:417:5)
    at Writable.write (/usr/local/lib/node_modules/firebase-tools/node_modules/winston-transport/node_modules/readable-stream/lib/_stream_writable.js:334:11)
    at DerivedLogger.ondata (/usr/local/lib/node_modules/firebase-tools/node_modules/readable-stream/lib/_stream_readable.js:681:20)
    at DerivedLogger.emit (node:events:525:35)
    at DerivedLogger.emit (node:domain:489:12)
    at addChunk (/usr/local/lib/node_modules/firebase-tools/node_modules/readable-stream/lib/_stream_readable.js:298:12)
[error] 
[error] Error: An unexpected error has occurred.
[debug] [2023-02-06T18:47:53.138Z] Error: write EIO
    at afterWriteDispatched (node:internal/stream_base_commons:160:15)
    at writeGeneric (node:internal/stream_base_commons:151:3)
    at Socket._writeGeneric (node:net:917:11)
    at Socket._write (node:net:929:8)
    at writeOrBuffer (node:internal/streams/writable:392:12)
    at _write (node:internal/streams/writable:333:10)
    at Writable.write (node:internal/streams/writable:337:10)
    at Console.log (/usr/local/lib/node_modules/firebase-tools/node_modules/winston/lib/winston/transports/console.js:79:23)
    at Console._write (/usr/local/lib/node_modules/firebase-tools/node_modules/winston-transport/index.js:103:17)
    at doWrite (/usr/local/lib/node_modules/firebase-tools/node_modules/winston-transport/node_modules/readable-stream/lib/_stream_writable.js:428:64)
    at writeOrBuffer (/usr/local/lib/node_modules/firebase-tools/node_modules/winston-transport/node_modules/readable-stream/lib/_stream_writable.js:417:5)
    at Writable.write (/usr/local/lib/node_modules/firebase-tools/node_modules/winston-transport/node_modules/readable-stream/lib/_stream_writable.js:334:11)
    at DerivedLogger.ondata (/usr/local/lib/node_modules/firebase-tools/node_modules/readable-stream/lib/_stream_readable.js:681:20)
    at DerivedLogger.emit (node:events:525:35)
    at DerivedLogger.emit (node:domain:489:12)
    at addChunk (/usr/local/lib/node_modules/firebase-tools/node_modules/readable-stream/lib/_stream_readable.js:298:12)
[error] 
[error] Error: An unexpected error has occurred.
[debug] [2023-02-06T18:47:53.138Z] Error: write EIO
    at afterWriteDispatched (node:internal/stream_base_commons:160:15)
    at writeGeneric (node:internal/stream_base_commons:151:3)
    at Socket._writeGeneric (node:net:917:11)
    at Socket._write (node:net:929:8)
    at writeOrBuffer (node:internal/streams/writable:392:12)
    at _write (node:internal/streams/writable:333:10)
    at Writable.write (node:internal/streams/writable:337:10)
    at Console.log (/usr/local/lib/node_modules/firebase-tools/node_modules/winston/lib/winston/transports/console.js:79:23)
    at Console._write (/usr/local/lib/node_modules/firebase-tools/node_modules/winston-transport/index.js:103:17)
    at doWrite (/usr/local/lib/node_modules/firebase-tools/node_modules/winston-transport/node_modules/readable-stream/lib/_stream_writable.js:428:64)
    at writeOrBuffer (/usr/local/lib/node_modules/firebase-tools/node_modules/winston-transport/node_modules/readable-stream/lib/_stream_writable.js:417:5)
    at Writable.write (/usr/local/lib/node_modules/firebase-tools/node_modules/winston-transport/node_modules/readable-stream/lib/_stream_writable.js:334:11)
    at DerivedLogger.ondata (/usr/local/lib/node_modules/firebase-tools/node_modules/readable-stream/lib/_stream_readable.js:681:20)
    at DerivedLogger.emit (node:events:525:35)
    at DerivedLogger.emit (node:domain:489:12)
    at addChunk (/usr/local/lib/node_modules/firebase-tools/node_modules/readable-stream/lib/_stream_readable.js:298:12)
[error] 
[error] Error: An unexpected error has occurred.
[debug] [2023-02-06T18:47:53.138Z] Error: write EIO
    at afterWriteDispatched (node:internal/stream_base_commons:160:15)
    at writeGeneric (node:internal/stream_base_commons:151:3)
    at Socket._writeGeneric (node:net:917:11)
    at Socket._write (node:net:929:8)
    at writeOrBuffer (node:internal/streams/writable:392:12)
    at _write (node:internal/streams/writable:333:10)
    at Writable.write (node:internal/streams/writable:337:10)
    at Console.log (/usr/local/lib/node_modules/firebase-tools/node_modules/winston/lib/winston/transports/console.js:79:23)
    at Console._write (/usr/local/lib/node_modules/firebase-tools/node_modules/winston-transport/index.js:103:17)
    at doWrite (/usr/local/lib/node_modules/firebase-tools/node_modules/winston-transport/node_modules/readable-stream/lib/_stream_writable.js:428:64)
    at writeOrBuffer (/usr/local/lib/node_modules/firebase-tools/node_modules/winston-transport/node_modules/readable-stream/lib/_stream_writable.js:417:5)
    at Writable.write (/usr/local/lib/node_modules/firebase-tools/node_modules/winston-transport/node_modules/readable-stream/lib/_stream_writable.js:334:11)
    at DerivedLogger.ondata (/usr/local/lib/node_modules/firebase-tools/node_modules/readable-stream/lib/_stream_readable.js:681:20)
    at DerivedLogger.emit (node:events:525:35)
    at DerivedLogger.emit (node:domain:489:12)
    at addChunk (/usr/local/lib/node_modules/firebase-tools/node_modules/readable-stream/lib/_stream_readable.js:298:12)
[error] 
[error] Error: An unexpected error has occurred.
[debug] [2023-02-06T18:47:53.139Z] Error: write EIO
    at afterWriteDispatched (node:internal/stream_base_commons:160:15)
    at writeGeneric (node:internal/stream_base_commons:151:3)
    at Socket._writeGeneric (node:net:917:11)
    at Socket._write (node:net:929:8)
    at writeOrBuffer (node:internal/streams/writable:392:12)
    at _write (node:internal/streams/writable:333:10)
    at Writable.write (node:internal/streams/writable:337:10)
    at Console.log (/usr/local/lib/node_modules/firebase-tools/node_modules/winston/lib/winston/transports/console.js:79:23)
    at Console._write (/usr/local/lib/node_modules/firebase-tools/node_modules/winston-transport/index.js:103:17)
    at doWrite (/usr/local/lib/node_modules/firebase-tools/node_modules/winston-transport/node_modules/readable-stream/lib/_stream_writable.js:428:64)
    at writeOrBuffer (/usr/local/lib/node_modules/firebase-tools/node_modules/winston-transport/node_modules/readable-stream/lib/_stream_writable.js:417:5)
    at Writable.write (/usr/local/lib/node_modules/firebase-tools/node_modules/winston-transport/node_modules/readable-stream/lib/_stream_writable.js:334:11)
    at DerivedLogger.ondata (/usr/local/lib/node_modules/firebase-tools/node_modules/readable-stream/lib/_stream_readable.js:681:20)
    at DerivedLogger.emit (node:events:525:35)
    at DerivedLogger.emit (node:domain:489:12)
    at Readable.read (/usr/local/lib/node_modules/firebase-tools/node_modules/readable-stream/lib/_stream_readable.js:483:26)
[error] 
[error] Error: An unexpected error has occurred.
[debug] [2023-02-06T18:47:53.139Z] Error: write EIO
    at afterWriteDispatched (node:internal/stream_base_commons:160:15)
    at writeGeneric (node:internal/stream_base_commons:151:3)
    at Socket._writeGeneric (node:net:917:11)
    at Socket._write (node:net:929:8)
    at writeOrBuffer (node:internal/streams/writable:392:12)
    at _write (node:internal/streams/writable:333:10)
    at Writable.write (node:internal/streams/writable:337:10)
    at Console.log (/usr/local/lib/node_modules/firebase-tools/node_modules/winston/lib/winston/transports/console.js:79:23)
    at Console._write (/usr/local/lib/node_modules/firebase-tools/node_modules/winston-transport/index.js:103:17)
    at doWrite (/usr/local/lib/node_modules/firebase-tools/node_modules/winston-transport/node_modules/readable-stream/lib/_stream_writable.js:428:64)
    at writeOrBuffer (/usr/local/lib/node_modules/firebase-tools/node_modules/winston-transport/node_modules/readable-stream/lib/_stream_writable.js:417:5)
    at Writable.write (/usr/local/lib/node_modules/firebase-tools/node_modules/winston-transport/node_modules/readable-stream/lib/_stream_writable.js:334:11)
    at DerivedLogger.ondata (/usr/local/lib/node_modules/firebase-tools/node_modules/readable-stream/lib/_stream_readable.js:681:20)
    at DerivedLogger.emit (node:events:525:35)
    at DerivedLogger.emit (node:domain:489:12)
    at addChunk (/usr/local/lib/node_modules/firebase-tools/node_modules/readable-stream/lib/_stream_readable.js:298:12)
[error] 
[error] Error: An unexpected error has occurred.
[debug] [2023-02-06T18:47:53.139Z] Error: write EIO
    at afterWriteDispatched (node:internal/stream_base_commons:160:15)
    at writeGeneric (node:internal/stream_base_commons:151:3)
    at Socket._writeGeneric (node:net:917:11)
    at Socket._write (node:net:929:8)
    at writeOrBuffer (node:internal/streams/writable:392:12)
    at _write (node:internal/streams/writable:333:10)
    at Writable.write (node:internal/streams/writable:337:10)
    at Console.log (/usr/local/lib/node_modules/firebase-tools/node_modules/winston/lib/winston/transports/console.js:79:23)
    at Console._write (/usr/local/lib/node_modules/firebase-tools/node_modules/winston-transport/index.js:103:17)
    at doWrite (/usr/local/lib/node_modules/firebase-tools/node_modules/winston-transport/node_modules/readable-stream/lib/_stream_writable.js:428:64)
    at writeOrBuffer (/usr/local/lib/node_modules/firebase-tools/node_modules/winston-transport/node_modules/readable-stream/lib/_stream_writable.js:417:5)
    at Writable.write (/usr/local/lib/node_modules/firebase-tools/node_modules/winston-transport/node_modules/readable-stream/lib/_stream_writable.js:334:11)
    at DerivedLogger.ondata (/usr/local/lib/node_modules/firebase-tools/node_modules/readable-stream/lib/_stream_readable.js:681:20)
    at DerivedLogger.emit (node:events:525:35)
    at DerivedLogger.emit (node:domain:489:12)
    at addChunk (/usr/local/lib/node_modules/firebase-tools/node_modules/readable-stream/lib/_stream_readable.js:298:12)
[error] 
[error] Error: An unexpected error has occurred.
[debug] [2023-02-06T18:47:53.139Z] Error: write EIO
    at afterWriteDispatched (node:internal/stream_base_commons:160:15)
    at writeGeneric (node:internal/stream_base_commons:151:3)
    at Socket._writeGeneric (node:net:917:11)
    at Socket._write (node:net:929:8)
    at writeOrBuffer (node:internal/streams/writable:392:12)
    at _write (node:internal/streams/writable:333:10)
    at Writable.write (node:internal/streams/writable:337:10)
    at Console.log (/usr/local/lib/node_modules/firebase-tools/node_modules/winston/lib/winston/transports/console.js:79:23)
    at Console._write (/usr/local/lib/node_modules/firebase-tools/node_modules/winston-transport/index.js:103:17)
    at doWrite (/usr/local/lib/node_modules/firebase-tools/node_modules/winston-transport/node_modules/readable-stream/lib/_stream_writable.js:428:64)
    at writeOrBuffer (/usr/local/lib/node_modules/firebase-tools/node_modules/winston-transport/node_modules/readable-stream/lib/_stream_writable.js:417:5)
    at Writable.write (/usr/local/lib/node_modules/firebase-tools/node_modules/winston-transport/node_modules/readable-stream/lib/_stream_writable.js:334:11)
    at DerivedLogger.ondata (/usr/local/lib/node_modules/firebase-tools/node_modules/readable-stream/lib/_stream_readable.js:681:20)
    at DerivedLogger.emit (node:events:525:35)
    at DerivedLogger.emit (node:domain:489:12)
    at addChunk (/usr/local/lib/node_modules/firebase-tools/node_modules/readable-stream/lib/_stream_readable.js:298:12)
[error] 
[error] Error: An unexpected error has occurred.
[debug] [2023-02-06T18:47:53.139Z] Error: write EIO
    at afterWriteDispatched (node:internal/stream_base_commons:160:15)
    at writeGeneric (node:internal/stream_base_commons:151:3)
    at Socket._writeGeneric (node:net:917:11)
    at Socket._write (node:net:929:8)
    at writeOrBuffer (node:internal/streams/writable:392:12)
    at _write (node:internal/streams/writable:333:10)
    at Writable.write (node:internal/streams/writable:337:10)
    at Console.log (/usr/local/lib/node_modules/firebase-tools/node_modules/winston/lib/winston/transports/console.js:79:23)
    at Console._write (/usr/local/lib/node_modules/firebase-tools/node_modules/winston-transport/index.js:103:17)
    at doWrite (/usr/local/lib/node_modules/firebase-tools/node_modules/winston-transport/node_modules/readable-stream/lib/_stream_writable.js:428:64)
    at writeOrBuffer (/usr/local/lib/node_modules/firebase-tools/node_modules/winston-transport/node_modules/readable-stream/lib/_stream_writable.js:417:5)
    at Writable.write (/usr/local/lib/node_modules/firebase-tools/node_modules/winston-transport/node_modules/readable-stream/lib/_stream_writable.js:334:11)
    at DerivedLogger.ondata (/usr/local/lib/node_modules/firebase-tools/node_modules/readable-stream/lib/_stream_readable.js:681:20)
    at DerivedLogger.emit (node:events:525:35)
    at DerivedLogger.emit (node:domain:489:12)
    at addChunk (/usr/local/lib/node_modules/firebase-tools/node_modules/readable-stream/lib/_stream_readable.js:298:12)
[error] 
[error] Error: An unexpected error has occurred.
[debug] [2023-02-06T18:47:53.139Z] Error: write EIO
    at afterWriteDispatched (node:internal/stream_base_commons:160:15)
    at writeGeneric (node:internal/stream_base_commons:151:3)
    at Socket._writeGeneric (node:net:917:11)
    at Socket._write (node:net:929:8)
    at writeOrBuffer (node:internal/streams/writable:392:12)
    at _write (node:internal/streams/writable:333:10)
    at Writable.write (node:internal/streams/writable:337:10)
    at Console.log (/usr/local/lib/node_modules/firebase-tools/node_modules/winston/lib/winston/transports/console.js:79:23)
    at Console._write (/usr/local/lib/node_modules/firebase-tools/node_modules/winston-transport/index.js:103:17)
    at doWrite (/usr/local/lib/node_modules/firebase-tools/node_modules/winston-transport/node_modules/readable-stream/lib/_stream_writable.js:428:64)
    at writeOrBuffer (/usr/local/lib/node_modules/firebase-tools/node_modules/winston-transport/node_modules/readable-stream/lib/_stream_writable.js:417:5)
    at Writable.write (/usr/local/lib/node_modules/firebase-tools/node_modules/winston-transport/node_modules/readable-stream/lib/_stream_writable.js:334:11)
    at DerivedLogger.ondata (/usr/local/lib/node_modules/firebase-tools/node_modules/readable-stream/lib/_stream_readable.js:681:20)
    at DerivedLogger.emit (node:events:525:35)
    at DerivedLogger.emit (node:domain:489:12)
    at addChunk (/usr/local/lib/node_modules/firebase-tools/node_modules/readable-stream/lib/_stream_readable.js:298:12)
[error] 
[error] Error: An unexpected error has occurred.
[debug] [2023-02-06T18:47:53.140Z] Error: write EIO
    at afterWriteDispatched (node:internal/stream_base_commons:160:15)
    at writeGeneric (node:internal/stream_base_commons:151:3)
    at Socket._writeGeneric (node:net:917:11)
    at Socket._write (node:net:929:8)
    at writeOrBuffer (node:internal/streams/writable:392:12)
    at _write (node:internal/streams/writable:333:10)
    at Writable.write (node:internal/streams/writable:337:10)
    at Console.log (/usr/local/lib/node_modules/firebase-tools/node_modules/winston/lib/winston/transports/console.js:79:23)
    at Console._write (/usr/local/lib/node_modules/firebase-tools/node_modules/winston-transport/index.js:103:17)
    at doWrite (/usr/local/lib/node_modules/firebase-tools/node_modules/winston-transport/node_modules/readable-stream/lib/_stream_writable.js:428:64)
    at writeOrBuffer (/usr/local/lib/node_modules/firebase-tools/node_modules/winston-transport/node_modules/readable-stream/lib/_stream_writable.js:417:5)
    at Writable.write (/usr/local/lib/node_modules/firebase-tools/node_modules/winston-transport/node_modules/readable-stream/lib/_stream_writable.js:334:11)
    at DerivedLogger.ondata (/usr/local/lib/node_modules/firebase-tools/node_modules/readable-stream/lib/_stream_readable.js:681:20)
    at DerivedLogger.emit (node:events:525:35)
    at DerivedLogger.emit (node:domain:489:12)
    at addChunk (/usr/local/lib/node_modules/firebase-tools/node_modules/readable-stream/lib/_stream_readable.js:298:12)
[error] 
[error] Error: An unexpected error has occurred.
[debug] [2023-02-06T18:47:53.140Z] Error: write EIO
    at afterWriteDispatched (node:internal/stream_base_commons:160:15)
    at writeGeneric (node:internal/stream_base_commons:151:3)
    at Socket._writeGeneric (node:net:917:11)
    at Socket._write (node:net:929:8)
    at writeOrBuffer (node:internal/streams/writable:392:12)
    at _write (node:internal/streams/writable:333:10)
    at Writable.write (node:internal/streams/writable:337:10)
    at Console.log (/usr/local/lib/node_modules/firebase-tools/node_modules/winston/lib/winston/transports/console.js:79:23)
    at Console._write (/usr/local/lib/node_modules/firebase-tools/node_modules/winston-transport/index.js:103:17)
    at doWrite (/usr/local/lib/node_modules/firebase-tools/node_modules/winston-transport/node_modules/readable-stream/lib/_stream_writable.js:428:64)
    at writeOrBuffer (/usr/local/lib/node_modules/firebase-tools/node_modules/winston-transport/node_modules/readable-stream/lib/_stream_writable.js:417:5)
    at Writable.write (/usr/local/lib/node_modules/firebase-tools/node_modules/winston-transport/node_modules/readable-stream/lib/_stream_writable.js:334:11)
    at DerivedLogger.ondata (/usr/local/lib/node_modules/firebase-tools/node_modules/readable-stream/lib/_stream_readable.js:681:20)
    at DerivedLogger.emit (node:events:525:35)
    at DerivedLogger.emit (node:domain:489:12)
    at addChunk (/usr/local/lib/node_modules/firebase-tools/node_modules/readable-stream/lib/_stream_readable.js:298:12)
[error] 
[error] Error: An unexpected error has occurred.
[debug] [2023-02-06T18:47:53.140Z] Error: write EIO
    at afterWriteDispatched (node:internal/stream_base_commons:160:15)
    at writeGeneric (node:internal/stream_base_commons:151:3)
    at Socket._writeGeneric (node:net:917:11)
    at Socket._write (node:net:929:8)
    at writeOrBuffer (node:internal/streams/writable:392:12)
    at _write (node:internal/streams/writable:333:10)
    at Writable.write (node:internal/streams/writable:337:10)
    at Console.log (/usr/local/lib/node_modules/firebase-tools/node_modules/winston/lib/winston/transports/console.js:79:23)
    at Console._write (/usr/local/lib/node_modules/firebase-tools/node_modules/winston-transport/index.js:103:17)
    at doWrite (/usr/local/lib/node_modules/firebase-tools/node_modules/winston-transport/node_modules/readable-stream/lib/_stream_writable.js:428:64)
    at writeOrBuffer (/usr/local/lib/node_modules/firebase-tools/node_modules/winston-transport/node_modules/readable-stream/lib/_stream_writable.js:417:5)
    at Writable.write (/usr/local/lib/node_modules/firebase-tools/node_modules/winston-transport/node_modules/readable-stream/lib/_stream_writable.js:334:11)
    at DerivedLogger.ondata (/usr/local/lib/node_modules/firebase-tools/node_modules/readable-stream/lib/_stream_readable.js:681:20)
    at DerivedLogger.emit (node:events:525:35)
    at DerivedLogger.emit (node:domain:489:12)
    at addChunk (/usr/local/lib/node_modules/firebase-tools/node_modules/readable-stream/lib/_stream_readable.js:298:12)
[error] 
[error] Error: An unexpected error has occurred.
[debug] [2023-02-06T18:47:53.140Z] Error: write EIO
    at afterWriteDispatched (node:internal/stream_base_commons:160:15)
    at writeGeneric (node:internal/stream_base_commons:151:3)
    at Socket._writeGeneric (node:net:917:11)
    at Socket._write (node:net:929:8)
    at writeOrBuffer (node:internal/streams/writable:392:12)
    at _write (node:internal/streams/writable:333:10)
    at Writable.write (node:internal/streams/writable:337:10)
    at Console.log (/usr/local/lib/node_modules/firebase-tools/node_modules/winston/lib/winston/transports/console.js:79:23)
    at Console._write (/usr/local/lib/node_modules/firebase-tools/node_modules/winston-transport/index.js:103:17)
    at doWrite (/usr/local/lib/node_modules/firebase-tools/node_modules/winston-transport/node_modules/readable-stream/lib/_stream_writable.js:428:64)
    at writeOrBuffer (/usr/local/lib/node_modules/firebase-tools/node_modules/winston-transport/node_modules/readable-stream/lib/_stream_writable.js:417:5)
    at Writable.write (/usr/local/lib/node_modules/firebase-tools/node_modules/winston-transport/node_modules/readable-stream/lib/_stream_writable.js:334:11)
    at DerivedLogger.ondata (/usr/local/lib/node_modules/firebase-tools/node_modules/readable-stream/lib/_stream_readable.js:681:20)
    at DerivedLogger.emit (node:events:525:35)
    at DerivedLogger.emit (node:domain:489:12)
    at addChunk (/usr/local/lib/node_modules/firebase-tools/node_modules/readable-stream/lib/_stream_readable.js:298:12)
[error] 
[error] Error: An unexpected error has occurred.
[debug] [2023-02-06T18:47:53.140Z] Error: write EIO
    at afterWriteDispatched (node:internal/stream_base_commons:160:15)
    at writeGeneric (node:internal/stream_base_commons:151:3)
    at Socket._writeGeneric (node:net:917:11)
    at Socket._write (node:net:929:8)
    at writeOrBuffer (node:internal/streams/writable:392:12)
    at _write (node:internal/streams/writable:333:10)
    at Writable.write (node:internal/streams/writable:337:10)
    at Console.log (/usr/local/lib/node_modules/firebase-tools/node_modules/winston/lib/winston/transports/console.js:79:23)
    at Console._write (/usr/local/lib/node_modules/firebase-tools/node_modules/winston-transport/index.js:103:17)
    at doWrite (/usr/local/lib/node_modules/firebase-tools/node_modules/winston-transport/node_modules/readable-stream/lib/_stream_writable.js:428:64)
    at writeOrBuffer (/usr/local/lib/node_modules/firebase-tools/node_modules/winston-transport/node_modules/readable-stream/lib/_stream_writable.js:417:5)
    at Writable.write (/usr/local/lib/node_modules/firebase-tools/node_modules/winston-transport/node_modules/readable-stream/lib/_stream_writable.js:334:11)
    at DerivedLogger.ondata (/usr/local/lib/node_modules/firebase-tools/node_modules/readable-stream/lib/_stream_readable.js:681:20)
    at DerivedLogger.emit (node:events:525:35)
    at DerivedLogger.emit (node:domain:489:12)
    at addChunk (/usr/local/lib/node_modules/firebase-tools/node_modules/readable-stream/lib/_stream_readable.js:298:12)
[error] 
[error] Error: An unexpected error has occurred.
[debug] [2023-02-06T18:47:53.141Z] Error: write EIO
    at afterWriteDispatched (node:internal/stream_base_commons:160:15)
    at writeGeneric (node:internal/stream_base_commons:151:3)
    at Socket._writeGeneric (node:net:917:11)
    at Socket._write (node:net:929:8)
    at writeOrBuffer (node:internal/streams/writable:392:12)
    at _write (node:internal/streams/writable:333:10)
    at Writable.write (node:internal/streams/writable:337:10)
    at Console.log (/usr/local/lib/node_modules/firebase-tools/node_modules/winston/lib/winston/transports/console.js:79:23)
    at Console._write (/usr/local/lib/node_modules/firebase-tools/node_modules/winston-transport/index.js:103:17)
    at doWrite (/usr/local/lib/node_modules/firebase-tools/node_modules/winston-transport/node_modules/readable-stream/lib/_stream_writable.js:428:64)
    at writeOrBuffer (/usr/local/lib/node_modules/firebase-tools/node_modules/winston-transport/node_modules/readable-stream/lib/_stream_writable.js:417:5)
    at Writable.write (/usr/local/lib/node_modules/firebase-tools/node_modules/winston-transport/node_modules/readable-stream/lib/_stream_writable.js:334:11)
    at DerivedLogger.ondata (/usr/local/lib/node_modules/firebase-tools/node_modules/readable-stream/lib/_stream_readable.js:681:20)
    at DerivedLogger.emit (node:events:525:35)
    at DerivedLogger.emit (node:domain:489:12)
    at Readable.read (/usr/local/lib/node_modules/firebase-tools/node_modules/readable-stream/lib/_stream_readable.js:483:26)
[error] 
[error] Error: An unexpected error has occurred.
[debug] [2023-02-06T18:47:53.141Z] Error: write EIO
    at afterWriteDispatched (node:internal/stream_base_commons:160:15)
    at writeGeneric (node:internal/stream_base_commons:151:3)
    at Socket._writeGeneric (node:net:917:11)
    at Socket._write (node:net:929:8)
    at writeOrBuffer (node:internal/streams/writable:392:12)
    at _write (node:internal/streams/writable:333:10)
    at Writable.write (node:internal/streams/writable:337:10)
    at Console.log (/usr/local/lib/node_modules/firebase-tools/node_modules/winston/lib/winston/transports/console.js:79:23)
    at Console._write (/usr/local/lib/node_modules/firebase-tools/node_modules/winston-transport/index.js:103:17)
    at doWrite (/usr/local/lib/node_modules/firebase-tools/node_modules/winston-transport/node_modules/readable-stream/lib/_stream_writable.js:428:64)
    at writeOrBuffer (/usr/local/lib/node_modules/firebase-tools/node_modules/winston-transport/node_modules/readable-stream/lib/_stream_writable.js:417:5)
    at Writable.write (/usr/local/lib/node_modules/firebase-tools/node_modules/winston-transport/node_modules/readable-stream/lib/_stream_writable.js:334:11)
    at DerivedLogger.ondata (/usr/local/lib/node_modules/firebase-tools/node_modules/readable-stream/lib/_stream_readable.js:681:20)
    at DerivedLogger.emit (node:events:525:35)
    at DerivedLogger.emit (node:domain:489:12)
    at addChunk (/usr/local/lib/node_modules/firebase-tools/node_modules/readable-stream/lib/_stream_readable.js:298:12)
[error] 
[error] Error: An unexpected error has occurred.
[debug] [2023-02-06T18:47:53.141Z] Error: write EIO
    at afterWriteDispatched (node:internal/stream_base_commons:160:15)
    at writeGeneric (node:internal/stream_base_commons:151:3)
    at Socket._writeGeneric (node:net:917:11)
    at Socket._write (node:net:929:8)
    at writeOrBuffer (node:internal/streams/writable:392:12)
    at _write (node:internal/streams/writable:333:10)
    at Writable.write (node:internal/streams/writable:337:10)
    at Console.log (/usr/local/lib/node_modules/firebase-tools/node_modules/winston/lib/winston/transports/console.js:79:23)
    at Console._write (/usr/local/lib/node_modules/firebase-tools/node_modules/winston-transport/index.js:103:17)
    at doWrite (/usr/local/lib/node_modules/firebase-tools/node_modules/winston-transport/node_modules/readable-stream/lib/_stream_writable.js:428:64)
    at writeOrBuffer (/usr/local/lib/node_modules/firebase-tools/node_modules/winston-transport/node_modules/readable-stream/lib/_stream_writable.js:417:5)
    at Writable.write (/usr/local/lib/node_modules/firebase-tools/node_modules/winston-transport/node_modules/readable-stream/lib/_stream_writable.js:334:11)
    at DerivedLogger.ondata (/usr/local/lib/node_modules/firebase-tools/node_modules/readable-stream/lib/_stream_readable.js:681:20)
    at DerivedLogger.emit (node:events:525:35)
    at DerivedLogger.emit (node:domain:489:12)
    at addChunk (/usr/local/lib/node_modules/firebase-tools/node_modules/readable-stream/lib/_stream_readable.js:298:12)
[error] 
[error] Error: An unexpected error has occurred.
[debug] [2023-02-06T18:47:53.141Z] Error: write EIO
    at afterWriteDispatched (node:internal/stream_base_commons:160:15)
    at writeGeneric (node:internal/stream_base_commons:151:3)
    at Socket._writeGeneric (node:net:917:11)
    at Socket._write (node:net:929:8)
    at writeOrBuffer (node:internal/streams/writable:392:12)
    at _write (node:internal/streams/writable:333:10)
    at Writable.write (node:internal/streams/writable:337:10)
    at Console.log (/usr/local/lib/node_modules/firebase-tools/node_modules/winston/lib/winston/transports/console.js:79:23)
    at Console._write (/usr/local/lib/node_modules/firebase-tools/node_modules/winston-transport/index.js:103:17)
    at doWrite (/usr/local/lib/node_modules/firebase-tools/node_modules/winston-transport/node_modules/readable-stream/lib/_stream_writable.js:428:64)
    at writeOrBuffer (/usr/local/lib/node_modules/firebase-tools/node_modules/winston-transport/node_modules/readable-stream/lib/_stream_writable.js:417:5)
    at Writable.write (/usr/local/lib/node_modules/firebase-tools/node_modules/winston-transport/node_modules/readable-stream/lib/_stream_writable.js:334:11)
    at DerivedLogger.ondata (/usr/local/lib/node_modules/firebase-tools/node_modules/readable-stream/lib/_stream_readable.js:681:20)
    at DerivedLogger.emit (node:events:525:35)
    at DerivedLogger.emit (node:domain:489:12)
    at addChunk (/usr/local/lib/node_modules/firebase-tools/node_modules/readable-stream/lib/_stream_readable.js:298:12)
[error] 
[error] Error: An unexpected error has occurred.
[debug] [2023-02-06T18:47:53.141Z] Error: write EIO
    at afterWriteDispatched (node:internal/stream_base_commons:160:15)
    at writeGeneric (node:internal/stream_base_commons:151:3)
    at Socket._writeGeneric (node:net:917:11)
    at Socket._write (node:net:929:8)
    at writeOrBuffer (node:internal/streams/writable:392:12)
    at _write (node:internal/streams/writable:333:10)
    at Writable.write (node:internal/streams/writable:337:10)
    at Console.log (/usr/local/lib/node_modules/firebase-tools/node_modules/winston/lib/winston/transports/console.js:79:23)
    at Console._write (/usr/local/lib/node_modules/firebase-tools/node_modules/winston-transport/index.js:103:17)
    at doWrite (/usr/local/lib/node_modules/firebase-tools/node_modules/winston-transport/node_modules/readable-stream/lib/_stream_writable.js:428:64)
    at writeOrBuffer (/usr/local/lib/node_modules/firebase-tools/node_modules/winston-transport/node_modules/readable-stream/lib/_stream_writable.js:417:5)
    at Writable.write (/usr/local/lib/node_modules/firebase-tools/node_modules/winston-transport/node_modules/readable-stream/lib/_stream_writable.js:334:11)
    at DerivedLogger.ondata (/usr/local/lib/node_modules/firebase-tools/node_modules/readable-stream/lib/_stream_readable.js:681:20)
    at DerivedLogger.emit (node:events:525:35)
    at DerivedLogger.emit (node:domain:489:12)
    at addChunk (/usr/local/lib/node_modules/firebase-tools/node_modules/readable-stream/lib/_stream_readable.js:298:12)
[error] 
[error] Error: An unexpected error has occurred.
[debug] [2023-02-06T18:47:53.141Z] Error: write EIO
    at afterWriteDispatched (node:internal/stream_base_commons:160:15)
    at writeGeneric (node:internal/stream_base_commons:151:3)
    at Socket._writeGeneric (node:net:917:11)
    at Socket._write (node:net:929:8)
    at writeOrBuffer (node:internal/streams/writable:392:12)
    at _write (node:internal/streams/writable:333:10)
    at Writable.write (node:internal/streams/writable:337:10)
    at Console.log (/usr/local/lib/node_modules/firebase-tools/node_modules/winston/lib/winston/transports/console.js:79:23)
    at Console._write (/usr/local/lib/node_modules/firebase-tools/node_modules/winston-transport/index.js:103:17)
    at doWrite (/usr/local/lib/node_modules/firebase-tools/node_modules/winston-transport/node_modules/readable-stream/lib/_stream_writable.js:428:64)
    at writeOrBuffer (/usr/local/lib/node_modules/firebase-tools/node_modules/winston-transport/node_modules/readable-stream/lib/_stream_writable.js:417:5)
    at Writable.write (/usr/local/lib/node_modules/firebase-tools/node_modules/winston-transport/node_modules/readable-stream/lib/_stream_writable.js:334:11)
    at DerivedLogger.ondata (/usr/local/lib/node_modules/firebase-tools/node_modules/readable-stream/lib/_stream_readable.js:681:20)
    at DerivedLogger.emit (node:events:525:35)
    at DerivedLogger.emit (node:domain:489:12)
    at addChunk (/usr/local/lib/node_modules/firebase-tools/node_modules/readable-stream/lib/_stream_readable.js:298:12)
