contestant_id,name,first_name,last_name,nick_name,hometown,photo_url
103755,Anita Ellis,Anita,Ellis,,"Blackfoot, ID",
105347,Jesse Harris,Jesse,Harris,,"Itasca, TX",
74776,Kara Kreder,Kara,Kreder,,"Decatur, TX",
105421,Taylor Baize,Taylor,Baize,,"San Angelo, TX",
114272,Molly Harper,Molly,Harper,,"Gardendale, TX",
91036,Lindsey McCuistion,Lindsey,McCuistion,,"Sanger, TX",
105728,Brooklyn Balch,Brooklyn,Balch,,"Buckholts, TX",
97755,Ashley Parks,Ashley,Parks,,"Dania Beach, FL",
102110,Josey Murphy,Josey,Murphy,,"Keachi, LA",
75108,Katelyn Scott,Katelyn,Scott,,"Odessa, TX",
97696,BryAnna Haluptzok,BryAnna,Haluptzok,,"Ardmore, OK",
73915,Sharin Hall,Sharin,Hall,,"Pilot Point, TX",
107846,Alyssa MacDonald,Alyssa,MacDonald,,"Hallettsville, TX",
73569,Cheyenne Wimberley,Cheyenne,Wimberley,,"Stephenville, TX",/images/2020/11/5/10_Wimberley_Cheyenne_2019_blue.png
76021,Cassidy Deen,Cassidy,Deen,,"Wills Point, TX",
106789,Gracen Harman,Gracen,Harman,,"Hempstead, TX",
105534,Kaycee Killingsworth,Kaycee,Killingsworth,,"Thrall, TX",
74027,Andrea Busby,Andrea,Busby,,"Brock, TX",/images/2024/11/26/Busby_Andrea.png
74515,Bobbi Olson,Bobbi,Olson,,"Sheyenne, ND",
110042,Faith Nolte,Faith,Nolte,,"Purmela, TX",
101004,Katie Halbert,Katie,Halbert,,"Port Lavaca, TX",
107852,Krystal Dillman,Krystal,Dillman,,"Navasota, TX",
73958,Michelle Alley,Michelle,Alley,,"Madisonville, TX",
100885,Steely Steiner,Steely,Steiner,,"Weatherford, TX",
107724,Julie Plourde,Julie,Plourde,,"Krum, TX",
108604,Emma Ricke,Emma,Ricke,,"Lawton, IA",
76744,Jackie Ganter,Jackie,Ganter,,"Abilene, TX",
95202,Sissy Winn,Sissy,Winn,,"Chapman Ranch, TX",/images/2022/10/20/sissy_winn_2_71.png
104667,Fallon Forbes Hale,Fallon,Forbes Hale,,"O'Donnell, TX",
73870,LaTricia Duke,LaTricia,Duke,,"Henrietta, TX",/images/2024/11/26/Duke_LaTricia_24.png
73782,Jana Bean,Jana,Bean,,"Ft. Hancock, TX",
105293,Acey Pinkston,Acey,Pinkston,,"Stephenville, TX",
112055,Morgan Bagnell,Morgan,Bagnell,,"Heath, TX",
110044,Emma Parr,Emma,Parr,,"Greensboro, AL",
110182,Makenzie Mayes,Makenzie,Mayes,,"Scroggins, TX",
102751,Jordan Driver,Jordan,Driver,,"Garden City, TX",
100998,Tayla Moeykens,Tayla,Moeykens,,"Three Forks, MT",
74320,Ryann Pedone,Ryann,Pedone,,"Thackerville, OK",/images/2020/11/5/11_Pedone_Ryann_Blue.png
103082,Sydney Graham,Sydney,Graham,,"Abilene, TX",
74344,Carlee Otero,Carlee,Otero,,"Lipan, TX",/images/2024/11/26/Otero_Carlee.png
109038,Blake Molle,Blake,Molle,,"Chauvin, AB",
103282,Kappie Bryant,Kappie,Bryant,,"Sunset, TX",
74769,Emily Beisel,Emily,Beisel,,"Weatherford, OK",/images/2020/11/5/12_Miller_Emily_blue.png
92197,Hailey Kinsel,Hailey,Kinsel,,"Cotulla, TX",/images/2024/11/26/hailey_kinsel.png
96299,Halyn Lide,Halyn,Lide,,"China Spring, TX",/images/2024/11/26/Lide_Halyn.png
96693,Helen Nowosad,Helen,Nowosad,,"Stephenville, TX",
97631,Ashley Castleberry,Ashley,Castleberry,,"Montgomery, TX",/images/2024/11/26/Castleberry_Ashley.png
99561,Austyn Tobey,Austyn,Tobey,,"Bemidji, MN",
104534,McKenna Coronado,McKenna,Coronado,,"Kanarraville, UT",
74645,Stevi Hillman,Stevi,Hillman,,"Granbury, TX",/images/2022/11/11/2022_stevi_hillman.png
110085,Morgan Addison,Morgan,Addison,,"Wolfforth, TX",
74067,Shelley Morgan,Shelley,Morgan,,"Eustace, TX",/images/2022/11/11/2022_shelley_morgan.png
96251,Alyssa Urbanek-Wade,Alyssa,Urbanek-Wade,,"Stephenville, TX",
74779,Lacey Donegan,Lacey,Donegan,,"Bluff Dale, TX",
92663,Jodee Miller Pedone,Jodee,Miller Pedone,,"Santo, TX",
73894,Brittany Pozzi Tonozzi,Brittany,Pozzi Tonozzi,,"Lampasas, TX",/images/2020/11/4/brittany_pozzi_2020.png
75813,Stephanie Fryar,Stephanie,Fryar,,"Waco, TX",
73897,Neelley Armes,Neelley,Armes,,"Stephenville, TX",
74053,Ashley Guest-Armstrong,Ashley,Guest-Armstrong,,"Rocksprings, TX",
93729,Loni Yates,Loni,Yates,,"Gonzales, TX",
100026,McKenna Hickson,McKenna,Hickson,,"Casper, WY",
100197,Shayla Smith,Shayla,Smith,,"Stephenville, TX",
100331,Lari Guy,Lari,Guy,,"Abilene, TX",/images/2020/11/10/06_Guy_Lari_Dee_blue.png
100336,Hope Thompson,Hope,Thompson,,"Abilene, TX",/images/2020/11/11/13_Thompson_Hope_Blue.png
100366,Cadee Williams,Cadee,Williams,,"Big Timber, MT",
100380,Jackie Crawford,Jackie,Crawford,,"Stephenville, TX",/images/2020/11/10/01_Crawford_Jackie_Blue.png
101667,Winter Williams,Winter,Williams,,"Copan, OK",
102336,Kinlie Brennise,Kinlie,Brennise,,"Craig, CO",
102353,Bailey Bates,Bailey,Bates,,"Tohatchi, NM",
103077,Aspen Miller,Aspen,Miller,,"Santa Fe, TX",
103557,Molly Hamilton,Molly,Hamilton,,"Shawnee, OK",
104715,Karrigan Graves,Karrigan,Graves,,"Kentwood, LA",
105248,Hadley Parker,Hadley,Parker,,"Novice, TX",
107609,Carlee Martinez,Carlee,Martinez,,"George West, TX",
107713,Melyssa McDonald,Melyssa,McDonald,,"Post, TX",
109014,McKenna Brennan,McKenna,Brennan,,"Springtown, TX",
109416,Summer Williams,Summer,Williams,,"Mineral Wells, TX",
109492,Jessi Everett,Jessi,Everett,,"Tarzan, TX",
109856,Hannah Phillips,Hannah,Phillips,,"Brookshire, TX",
109980,Emilee Charlesworth,Emilee,Charlesworth,,"Marathon, TX",
113069,Alissa Erickson,Alissa,Erickson,,"Snelling, CA",
113422,Tayler Eiguren,Tayler,Eiguren,,"Arock, OR",
113692,Elizabeth Frost,Elizabeth,Frost,,"McGregor, TX",
114326,Katlyn Hooper,Katlyn,Hooper,,"Crescent, OK",
113247,Ryann Packard,Ryann,Packard,,"Mineral Wells, TX",
107546,Jade Mitchell,Jade,Mitchell,,"Weatherford, TX",
99967,TiAda Gray,TiAda,Gray,,"May, TX",
100129,Whitney Profili,Whitney,Profili,,"Normangee, TX",
100893,Sawyer Gilbert,Sawyer,Gilbert,,"Buffalo, SD",
103684,Madalyn Richards,Madalyn,Richards,,"Hereford, TX",
105496,Braylee Shepherd,Braylee,Shepherd,,"Fitzhugh, OK",
113235,Kirby Rawlinson,Kirby,Rawlinson,,"Waller, TX",
101363,Maddy Jacobs,Maddy,Jacobs,,"Hope, NM",
100447,Sloan Anderson,Sloan,Anderson,,"Whitehorse, SD",
103133,Tiffany Schieck,Tiffany,Schieck,,"Floresville, TX",
102367,Brighton Bauman,Brighton,Bauman,,"Burleson, TX",
100379,Kelsie Domer,Kelsie,Domer,,"Dublin, TX",
92481,Taylor Engesser,Taylor,Engesser,,"Spearfish, SD",
100202,Rickie Fanning,Rickie,Fanning,,"Martin, SD",
100334,Taylor Munsell,Taylor,Munsell,,"Alva, OK",
102916,Josie Conner,Josie,Conner,,"Iowa, LA",
103146,Lauren Hopkins,Lauren,Hopkins,,"Lipan, TX",
101461,Madison Outhier,Madison,Outhier,,"Utopia, TX",
113261,Maddi Hickmon,Maddi,Hickmon,,"Peaster, TX",
96388,Jimmie Smith,Jimmie,Smith,,"McDade, TX",/images/2020/11/4/04_Smith_Jimmie_cutout_71.png
109982,Haiden Thompson,Haiden,Thompson,,"Yoder, WY",
100335,Kirsten George,Kirsten,George,,"Nacogdoches, TX",
105344,Rylee George,Rylee,George,,"Oakdale, CA",
99973,Erin Johnson,Erin,Johnson,,"Fowler, CO",/images/2020/11/11/15_Johnson_Erin_blue.png
100088,Cheyanne McCartney,Cheyanne,McCartney,,"Kingston, OK",
100369,Martha Angelone,Martha,Angelone,,"Stephenville, TX",/images/2020/11/10/03_Angelone_Martha_blue.png
101382,Beau Peterson,Beau,Peterson,,"Council Grove, KS",
101971,Jordi Edens-Mitchell,Jordi,Edens-Mitchell,,"Stephenville, TX",
103679,Hali Williams,Hali,Williams,,"Comanche, TX",
108506,Payton Johnson,Payton,Johnson,,"Stephenville, TX",
113103,Jaci Hammons,Jaci,Hammons,,"Dublin, TX",
109993,McKinlee Paschal,McKinlee,Paschal,,"Madisonville, TX",
74057,Tammy Lowe,Tammy,Lowe,,"Gilmer, TX",
102875,Delaney Siebert,Delaney,Siebert,,"Millsap, TX",
100996,Kylee Scribner,Kylee,Scribner,,"Bellevue, TX",
113547,Hevenli Scribner,Hevenli,Scribner,,"Azle, TX",
74698,JJ Baldwin,JJ,Baldwin,,"Lufkin, TX",
99780,Charla Wooten,Charla,Wooten,,"Buffalo, TX",
97918,Kaysie Burgess,Kaysie,Burgess,,"Shreveport, LA",
97633,Jo Fisher,Jo,Fisher,,"Millsap, TX",
107578,Reaganlynn Gambill,Reaganlynn,Gambill,,"Magnolia, TX",
96552,Erin Wetzel,Erin,Wetzel,,"Plant City, FL",
109030,Josey Armstrong,Josey,Armstrong,,"Huntington, TX",
113459,Chery Pinkston,Chery,Pinkston,,"Kaufman, TX",
113468,Hazlee Mckenzie,Hazlee,Mckenzie,,"Muldrow, OK",
107594,Kacy Riley,Kacy,Riley,,"Pittsburg, TX",
99445,Sarah Roberts,Sarah,Roberts,,"Millsap, TX",
90691,Karen Little,Karen,Little,,"San Saba, TX",
105267,Hannah Oakley,Hannah,Oakley,,"Dade City, FL",
90391,Summer Cooper,Summer,Cooper,,"Canton, TX",
73987,Andrea Cline,Andrea,Cline,,"Springtown, TX",
108016,Shelley Spence,Shelley,Spence,,"Ben Wheeler, TX",
112065,Jaylan Neatherlin,Jaylan,Neatherlin,,"Brock, TX",
103301,Keylie Tatum,Keylie,Tatum,,"La Plata, NM",
111944,Stormie Wisnoski,Stormie,Wisnoski,,"Navasota, TX",
109476,Caley Walkoviak,Caley,Walkoviak,,"Anderson, TX",
105679,Sierra Scott-Williams,Sierra,Scott-Williams,,"Wills Point, TX",
75846,Kristi Cole,Kristi,Cole,,"Magnolia, TX",
113222,Harley Potter,Harley,Potter,,"Waxahachie, TX",
110183,Mallory Witherspoon,Mallory,Witherspoon,,"Terrell, TX",
113307,Brooke Krolczyk,Brooke,Krolczyk,,"Cypress, TX",
111426,Amie Hennen,Amie,Hennen,,"Gainesvillee, TX",
114048,Gracie-Anne Mason,Gracie-Anne,Mason,,"Lovelady, TX",
73589,Deb Guelly,Deb,Guelly,,"Cat Springs, TX",
75404,Dina Allred,Dina,Allred,,"Golden, TX",
114278,Jessica Kennerly,Jessica,Kennerly,,"Grapeland, TX",
76994,Angela Festervan,Angela,Festervan,,"Benton, LA",
74007,Monica Dike,Monica,Dike,,"Van, TX",
74426,Ashley Harvey,Ashley,Harvey,,"Decatur, TX",
114421,Dallis McEntire,Dallis,McEntire,,"Jacksboro, TX",
114340,Mariel Sanders,Mariel,Sanders,,"Stephenville, TX",
96017,Ashlea Pierce,Ashlea,Pierce,,"Livingston, LA",
102814,Jill DeSouge,Jill,DeSouge,,"Tickfaw, LA",
113124,Brooke Barber,Brooke,Barber,,"Baton Rouge, LA",
113101,Hailey Thompson,Hailey,Thompson,,"Columbia, MS",
111327,Emily Tomlinson,Emily,Tomlinson,,"Edgewater, FL",
111406,Britney Lynd,Britney,Lynd,,"Springhill, LA",
107053,Amber Hutto,Amber,Hutto,,"North Zulch, TX",
102507,Breanna Smith,Breanna,Smith,,"Columbia, LA",
107257,Maggie Stewart,Maggie,Stewart,,"Sheridan, IL",
108112,Anna Williams,Anna,Williams,,"Colfax, LA",
112064,Avery Landry,Avery,Landry,,"Arnaudville, LA",
107595,Jakelyn Primrose,Jakelyn,Primrose,,"Eaglelake, TX",
95677,Amy Wilson,Amy,Wilson,,"Springtown, TX",
100377,Jenna Caldarola,Jenna,Caldarola,,"Stephenville, TX",
106777,Wregan Brown,Wregan,Brown,,"Piedmont, SD",
109976,Jaden Usher,Jaden,Usher,,"Stephenville, TX",
107554,KC-Gail Churchill,KC-Gail,Churchill,,"Waco, TX",
113090,Kathy Hanna,Kathy,Hanna,,"Cleburne, TX",
100205,Hailey Hall,Hailey,Hall,,"Stephenville, TX",
100159,Shelby Osceola-Moody,Shelby,Osceola-Moody,,"Marshall, TX",
109897,Chelsi Arnold,Chelsi,Arnold,,"Ranger, TX",
114309,Amy Ohrt,Amy,Ohrt,,"Victoria, TX",
106190,Kenzie Kelton,Kenzie,Kelton,,"Mayer, AZ",
114145,Hadassah Mullet,Hadassah,Mullet,,"Strasburg, OH",
100389,Abbie Williams,Abbie,Williams,,"Blossum, TX",
101617,Angie Green,Angie,Green,,"Timpson, TX",
102926,Rheagan Cotton,Rheagan,Cotton,,"Fairfield, TX",
113080,Adisyn Henderson,Adisyn,Henderson,,"Silsbee, TX",
113860,A.J. Porter,A.J.,Porter,,"Greenbrier, AR",
100726,Maci Ray,Maci,Ray,,"Mabank, TX",
100194,Jayme Marcrum,Jayme,Marcrum,,"Springtown, TX",
110457,Kirsten Riley,Kirsten,Riley,,"Lindale, TX",
110344,Claire Dale,Claire,Dale,,"Millsap, TX",
113072,Stephanie Braman,Stephanie,Braman,,"Refugio, TX",
102773,McKaitlin McKee,McKaitlin,McKee,,"Hockley, TX",
96054,K.L. Collmorgen,K.L.,Collmorgen,,"Cheyenne, WY",
102182,Taylor Lawson,Taylor,Lawson,,"New Waverly, TX",
113616,Mackenzie Floyed,Mackenzie,Floyed,,"Ville Platte, LA",
73583,Lanita Peirce,Lanita,Peirce,,"Wynnewood, OK",
73667,Lisa Lockhart,Lisa,Lockhart,,"Oelrichs, SD",/images/2020/11/5/13_Lockhart_Lisa_blue.png
73879,Ginger Greene,Ginger,Greene,,"Fort Lupton, CO",
73890,Ivy Hurst,Ivy,Hurst,,"Springer, OK",
74527,Liz Herrin,Liz,Herrin,,"Big Spring, TX",
75502,Tammy Peterson,Tammy,Peterson,,"Woodward, OK",
75933,Nichole Nordahl,Nichole,Nordahl,,"Newkirk, OK",
77295,Denise Shipman,Denise,Shipman,,"Heavener, OK",
81802,Suni Olkjer,Suni,Olkjer,,"Elbert, CO",
89186,Tori Moss,Tori,Moss,,"Decatur, TX",
89760,Kim Squires,Kim,Squires,,"Carnegie, OK",
90666,Tiffany Teehee,Tiffany,Teehee,,"Claremore, OK",
93927,Skyla Peters,Skyla,Peters,,"Liberal, KS",
96493,Brittany Rose,Brittany,Rose,,"Jasper, MO",
96821,Randi Holliday,Randi,Holliday,,"Chouteau, OK",
98021,Leslie Smalygo,Leslie,Smalygo,,"Skiatook, OK",/images/2024/11/26/Smalygo_Leslie.png
104488,Kallie Gates,Kallie,Gates,,"Hydro, OK",
105786,Raelin Jurgens,Raelin,Jurgens,,"Parker, SD",
105915,Jennifer Baker,Jennifer,Baker,,"Garden City, KS",
107444,Kylie Kanngiesser,Kylie,Kanngiesser,,"Attica, KS",
107766,Sarah Hossle,Sarah,Hossle,,"Winner, SD",
107941,Emily Ward,Emily,Ward,,"Miles, TX",
108160,Libby Hoelting,Libby,Hoelting,,"Olpe, KS",
108664,Lakota Elkins,Lakota,Elkins,,"Cuba, MO",
109977,Sommer Creasy,Sommer,Creasy,,"Los Lunas, NM",
110098,Aniko Nelson,Aniko,Nelson,,"Nocona, TX",
110127,Lauren England,Lauren,England,,"Duncan, OK",
110345,Devon Brown,Devon,Brown,,"Stratford, OK",
110586,Keylee Zancanella,Keylee,Zancanella,,"Aurora, SD",
110684,Kaden Burger,Kaden,Burger,,"Pauls Valley, OK",
111283,Marlee Quarles,Marlee,Quarles,,"Pampa, TX",
111422,Hatten Kleeman,Hatten,Kleeman,,"Hay Springs, NE",
111734,Audrey Boyle,Audrey,Boyle,,"Bucyrus, KS",
111956,Sidney Spanel,Sidney,Spanel,,"Vinita, OK",
113194,Jacy Daughenbaugh,Jacy,Daughenbaugh,,"Shallowater, TX",
113239,Sherry Assmann,Sherry,Assmann,,"Cheyenne, OK",
113420,Brittney Baker,Brittney,Baker,,"Olin, NC",
113504,Skyler Sutton,Skyler,Sutton,,"Stephenville, TX",
113751,Ashlee Grinstead,Ashlee,Grinstead,,"Rago, KS",
114233,Marley Eaves,Marley,Eaves,,"Inola, OK",
73650,Sandy McElreath,Sandy,McElreath,,"Cimarron, KS",
93752,Jody McKay,Jody,McKay,,"Red Oak, OK",
113216,Emma Smith,Emma,Smith,,"Pleasanton, TX",
74305,Tara Carr,Tara,Carr,,"Sudan, TX",
74741,Brittany Fellows,Brittany,Fellows,,"Loveland, CO",
90704,Lori Wooten,Lori,Wooten,,"Ft. Towson, OK",
92532,Cierra Nelson,Cierra,Nelson,,"Kiowa, OK",
100809,Cacee Hendrick,Cacee,Hendrick,,"Drumright, OK",
105333,Jetti Lorenz,Jetti,Lorenz,,"Canyon, TX",
74861,Carley Cervi,Carley,Cervi,,"Roggen, CO",
97848,Summer Kosel,Summer,Kosel,,"Glenham, SD",
98036,Chelsea Moore,Chelsea,Moore,,"Rose Hill, KS",/images/2025/3/19/Chelsea_Moore.png
102866,Riley Shetron,Riley,Shetron,,"Shippensburg, PA",
104340,Andee Haden,Andee,Haden,,"Bentonville, AR",
108134,Brittney Hipp,Brittney,Hipp,,"Tuttle, OK",
110897,Maya Zerbe,Maya,Zerbe,,"Womelsdorf, PA",
114291,Cecilia Winkler,Cecilia,Winkler,,"Woodbine, MD",
73876,Annie Campbell,Annie,Campbell,,"Torrington, WY",
74276,Jean Winters,Jean,Winters,,"Texline, TX",
90290,Michelle Noterman,Michelle,Noterman,,"Wayne, OK",
94781,Torrie Edge,Torrie,Edge,,"Durant, OK",
99975,Paige Jones,Paige,Jones,,"Wayne, OK",
102996,Bailey Witt,Bailey,Witt,,"Valentine, NE",
105849,Loralee Ward,Loralee,Ward,,"Fort Lupton, CO",
111648,Prairie Robbins,Prairie,Robbins,,"Brookville, KS",
113071,Catherine Asmussen,Catherine,Asmussen,,"Laredo, TX",
98576,Shelby Bates,Shelby,Bates,,"Loomis, CA",
99188,Lindsey Muggli,Lindsey,Muggli,,"Lane, OK",
113220,Parker Asam,Parker,Asam,,"Murrieta, CA",
109005,Amber Boyd,Amber,Boyd,,"El Nido, CA",
73896,Mendy Beardsley,Mendy,Beardsley,,"Chico, CA",
114473,Mylee Modlin,Mylee,Modlin,,"Blanchard, OK",
76590,Katrina Dugo,Katrina,Dugo,,"Oakdale, CA",
113115,Faith Poor,Faith,Poor,,"Norco, CA",
111265,Jenna Blake,Jenna,Blake,,"Clovis, CA",
111234,Cameron Steagall,Cameron,Steagall,,"Sanger, CA",
76142,Alisha Perret,Alisha,Perret,,"Merced, CA",
110262,Maggie Sinclair,Maggie,Sinclair,,"Oakdale, CA",
96810,Kara Dougherty,Kara,Dougherty,,"Parkfield, CA",
108432,Ty Hathaway,Ty,Hathaway,,"Gerber, CA",
105229,Maren Powers,Maren,Powers,,"Sebastopol, CA",
74085,Christina Porter,Christina,Porter,,"Glendora, CA",
90680,Kristie Jensen,Kristie,Jensen,,"Prather, CA",
93941,Hayle Gibson-Stillwell,Hayle,Gibson-Stillwell,,"Redcrest, CA",
88717,Julie Anderson,Julie,Anderson,,"Oakdale, CA",
114059,Emma Unruh,Emma,Unruh,,"Kingsburg, CA",
107172,Taylor Souza,Taylor,Souza,,"Clovis, CA",
110664,Kristen Spence,Kristen,Spence,,"Springville, CA",
74104,Amie Grohl,Amie,Grohl,,"Oakdale, CA",
110034,Avery Ledesma,Avery,Ledesma,,"San Luis Obispo, CA",
74407,Mary Camera,Mary,Camera,,"Winton, CA",
73517,Katy Varian,Katy,Varian,,"Parkfield, CA",
74018,Lexie Goss,Lexie,Goss,,"Redmond, OR",
109521,Adriene Steffen,Adriene,Steffen,,"San Luis Obispo, CA",
102436,Kaiden Ayres,Kaiden,Ayres,,"Woodlake, CA",
100174,Shelbie Rose,Shelbie,Rose,,"Goodwell, OK",
100682,Julie Johnson,Julie,Johnson,,"Arnett, OK",
106691,Camree Slavin,Camree,Slavin,,"Goodwell, OK",
106406,Savannah Greenfield,Savannah,Greenfield,,"Lakeview, OR",
107831,Morgan Northcutt,Morgan,Northcutt,,"Hobbs, NM",
108899,Landry Wren,Landry,Wren,,"Stephenville, TX",
108385,Kaydence Tindall,Kaydence,Tindall,,"Felda, FL",
113525,Bella Chiaro,Bella,Chiaro,,"Fort Scott, KS",
111269,Brinlee Yore,Brinlee,Yore,,"Rupert, ID",
113597,Laynee Massey,Laynee,Massey,,"Wills Point, TX",
111664,Sheridan Bubel,Sheridan,Bubel,,"Center, ND",
111597,Mallorie Fewell,Mallorie,Fewell,,"Dublin, TX",
110475,Teresa Bartling,Teresa,Bartling,,"Marietta, OK",
108303,Biven Chapman,Biven,Chapman,,"Canyon, TX",
100398,Brandi McDowell,Brandi,McDowell,,"Mooreland, OK",
100372,Christi Braudrick,Christi,Braudrick,,"Caddo, OK",
111646,Kiley Slavin,Kiley,Slavin,,"Goodwell, OK",
113660,Payton Dingman,Payton,Dingman,,"Pryor, OK",
102354,Cali Griffin,Cali,Griffin,,"Alva, OK",
104393,Tia Wallace,Tia,Wallace,,"Spencer, OK",
105330,Macy Devenport,Macy,Devenport,,"Fort Sumner, NM",
107054,Kristy Farris,Kristy,Farris,,"Sentinel, OK",
107169,Jenna Fulton,Jenna,Fulton,,"St Lawrence, SD",
99950,Peggy Garman,Peggy,Garman,,"Sundance, WY",
113074,Lucy Richards,Lucy,Richards,,"Hereford, TX",
110450,Jackie White,Jackie,White,,"Girard, KS",
109855,Samantha Kingsbury,Samantha,Kingsbury,,"Deleon, TX",
114128,Addie Denton,Addie,Denton,,"Albany, TX",
113458,Shay Clements,Shay,Clements,,"Wolfforth, TX",
113329,River Hamaker,River,Hamaker,,"Leon, IA",
107872,Taylor Raupe,Taylor,Raupe,,"Douglas, KS",
100384,Deborah Fabrizio,Deborah,Fabrizio,,"Pueblo, CO",
99949,Jordan Hollabaugh,Jordan,Hollabaugh,,"Springtown, TX",/images/2020/11/4/04_Fabrizo_Jordan_cutout.png
74942,Katie Jolly,Katie,Jolly,,"Deer Trail, CO",
73911,Shy-Anne Jarrett,Shy-Anne,Jarrett,,"Comanche, OK",
106949,Kenzie Hay,Kenzie,Hay,,"Purcell, OK",
111847,Ally Brennaman,Ally,Brennaman,,"Deerfield, KS",
96367,Delani Beatty,Delani,Beatty,,"Hawley, TX",
104303,Kendyl Rogers,Kendyl,Rogers,,"Cresent, OK",
106196,Chenoa VandeStouwe,Chenoa,VandeStouwe,,"Weatherford, OK",
103020,Alyssa Bigon,Alyssa,Bigon,,"Woodward, OK",
100109,Jenna Adams,Jenna,Adams,,"Weatherford, OK",
104240,Kamie Crouse,Kamie,Crouse,,"Cushing, OK",
101412,Jessica McMaster,Jessica,McMaster,,"Madison, KS",
102459,Shalee King,Shalee,King,,"Kaysville, UT",
109034,Brandi Buzzard,Brandi,Buzzard,,"Greeley, KS",
100371,Makayla Boisjoli,Makayla,Boisjoli,,"Calgary, AB",
104979,Kacie Wiersma,Kacie,Wiersma,,"Outlook, WA",
105945,Libby Winchell,Libby,Winchell,,"Scottsbuff, NE",
105365,Kate Thompson,Kate,Thompson,,"Alva, OK",
107834,Amanda Terrell,Amanda,Terrell,,"LaSalle, CO",
100605,Amber Coleman,Amber,Coleman,,"Ericson, NE",
101410,Bradi Good,Bradi,Good,,"Abilene, TX",
100204,Ashley Goforth,Ashley,Goforth,,"Azle, TX",
106865,Baylee Lester,Baylee,Lester,,"Garden City, KS",
104309,Morgan Kessler,Morgan,Kessler,,"Callaway, NE",
110172,Sarah Pita,Sarah,Pita,,"Middle Grove, NY",
106083,Jacelyn Frost,Jacelyn,Frost,,"Randlett, UT",
113262,Bailey Hanson,Bailey,Hanson,,"Itasca, TX",
113473,Macie-Rae Warken,Macie-Rae,Warken,,"Dublin, TX",
109029,Kashly Van Petten,Kashly,Van Petten,,"Cimarron, KS",
104970,Mataya Eklund,Mataya,Eklund,,"Durant, OK",
110660,Bella Corcoran,Bella,Corcoran,,"Weatherford, OK",
113296,Josie Burns,Josie,Burns,,"Durant, OK",
114172,Sydney Herrin,Sydney,Herrin,,"Fort Scott, KS",
110931,Carlee Potter,Carlee,Potter,,"Latham, KS",
106872,Nicole Hadley,Nicole,Hadley,,"Goodland, KS",
110417,Brooke Bruner,Brooke,Bruner,,"Parker, CO",
106202,Miranda Arndt,Miranda,Arndt,,"Fort Scott, KS",
109854,Reagan Davis,Reagan,Davis,,"Lufkin, TX",
99379,Timber Allenbrand,Timber,Allenbrand,,"Stephenville, TX",
99947,Amber Crawford,Amber,Crawford,,"Boyd, TX",
103483,Fallon Hanson,Fallon,Hanson,,"Itasca, TX",
102067,Whitlee Burgess,Whitlee,Burgess,,"Oakdale, CA",
108462,Tyree Cochrane,Tyree,Cochrane,,"San Luis Obispo, CA",
110665,Madison Deardorf,Madison,Deardorf,,"Oakdale, CA",
114020,Hailey Wilbur,Hailey,Wilbur,,"Clements, CA",
100118,Liz Hirdes,Liz,Hirdes,,"Turlock, CA",
109859,Sienna Radelfinger,Sienna,Radelfinger,,"Ferndale, CA",
108333,Sutton Mang,Sutton,Mang,,"Lompoc, CA",
108742,Beth Hitchcock,Beth,Hitchcock,,"Hollister, CA",
100074,Allie Hoskins,Allie,Hoskins,,"SanJuanBaustista, CA",
108634,Sage Pearce,Sage,Pearce,,"Santa Maria, CA",
109487,Hailey Hicks,Hailey,Hicks,,"Marysville, CA",
111555,Jillian Murray,Jillian,Murray,,"Livermore, CA",
113846,Hailey Guerini,Hailey,Guerini,,"Royal Oaks, CA",
105515,Cassidy Barnes,Cassidy,Barnes,,"Nuevo, CA",
110930,Regan Russ,Regan,Russ,,"San Luis Obispo, CA",
111159,Grace Sutton,Grace,Sutton,,"Cherry Valley, CA",
113197,Kaidyn Holland,Kaidyn,Holland,,"San Luis Obispo, CA",
104634,Kara Mathews,Kara,Mathews,,"Riverdale, CA",
113349,Cierra Farguer,Cierra,Farguer,,"Acampo, CA",
100123,Kate Branco,Kate,Branco,,"Chowchilla, CA",
111135,Carolyn Warren,Carolyn,Warren,,"Aromas, CA",
114167,Hayley Novak,Hayley,Novak,,"Temecula, CA",
98612,Kelsey Cadwell,Kelsey,Cadwell,,"Oakdale, CA",
108263,Abby Whitish,Abby,Whitish,,"Platteville, WI",
107900,Lindsey Beech,Lindsey,Beech,,"Johnson Creek, WI",
90195,Kari Diedrich,Kari,Diedrich,,"Morrison, IL",
101137,Haley Huls,Haley,Huls,,"Lennox, SD",
108302,Sandra Highland,Sandra,Highland,,"Irene, SD",
102675,Victoria Blatchford,Victoria,Blatchford,,"Brookings, SD",
113604,Cadyn Nelson,Cadyn,Nelson,,"Buffalo, MN",
108043,Nisse Flaten,Nisse,Flaten,,"Bandette, MN",
111155,Macy Fudge,Macy,Fudge,,"Skiatook, OK",
73917,Colleen Vondra,Colleen,Vondra,,"Harvard, IL",
110575,Savannah Moran,Savannah,Moran,,"Ripley, OH",
76865,Lindsay Leverington,Lindsay,Leverington,,"Jonesburg, MO",
74716,Emily Griffin,Emily,Griffin,,"Saint George, KS",
114367,Shaylee Fritchey,Shaylee,Fritchey,,"Ottumwa, IA",
114388,Kelly Fritchey,Kelly,Fritchey,,"Ottumwa, IA",
113442,Gabrielle Pahl,Gabrielle,Pahl,,"Prior Lake, MN",
102440,Madison Schalla,Madison,Schalla,,"Arapaho, OK",
73799,Jeanne Anderson,Jeanne,Anderson,,"White City, KS",
77213,Stephanie McCready,Stephanie,McCready,,"Marshalltown, IA",
107219,Lucy Ferch,Lucy,Ferch,,"Hamlet, IN",
103026,Deb Shefveland,Deb,Shefveland,,"Monticello, MN",
108141,Jayda Tolle,Jayda,Tolle,,"Alton, IL",
76389,Randee Hedrick,Randee,Hedrick,,"Reeds, MO",
88446,Shelley Seibolt,Shelley,Seibolt,,"Paola, KS",
110446,Emily Stiles,Emily,Stiles,,"Plymouth, IN",
97146,Ronda Casey,Ronda,Casey,,"Plymouth, IN",
102635,Bailey Orman,Bailey,Orman,,"Willard, MO",
90261,Toni Samples,Toni,Samples,,"Adrian, MO",
103968,Lexi Andersen,Lexi,Andersen,,"Weatherford, OK",
75586,Cat Hall,Cat,Hall,,"Underwood, IN",
114365,Laney Hoffman,Laney,Hoffman,,"Centerville, IA",
108518,Paige Lilleman,Paige,Lilleman,,"Malta Bend, MO",
114368,Stella Malan,Stella,Malan,,"Marshall, MO",
102938,Regan Zaremba,Regan,Zaremba,,"Lawrence, KS",
113093,Lainey Miller,Lainey,Miller,,"Browning, MO",
101338,Caitlyn Clair,Caitlyn,Clair,,"Carlisle, IA",
109477,Morgan Buxton,Morgan,Buxton,,"Creston, IA",
98477,Kathryn Todd,Kathryn,Todd,,"Wayne, OK",
103205,Katie Chism,Katie,Chism,,"Tiskilwa, IL",
113582,Jaycee Pritchett,Jaycee,Pritchett,,"Ada, OK",
100222,Emma Tucker,Emma,Tucker,,"Reeds, MO",
99698,Andrea Lowe,Andrea,Lowe,,"Stilwell, KS",
113827,Reghan Bollinger,Reghan,Bollinger,,"Grafton, IL",
99656,Bailey McClure,Bailey,McClure,,"Cameron, MO",
110052,Ashley Sanders,Ashley,Sanders,,"Bentonville, AR",
113720,Savannah Shumpert,Savannah,Shumpert,,"Mooreville, MS",
105824,Jordan Vickery,Jordan,Vickery,,"Holden, MO",
111505,Nikki Reynolds,Nikki,Reynolds,,"Ellsinore, MO",
114292,Alona James,Alona,James,,"Ada, OK",
105190,Merritt Potter,Merritt,Potter,,"Moody, TX",
75286,Chelsie Shoop,Chelsie,Shoop,,"Pryor, OK",
104387,Aubrey Sprouse,Aubrey,Sprouse,,"Lilbourn, MO",
105579,Shayne Stroup,Shayne,Stroup,,"Gordonville, MO",
108222,Mary Zabel,Mary,Zabel,,"Alto, NM",
107513,Paula Heil,Paula,Heil,,"Mountainair, NM",
73428,Cindy Smith,Cindy,Smith,,"Lovington, NM",
111686,Kayln Hazen,Kayln,Hazen,,"Organ, NM",
73913,Sabrina Ketcham,Sabrina,Ketcham,,"Yeso, NM",
90554,Kirstin Carlson,Kirstin,Carlson,,"Carlsbad, NM",
97671,Kaylin Doak,Kaylin,Doak,,"Las Cruces, NM",
104967,Bailey Sears,Bailey,Sears,,"Morristown, AZ",
74277,Jordan Muncy,Jordan,Muncy,,"Yuma, CO",
73666,Jennifer Driver,Jennifer,Driver,,"Garden City, TX",
105163,Rainey Skelton,Rainey,Skelton,,"Llano, TX",
73582,Corley Cox,Corley,Cox,,"Cotulla, TX",
87595,Diana Wilson,Diana,Wilson,,"Artesia, NM",
100069,Jaime Putnam,Jaime,Putnam,,"Wickenburg, AZ",
110274,Kayce Liptak,Kayce,Liptak,,"Taber, AB",
103040,Kati Jett,Kati,Jett,,"Wayne, OK",
94775,Lake Peterson,Lake,Peterson,,"Tucson, AZ",
92560,Julie Burnett,Julie,Burnett,,"Crystal Beach, TX",
106900,Erica Klein,Erica,Klein,,"Cisco, TX",
107686,Karly Camozzi,Karly,Camozzi,,"Petaluma, CA",
102763,Jamie Olsen,Jamie,Olsen,,"Brock, TX",
92480,Kortni McConnell,Kortni,McConnell,,"Hereford, TX",
106084,Shacie Marr,Shacie,Marr,,"Tularosa, NM",
109360,Shaeden Marr,Shaeden,Marr,,"Tularosa, NM",
74437,Allison Vankoll,Allison,Vankoll,,"Wittman, AZ",
74972,Tibba Smith,Tibba,Smith,,"Hobbs, NM",
74708,Jenna Moore,Jenna,Moore,,"Johnson City, TX",
114137,Ashley Specht,Ashley,Specht,,"Poteet, TX",
105746,Maddie Garcia,Maddie,Garcia,,"Bandera, TX",
110291,Riley Arrington,Riley,Arrington,,"Kingsland, TX",
75238,Alex Lang,Alex,Lang,,"Harper, TX",
107604,Millie Marquart,Millie,Marquart,,"Mason, TX",
73468,Stacey Grimes,Stacey,Grimes,,"Kerrville, TX",
73567,Kriss Griffin,Kriss,Griffin,,"Eldorado, TX",
102913,Cristin Posey,Cristin,Posey,,"Stephenville, TX",
105657,Victoria Procter,Victoria,Procter,,"Lampasas, TX",
113926,Ember Mandola,Ember,Mandola,,"Bryan, TX",
74831,Ginger Billingsley,Ginger,Billingsley,,"San Saba, TX",
109566,Mia McClory,Mia,McClory,,"East Helena, MT",
96621,Cealie McIntyre,Cealie,McIntyre,,"Dublin, TX",
106093,Mattie Elder,Mattie,Elder,,"San Antonio, TX",
110889,Charylet Lee,Charylet,Lee,,"McAllen, TX",
113508,Hannah Drager,Hannah,Drager,,"Odessa, TX",
114163,Cassie Moore,Cassie,Moore,,"Helotes, TX",
74947,Morgann Crawford,Morgann,Crawford,,"Uvalde, TX",
73868,Brooke Catalani,Brooke,Catalani,,"San Antonio, TX",
113362,Alissa Flores,Alissa,Flores,,"Laredo, TX",
97700,Hunter Morgan,Hunter,Morgan,,"Lincoln, CA",
109916,Ruby Lightfoot,Ruby,Lightfoot,,"Arlington Hts, CA",
101894,Shayane Fredrickson,Shayane,Fredrickson,,"Avon, UT",
74055,Nellie Miller,Nellie,Miller,,"Cottonwood, CA",/images/2021/11/3/2021_Nellie_Miller.png
111974,Caleigh Wilkes,Caleigh,Wilkes,,"Santa Rosa, CA",
102419,Anna Yaeger,Anna,Yaeger,,"Reno, NV",
105335,Miley Bravos,Miley,Bravos,,"Red Bluff, CA",
109151,Jennifer Haile,Jennifer,Haile,,"Westley, CA",
110735,Breann Justice,Breann,Justice,,"Esparto, CA",
104217,Dakota Alvernaz,Dakota,Alvernaz,,"Red Bluff, CA",
109180,Kaylee King,Kaylee,King,,"Red Bluff, CA",
92429,Kaillee Hamre,Kaillee,Hamre,,"Gerber, CA",
73854,Renee Ryckebosch,Renee,Ryckebosch,,"Loyalton, CA",
74736,Vicky Cook,Vicky,Cook,,"Willows, CA",
73679,Cathy Cagliari,Cathy,Cagliari,,"Corning, CA",
103646,Brittany Richards,Brittany,Richards,,"Red Bluff, CA",
76956,Kathy Petska,Kathy,Petska,,"Turlock, CA",
100108,Noel Lambert,Noel,Lambert,,"Fallon, NV",
110252,Rylee Hardin,Rylee,Hardin,,"Newcastle, TX",
111788,Krista Lucas Wynn,Krista,Lucas Wynn,,"Dorchester, TX",
99790,Zoey Kunkel,Zoey,Kunkel,,"Granbury, TX",
103419,Lindsey Stevens,Lindsey,Stevens,,"Dennis, TX",
111727,Breckyn Tippen,Breckyn,Tippen,,"Stephenville, TX",
114439,Sarah Rohay,Sarah,Rohay,,"Duncanville, TX",
104342,Emily Masters,Emily,Masters,,"Stephenville, TX",
113282,Taylor Rivera,Taylor,Rivera,,"Perrin, TX",
111365,Kathy Warren,Kathy,Warren,,"Weatherford, TX",
113709,Millie Rosenberg,Millie,Rosenberg,,"Corinth, MS",
110445,Kaelyn Craddock,Kaelyn,Craddock,,"Ninnekah, OK",
113236,Courtlynn Lee,Courtlynn,Lee,,"Crockett, TX",
74581,Britta Thiel,Britta,Thiel,,"Hico, TX",
96475,Emma Abbott,Emma,Abbott,,"Bluff Dale, TX",
112060,Emily Williams,Emily,Williams,,"Boyd, TX",
113267,Alexandra Daigle,Alexandra,Daigle,,"Stephenville, TX",
89408,Missy Wallace,Missy,Wallace,,"Poolville, TX",
74178,Nicole Deason,Nicole,Deason,,"Caddo, TX",
91245,Davie King,Davie,King,,"Decatur, TX",
101032,Brittyn Rocha,Brittyn,Rocha,,"Covington, TX",
114405,Madison Miska,Madison,Miska,,"Eagle Mountain, UT",
108079,Maylee McCrary,Maylee,McCrary,,"Bryson, TX",
111562,Caitlyn Colley,Caitlyn,Colley,,"Weatherford, TX",
107547,Ryli Cesare,Ryli,Cesare,,"Springtown, TX",
109450,Micah Wallace,Micah,Wallace,,"Lipan, TX",
113240,Blair Stasinski,Blair,Stasinski,,"Weatherford, TX",
107785,Lila Jardine,Lila,Jardine,,"Santo, TX",
74271,Jessi Wade,Jessi,Wade,,"Kaufman, TX",
108279,Shayna Wimberly,Shayna,Wimberly,,"Big Spring, TX",
74029,Candie Wolf,Candie,Wolf,,"Decatur, TX",
99310,Maggie Wright,Maggie,Wright,,"Stephenville, TX",
75781,Kristen Zancanella,Kristen,Zancanella,,"Aurora, SD",
114431,Melinda Raasch,Melinda,Raasch,,"Richmond, MO",
97251,Melanie McKay,Melanie,McKay,,"Tonganoxie, KS",
90016,Lori Herr,Lori,Herr,,"Fontanelle, IA",
89928,Elizabeth Devine,Elizabeth,Devine,,"Chadron, NE",
104560,Shanna Simmons,Shanna,Simmons,,"Choctaw, OK",
74045,Korrina Hughes,Korrina,Hughes,,"Glenwood, IA",
75497,Lindsey Kester,Lindsey,Kester,,"Arlington, NE",
101291,Branda Marsh,Branda,Marsh,,"Thedford, NE",
92682,Jenna Eshleman,Jenna,Eshleman,,"Hershey, NE",
73604,Gayle White,Gayle,White,,"Dickens, NE",
89377,Kelly Forell,Kelly,Forell,,"Victoria, KS",
107816,Jasmine Halverson,Jasmine,Halverson,,"Russell, IA",
110509,Makayla Cross,Makayla,Cross,,"BlinsmonTownship, SD",
111119,Colbi Freeman,Colbi,Freeman,,"Carthage, MO",
114186,Kiley Gibson,Kiley,Gibson,,"Topeka, KS",
110185,Sami O'Day,Sami,O'Day,,"Stewartsville, MO",
109895,Clare Burcalow,Clare,Burcalow,,"Waunakee, WI",
107117,Shyanne Allen,Shyanne,Allen,,"Mount Ayr, IA",
114220,Raelynn Johnson,Raelynn,Johnson,,"Brodhead, WI",
76461,Camarie Roorda,Camarie,Roorda,,"Montezuma, IA",
109638,Alyssa Nelsen,Alyssa,Nelsen,,"Warrenburg, MO",
110241,Taylor Mason,Taylor,Mason,,"Marshall, MO",
113556,Adrienne Trainor,Adrienne,Trainor,,"Buncombe, IL",
104801,Stannis Hoffmann,Stannis,Hoffmann,,"Dunlap, IA",
104629,Lindsey Rahe,Lindsey,Rahe,,"Pacific, MO",
104133,Keeley Senn,Keeley,Senn,,"Coal City, IL",
111966,Ramey Walther,Ramey,Walther,,"Oglesby, IL",
94997,Alise Holst,Alise,Holst,,"Nevis, MN",
114154,Camden Crain,Camden,Crain,,"Morrisville, MO",
110505,Hannah Giger,Hannah,Giger,,"Wilburton, OK",
74054,Jesse Alsup,Jesse,Alsup,,"Fair Grove, MO",
102566,Danni Clover,Danni,Clover,,"Clifton Hill, MO",
109420,Jaci Traul,Jaci,Traul,,"Fort Scott, KS",
104959,Austee VonAhn,Austee,VonAhn,,"Palmyra, MO",
104276,Addie Weil,Addie,Weil,,"Commerce, TX",
114390,Bayli Ladner,Bayli,Ladner,,"Kalmath Falls, OR",
104129,Kassandra Shoemaker,Kassandra,Shoemaker,,"Grover, CO",
108055,Layni Masters,Layni,Masters,,"Leon, IA",
102542,Alli Masters,Alli,Masters,,"Leon, IA",
103554,Hannah Hughes,Hannah,Hughes,,"Archie, MO",
111886,Kate Grover,Kate,Grover,,"Cresco, IA",
107384,Hope Heckenlaible,Hope,Heckenlaible,,"Waterloo, IA",
106862,Brittany Carlson,Brittany,Carlson,,"Alden, MN",
103558,Casey Parr,Casey,Parr,,"Carbondale, IL",
113918,Macye Maben,Macye,Maben,,"Spur, TX",
113884,Ashley Weber,Ashley,Weber,,"Carlyle, SK",
114142,Rachel Winters,Rachel,Winters,,"Sedan, NM",
113467,Baylee Johnston,Baylee,Johnston,,"Las Cruces, NM",
107282,Kayce Edwards,Kayce,Edwards,,"T or C, NM",
105272,Quincy Sullivan,Quincy,Sullivan,,"Peralta, NM",
113215,Mackie Saavedra,Mackie,Saavedra,,"Tome, NM",
100200,Sequin Brewer,Sequin,Brewer,,"Union City, OK",
101173,LeighAnn Scribner,LeighAnn,Scribner,,"Edgewood, NM",
107770,Kendra Lewis,Kendra,Lewis,,"Clovis, NM",
114030,Lena Berens,Lena,Berens,,"Rupert, ID",
111885,Shaylee Berg,Shaylee,Berg,,"Stanford, MT",
99970,Kayelen Helton,Kayelen,Helton,,"Stephenville, TX",
99942,Nicole Baggarley,Nicole,Baggarley,,"Las Cruces, NM",
74479,Kassidy Dennison,Kassidy,Dennison,,"Tohatchi, NM",
107693,Baili Herring,Baili,Herring,,"Artesia, NM",
109291,Cate Cooper,Cate,Cooper,,"Lipan, TX",
106940,Jada Totten,Jada,Totten,,"Stephenville, TX",
113252,Libby Alexander,Libby,Alexander,,"Stephenville, TX",
109639,Kieley Walz,Kieley,Walz,,"Stephenville, TX",
100119,Chanel Holland,Chanel,Holland,,"Jacksboro, TX",
100114,Lindsey Ellsworth,Lindsey,Ellsworth,,"Brock, TX",
114034,Jorgia Nixon,Jorgia,Nixon,,"Cisco, TX",
100329,Brandy Gilbert,Brandy,Gilbert,,"Paradise, TX",
114435,Jymie Adamson,Jymie,Adamson,,"Buffalo, WY",
110444,Catherine Clayton,Catherine,Clayton,,"Dublin, TX",
111208,Breely Armes,Breely,Armes,,"Stephenville, TX",
113694,Wraylee Brown,Wraylee,Brown,,"Piedmont, SD",
110201,Macy Hancock,Macy,Hancock,,"Aquilla, TX",
111692,Maddie Bews,Maddie,Bews,,"Longview, AB",
105612,Taylor Cuccurullo,Taylor,Cuccurullo,,"Pilot Point, TX",
109720,Holly Manahan,Holly,Manahan,,"Fairfield, TX",
113260,Lilly Eakes,Lilly,Eakes,,"Cleburne, TX",
105305,Brooke Hester,Brooke,Hester,,"Nixon, TX",
113276,Simone Park,Simone,Park,,"Lipan, TX",
111530,Caitlin Blackwell,Caitlin,Blackwell,,"Lipan, TX",
113170,Alee Andrews,Alee,Andrews,,"Blossom, TX",
102124,Alex Loiselle,Alex,Loiselle,,"Decatur, TX",
110793,Madison Richmann,Madison,Richmann,,"Keenesburg, CO",
109951,Tori Brower,Tori,Brower,,"Stettler, AB",
106608,Senisa Smalley,Senisa,Smalley,,"Stockdale, TX",
108708,Jaycie Davison,Jaycie,Davison,,"Gonzales, TX",
106214,Anna Dietrich,Anna,Dietrich,,"Malvern, AR",
102438,Chelsea Putnam,Chelsea,Putnam,,"Stephenville, MT",
73635,Sherri Mell,Sherri,Mell,,"San Antonio, TX",
100448,Audrey Cunningham,Audrey,Cunningham,,"Kingsbury, TX",
110063,Jordan Maldonado,Jordan,Maldonado,,"Boerne, TX",
114394,Abby Armstrong,Abby,Armstrong,,"Klamath Falls, OR",
99962,April Zilverberg,April,Zilverberg,,"Holabird, SD",
110580,Aby Black,Aby,Black,,"Lincoln, CA",
100431,Courtney Crum,Courtney,Crum,,"McArthur, CA",
100480,Jessie Jones,Jessie,Jones,,"Santa Rosa, CA",
113966,Jayda Staley,Jayda,Staley,,"Cottonwood, CA",
110796,Kylyn Watkins,Kylyn,Watkins,,"Ukiah, CA",
73448,Noel Cosca,Noel,Cosca,,"Friant, CA",
76905,Shelley Holman,Shelley,Holman,,"Brentwood, CA",
73539,Jenna Beaver,Jenna,Beaver,,"Huntsville, TX",
73564,Sherry Cervi,Sherry,Cervi,,"Marana, AZ",
73753,Ann McGilchrist,Ann,McGilchrist,,"Marysville, CA",
73781,Megan McLeod-Sprague,Megan,McLeod-Sprague,,"Marsing, ID",
73798,Sarah Kieckhefer,Sarah,Kieckhefer,,"Prescott, AZ",
73853,Lyndee Stairs,Lyndee,Stairs,,"Hanford, CA",
73895,Vonnie Nunes,Vonnie,Nunes,,"Prather, CA",
74321,Jordan Bassett,Jordan,Bassett,,"Dewey, AZ",
90890,Jennifer Dyer,Jennifer,Dyer,,"Atascadero, CA",
74412,Lynn Green,Lynn,Green,,"Lincoln, CA",
74423,Charleen Ornellas,Charleen,Ornellas,,"Lemoore, CA",
74738,Sidney Forrest,Sidney,Forrest,,"Lipan, TX",
74916,Heather Coombs,Heather,Coombs,,"Battle Mountain, NV",
76321,Kailey Mitton,Kailey,Mitton,,"Mt. Sterling, UT",
91789,Teri Bangart,Teri,Bangart,,"Olympia, WA",
92380,Katie Pascoe,Katie,Pascoe,,"Morro Bay, CA",
92703,Megan Albrecht,Megan,Albrecht,,"Deming, NM",
92804,Carly Rudd,Carly,Rudd,,"Shandon, CA",
93774,Tarryn Lee,Tarryn,Lee,,"Porterville, CA",
99515,Christina Gould,Christina,Gould,,"Williams, AZ",
101277,Rigby Dees,Rigby,Dees,,"Orange, TX",
102491,Shelby Swayne,Shelby,Swayne,,"Atascadero, CA",
102817,Madison Camozzi,Madison,Camozzi,,"Petaluma, CA",
102905,Abi Price,Abi,Price,,"Hanford, CA",
103602,Mackenzie King,Mackenzie,King,,"West Point, UT",
105530,Cheyenne Horner,Cheyenne,Horner,,"Templeton, CA",
106859,Julia Johnson,Julia,Johnson,,"Tenino, WA",
106992,Rylee Cooper-Christman,Rylee,Cooper-Christman,,"Alpine, CA",
109725,Michelle Williams,Michelle,Williams,,"North Powder, OR",
109915,Makenna Shook,Makenna,Shook,,"Needville, TX",
110421,Lindsey Martinez,Lindsey,Martinez,,"Lincoln, CA",
110852,Jordynn Knight,Jordynn,Knight,,"Roosevelt, UT",
111284,Elsa Flynn,Elsa,Flynn,,"Porterville, CA",
111520,Reese Bryant,Reese,Bryant,,"San Luis Obispo, CA",
110171,Taylor Murray,Taylor,Murray,,"Moorpark, CA",
114318,Taylor Brunson,Taylor,Brunson,,"Spring Creek, NV",
87219,Lauren Herron,Lauren,Herron,,"Temecula, CA",
100744,Amy Bush,Amy,Bush,,"Lehi, UT",
74498,Kandace Blanchard,Kandace,Blanchard,,"Ramona, CA",
76209,Debbie Langdon,Debbie,Langdon,,"Norco, CA",
74365,Courtney Moody,Courtney,Moody,,"Casa Grande, AZ",
101237,Kiersten Pettus,Kiersten,Pettus,,"Gilbert, AZ",
113794,Mylee Modlin,Mylee,Modlin,,"Blanchard, OK",
102873,Jessica Krambeer,Jessica,Krambeer,,"Temecula, CA",
111950,Katie Youngren,Katie,Youngren,,"Fallbrook, CA",
110928,Sofia Obligado,Sofia,Obligado,,"Encinitas, CA",
110259,Christine Wagner,Christine,Wagner,,"Agua Dulce, CA",
73551,Barbara Johnson,Barbara,Johnson,,"Scottsdale, AZ",
92393,Darleen Alves,Darleen,Alves,,"Santa Rosa Vly, CA",
111130,Stella Lawhorn,Stella,Lawhorn,,"Bakersfield, CA",
108688,Lacey Robinson,Lacey,Robinson,,"Chowchilla, CA",
89985,Sonia Gorrell,Sonia,Gorrell,,"Porterville, CA",
111247,Grace Lopez,Grace,Lopez,,"Wilton, CA",
97462,Victoria Cable,Victoria,Cable,,"Antigo, WI",
106293,Nicole Aukamp,Nicole,Aukamp,,"Ringle, WI",
113376,Kelsey Wudtke,Kelsey,Wudtke,,"Princeton, MN",
114178,Emily Bolda,Emily,Bolda,,"Lake Village, IN",
106950,Mikalie Maunu,Mikalie,Maunu,,"Duluth, MN",
110433,Kaydi Anderson,Kaydi,Anderson,,"St. James, MN",
113453,Macy Diehl,Macy,Diehl,,"Hammond, WI",
114290,Lana Houck,Lana,Houck,,"North Branch, MN",
110653,Alayna Sundermeyer,Alayna,Sundermeyer,,"Stanchfield, MN",
114409,Ronni Gibson,Ronni,Gibson,,"Worthington, XX",
73682,Kristen Meyer,Kristen,Meyer,,"Clintonville, WI",
113690,Kassi White,Kassi,White,,"Bloomington, WI",
108810,Allison Otto,Allison,Otto,,"Cokato, MN",
110057,Mackenzie Haas,Mackenzie,Haas,,"Knapp, WI",
113997,Chandler Tillman,Chandler,Tillman,,"Maiden Rock, WI",
114337,Jessie Oostenryk,Jessie,Oostenryk,,"Viroqua, WI",
113268,Annie Roggenkamp,Annie,Roggenkamp,,"Motley, MN",
98981,Kiley Nelsen,Kiley,Nelsen,,"Mayer, MN",
74571,Ashley Peterson,Ashley,Peterson,,"Birnamwood, WI",
104635,Desta Owens,Desta,Owens,,"Welcome, MN",
104833,Torey Foemmel,Torey,Foemmel,,"Marshfield, WI",
73461,Sharon Munn,Sharon,Munn,,"Monticello, MN",
102496,Ashley Dolphin,Ashley,Dolphin,,"Delano, MN",
99306,Shannon Jensen,Shannon,Jensen,,"Lemars, IA",
113599,Shelly Triden,Shelly,Triden,,"Princeton, MN",
113519,Carrie Kriel,Carrie,Kriel,,"Princeton, MN",
104283,Chantel Tsinigine,Chantel,Tsinigine,,"Gilbert, AZ",
100368,Tanegai Zilverberg,Tanegai,Zilverberg,,"Holabird, SD",/images/2020/11/10/08_Tanegai_Zilverberg_blue.png
113898,Hadley Hiner,Hadley,Hiner,,"Walla Walla, WA",
100099,Danielle Lowman,Danielle,Lowman,,"Gilbert, AZ",
111661,Teagan McInnis,Teagan,McInnis,,"Las Vegas, NV",
105617,Emily Gately,Emily,Gately,,"Valley Center, CA",
111067,Belah Brooks,Belah,Brooks,,"Ramona, CA",
110040,Grace Perez,Grace,Perez,,"Castaic, CA",
102084,McKenzie Frizzell,McKenzie,Frizzell,,"Cochise, AZ",
106951,Kadin Jodie,Kadin,Jodie,,"Churchrock, NM",
102527,Makenna Ellerman,Makenna,Ellerman,,"Sheridan, WY",
102511,Taya McAdow,Taya,McAdow,,"Fort Lupton, CO",
99959,Jessie Miller,Jessie,Miller,,"Fort Lupton, CO",
104702,Kirsty Stewart,Kirsty,Stewart,,"Zortman, MT",
110987,Lyndsey Orris,Lyndsey,Orris,,"Bosque, NM",
101322,Amy Sisko,Amy,Sisko,,"Morristown, AZ",
74075,Toni Miller,Toni,Miller,,"Menifee, CA",
100438,Haley Wright,Haley,Wright,,"Beaver, UT",
103218,Fallon Ruffoni,Fallon,Ruffoni,,"Atascadero, CA",
104520,Kimberly Williams,Kimberly,Williams,,"North Powder, OR",
103950,Josie Goodrich,Josie,Goodrich,,"Stanfield, OR",
100134,Kaitlyn Andersen,Kaitlyn,Andersen,,"Salinas, CA",
113287,Grace Felton,Grace,Felton,,"Fallon, NV",
100417,Suzanne Williams,Suzanne,Williams,,"Standish, CA",
104338,Halle DeWitt,Halle,DeWitt,,"Rio Rico, AZ",
103199,Jacee Currin,Jacee,Currin,,"Heppner, OR",
111311,Sadie Grant,Sadie,Grant,,"Santa Maria, CA",
106307,Haliegh Grant,Haliegh,Grant,,"Santa Maria, CA",
113244,Tylie Norcutt,Tylie,Norcutt,,"Fallon, NV",
110039,Ali Norcutt,Ali,Norcutt,,"Fallon, NV",
105537,Kennedy Buckner,Kennedy,Buckner,,"Powell Butte, OR",
100458,Kaylee Hershberger,Kaylee,Hershberger,,"Cokeville, WY",
106469,Kaydin Finan,Kaydin,Finan,,"Wickenburg, AZ",
111291,Scout Yochum,Scout,Yochum,,"Oak View, CA",
113295,Chelsea James,Chelsea,James,,"Porterville, CA",
92490,Kimberly Sanford,Kimberly,Sanford,,"Morristown, AZ",
86742,Becky Christenson,Becky,Christenson,,"St. James, MN",
114099,Miriah Olson,Miriah,Olson,,"Shell Lake, WI",
111541,Mae Buttles,Mae,Buttles,,"Woodville, WI",
96919,Morgan Chappell,Morgan,Chappell,,"Boscobel, WI",
104710,Kaitlyn Coulter,Kaitlyn,Coulter,,"Lamberton, MN",
100399,Whitney Locken,Whitney,Locken,,"Reedsburg, WI",
102571,Korah Corrigan,Korah,Corrigan,,"Shafer, MN",
114389,Olivia Check,Olivia,Check,,"Gays Mills, XX",
89672,Carm Schneider,Carm,Schneider,,"Tomah, WI",
74071,Sheryl Gamboa,Sheryl,Gamboa,,"Waskom, TX",
87321,Schyler Magdziak,Schyler,Magdziak,,"Palestine, TX",
110386,Annika Ruth,Annika,Ruth,,"Marshall, TX",
113243,Callie Schaffner,Callie,Schaffner,,"Petrolia, TX",
113945,Jaycee Ferguson,Jaycee,Ferguson,,"Bartlett, TX",
113284,Summer Napier,Summer,Napier,,"Argyle, TX",
102854,Perry McMillan,Perry,McMillan,,"Bartonville, TX",
99408,Brooke Klinger,Brooke,Klinger,,"Como, TX",
96161,Keyla Costa,Keyla,Costa,,"Tolar, TX",
113098,Madison Hamilton,Madison,Hamilton,,"Jefferson, TX",
99734,Bristan McCarley,Bristan,McCarley,,"Happy, TX",
107539,Jennifer Fite,Jennifer,Fite,,"Nome, TX",
105278,Alex Odle,Alex,Odle,,"Brush, CO",
106064,Briley Garner,Briley,Garner,,"Nacogdoches, TX",
113688,Mallory Moore,Mallory,Moore,,"Lufkin, TX",
113143,Emily Askew,Emily,Askew,,"Cat Spring, TX",
96396,Mickayla Brown,Mickayla,Brown,,"Pleasant Hill, LA",
105131,Kalli Henry,Kalli,Henry,,"Gatesville, TX",
110071,Madison Napier,Madison,Napier,,"Argyle, TX",
113297,Joelle Watson,Joelle,Watson,,"Cleburne, TX",
105631,Kaycee Thomas,Kaycee,Thomas,,"Carpenter, WY",
110318,Sarah Craver,Sarah,Craver,,"Santo, TX",
114100,Lauren Green,Lauren,Green,,"Stephenville, TX",
74905,Jessica Mullens,Jessica,Mullens,,"Caddo, OK",
111152,Jordyn Koonsman,Jordyn,Koonsman,,"Blum, TX",
74123,Kortney Scheer,Kortney,Scheer,,"Bluff Dale, TX",
91361,Tillar King,Tillar,King,,"Fort Worth, TX",
94287,Kenna Kaminski,Kenna,Kaminski,,"Bellville, TX",
113788,Gracie Wolcott,Gracie,Wolcott,,"Horatio, AR",
95239,Abby Phillips,Abby,Phillips,,"Marshall, TX",/images/2024/11/26/Phillips_Abby.png
106603,Nicole Thomas,Nicole,Thomas,,"Buncombe, IL",
90665,Rae Haines,Rae,Haines,,"East Prairie, MO",
111046,Haylie Layne,Haylie,Layne,,"Malden, MO",
108091,Hannah Britt,Hannah,Britt,,"Royal, AR",
105790,Bailey Below,Bailey,Below,,"Dexter, MO",
74081,Sherry Rhea,Sherry,Rhea,,"Forrest City, AR",
110723,Casey Johnson,Casey,Johnson,,"Sarah, MS",
110119,Kate Brisbane,Kate,Brisbane,,"Kearney, MO",
114093,Piper Novitski,Piper,Novitski,,"Hope, AR",
113932,Brentley Dowdy,Brentley,Dowdy,,"Union City, TN",
105738,Pam Williamson,Pam,Williamson,,"Greenbrier, AR",
100413,Leann Thomas,Leann,Thomas,,"Benton, AR",
90066,Jennifer Hyde,Jennifer,Hyde,,"Mt Vernon, AR",
114021,Kyla Jones,Kyla,Jones,,"Vilonia, AR",
114159,Morgan Massa,Morgan,Massa,,"Ellerslie, GA",
107610,Cady Dever-Boaz,Cady,Dever-Boaz,,"Senatobia, MS",
107616,Cheree Caudle,Cheree,Caudle,,"Livingston, AL",
113811,Ashley Dixon,Ashley,Dixon,,"Silverdale, WA",
92432,Sharon Gow,Sharon,Gow,,"Roseburg, OR",
104109,Meghann Pearce,Meghann,Pearce,,"San Luis Obispo, CA",
76512,Christy Colgate,Christy,Colgate,,"Red Bluff, CA",
109028,Katy Betcher,Katy,Betcher,,"Billings, MT",
114015,Ashley Ferguson,Ashley,Ferguson,,"Cottonwood, CA",
108637,Kamish Wagner,Kamish,Wagner,,"Red Bluff, CA",
109952,Willow Pearson,Willow,Pearson,,"Umpqua, OR",
91791,Stormie Day,Stormie,Day,,"Kelseyville, CA",
110511,Kennedy Bruce,Kennedy,Bruce,,"Lockeford, CA",
107664,Jaycee Spence,Jaycee,Spence,,"Modesto, CA",
74949,Sami DeForest,Sami,DeForest,,"Sheridan, CA",
103953,Arley Hughes,Arley,Hughes,,"Dayton, OR",
107667,Lindsey Stornetta,Lindsey,Stornetta,,"Creston, CA",
107732,Crystal Beam,Crystal,Beam,,"Hood River, OR",
98351,Ali Anton,Ali,Anton,,"Healdsburg, CA",
108733,Brittany Moore,Brittany,Moore,,"SanJuanBautista, CA",
99026,Kayla Turner,Kayla,Turner,,"Cottonwood, CA",
90536,Chandra Eng,Chandra,Eng,,"Stanfield, OR",
107363,Loralee McKoen,Loralee,McKoen,,"Merrill, OR",
74512,Angie Hardin,Angie,Hardin,,"Red Bluff, CA",
100528,Whitley Sharp,Whitley,Sharp,,"Caldwell, ID",
111370,Jessica Juvinall,Jessica,Juvinall,,"Central Point, OR",
102849,Jessica Betz,Jessica,Betz,,"Washoe Valley, NV",
106845,Kasi Finley,Kasi,Finley,,"Marysville, CA",
106116,Savanah Gulden,Savanah,Gulden,,"Smartsville, CA",
110912,Jenna Holtzinger,Jenna,Holtzinger,,"Santa Rosa, CA",
106953,Lindsey Taylor,Lindsey,Taylor,,"Tulelake, CA",
108961,Jules Davis,Jules,Davis,,"Sprague River, OR",
113988,Julie Harvey,Julie,Harvey,,"Oakdale, CA",
108285,Cate Hepper,Cate,Hepper,,"Fort Klamath, OR",
114072,Kaley Schorovsky,Kaley,Schorovsky,,"Los Molinos, CA",
108354,Morgan Thompson,Morgan,Thompson,,"Vancouver, WA",
111213,Sadie Mullins,Sadie,Mullins,,"Shafter, CA",
113706,Rainy Minton,Rainy,Minton,,"Witter Springs, CA",
104185,Millie Greenwood,Millie,Greenwood,,"Caldwell, ID",
113136,Charli McLemore,Charli,McLemore,,"Bertram, TX",
108052,Barbara Barbosa,Barbara,Barbosa,,"Orlando, FL",
74566,Molly Otto,Molly,Otto,,"Grand Forks, ND",/images/2021/11/3/2021_Molly_Otto.png
109387,Kathleen Menard,Kathleen,Menard,,"Ocala, FL",
114160,Jayden Crowe,Jayden,Crowe,,"Perrin, TX",
102865,Kysan Kohring,Kysan,Kohring,,"Brenham, TX",
74657,Ari-Anna Flynn,Ari-Anna,Flynn,,"Stephenville, TX",
75777,Brittany Pierson,Brittany,Pierson,,"Pilot Point, TX",
73670,Debbie Bloxom,Debbie,Bloxom,,"Stephenville, TX",
102190,Rachelle Riggers,Rachelle,Riggers,,"Lewiston, ID",
75573,Nicki Zimmerman,Nicki,Zimmerman,,"Weatherford, TX",
73600,Janet Staton,Janet,Staton,,"Bastrop, TX",
101052,Gabbie Grothe,Gabbie,Grothe,,"Stephenville, TX",
107842,Olivia Hodnett,Olivia,Hodnett,,"Cresson, TX",
74427,Billie Harmon,Billie,Harmon,,"Dublin, TX",
110130,Abby Fields,Abby,Fields,,"Stephenville, TX",
113464,Jessica Ragsdale,Jessica,Ragsdale,,"Dayton, TX",
105508,Brianna Cox,Brianna,Cox,,"Floresville, TX",
73774,Kappy Allen,Kappy,Allen,,"Wharton, TX",
102808,Bayleigh Choate,Bayleigh,Choate,,"Fort Worth, TX",/images/2022/10/26/bayleigh_choate_600x.png
89624,Courtney Mendenhall,Courtney,Mendenhall,,"Killeen, TX",
103531,Mindy Holloway,Mindy,Holloway,,"Mineral Wells, TX",
102151,Emma Wildeisen,Emma,Wildeisen,,"Stephenville, TX",
111967,Lois Fulton,Lois,Fulton,,"Gatesville, TX",
103648,Brooke Hickey,Brooke,Hickey,,"Godley, TX",
113392,Josie Carlton,Josie,Carlton,,"Rising Star, TX",
98490,Bailey Ryan,Bailey,Ryan,,"Cedar Creek, TX",
103292,Morgan Brown,Morgan,Brown,,"Uvalde, TX",
110591,Shelby Davis,Shelby,Davis,,"McRae, AR",
113587,Cara Calhoun,Cara,Calhoun,,"Brandon, MS",
109866,Hanna Bilbro,Hanna,Bilbro,,"Pelahatchie, MS",
113221,Rylee Maryman,Rylee,Maryman,,"St. Francisville, LA",
86011,Tristin Watson,Tristin,Watson,,"Jay, FL",
107596,Kylie Averett,Kylie,Averett,,"Loranger, LA",
77153,Lindsey Pender,Lindsey,Pender,,"Perkinston, MS",
73608,Sandi Brandli,Sandi,Brandli,,"Mauston, WI",
74040,Jaclyn Corcoran,Jaclyn,Corcoran,,"Earlville, IL",
74050,Adriane Fisher,Adriane,Fisher,,"Caledonia, MN",
76296,Lori Smedberg,Lori,Smedberg,,"Wisconsin Rapids, WI",
90475,Jacqui Elfering,Jacqui,Elfering,,"Burlington, WI",
97240,Bailey Heger,Bailey,Heger,,"Scandinavia, WI",
102188,Ashley Walstrom,Ashley,Walstrom,,"Mondovi, WI",
104905,Morgan Anderson,Morgan,Anderson,,"Rapid River, MI",
105955,Breanna Jerde,Breanna,Jerde,,"Mosinee, WI",
108895,Breanna King,Breanna,King,,"Seymour, WI",
108914,McKenzie Mandt,McKenzie,Mandt,,"Oregon, WI",
110121,Catie Smith,Catie,Smith,,"Paton, IA",
110733,Mackinzie Hamlink,Mackinzie,Hamlink,,"Amboy, IL",
111651,Emma Crotty,Emma,Crotty,,"Somerset, WI",
113111,Kathleen Vanderstappen,Kathleen,Vanderstappen,,"Lake Geneva, WI",
113532,Ishaia Carpenter,Ishaia,Carpenter,,"Vulcan, MI",
113682,Hailee Kessler-Lappen,Hailee,Kessler-Lappen,,"Green Bay, WI",
113881,Ellie Kandziora,Ellie,Kandziora,,"Greenleaf, WI",
114204,Ashley McComb,Ashley,McComb,,"Morris, IL",
114237,Annie Week,Annie,Week,,"McFarland, WI",
114311,Adeline Koltz,Adeline,Koltz,,"Freedom, WI",
114312,Millie Stewart,Millie,Stewart,,"Sheridan, IL",
110801,Leslie Kennedy,Leslie,Kennedy,,"Covington, LA",
110478,Shelby West,Shelby,West,,"Diana, TX",
95644,Sable Emerson,Sable,Emerson,,"Malvern, AR",
113291,Lexus Hommer,Lexus,Hommer,,"Fort Pierce, FL",
99955,Dallas Sawczak,Dallas,Sawczak,,"SW Ranches, FL",
114396,Haley Bechard,Haley,Bechard,,"Jupiter, XX",
73727,Molleetha Gomez,Molleetha,Gomez,,"Okeechobee, FL",
76533,Macy Brown,Macy,Brown,,"Lithia, FL",
113858,Austlynn Lott,Austlynn,Lott,,"Venus, FL",
107715,Ryleigh Adams,Ryleigh,Adams,,"Okeechobee, FL",
73957,Kristin Hanchey,Kristin,Hanchey,,"Okeechobee, FL",
103370,Rylee Butler,Rylee,Butler,,"Arcadia, FL",
73863,Wendy Culberson,Wendy,Culberson,,"Okeechobee, FL",
109894,Stephanie Corona,Stephanie,Corona,,"Okeechobee, FL",
113137,Sorryl Cannon,Sorryl,Cannon,,"Myakka City, FL",
107040,Audra Flamm,Audra,Flamm,,"Palm Bay, FL",
104385,Lacey Nail,Lacey,Nail,,"Okeechobee, FL",
113336,Deb Raulerson,Deb,Raulerson,,"San Mateo, FL",
74063,Bobbie Alcazar,Bobbie,Alcazar,,"Okeechobee, FL",
114157,Dally Exposito,Dally,Exposito,,"Okeechobee, FL",
110939,Tarina Dymmek,Tarina,Dymmek,,"St Cloud, FL",
104522,Traci Ashton,Traci,Ashton,,"Lorida, FL",
109979,Erica Matherly,Erica,Matherly,,"Reddick, FL",
114139,Amorette Dove,Amorette,Dove,,"Poteet, TX",
114000,Karmen Martin,Karmen,Martin,,"Kopperl, TX",
113917,Emily Rafftery,Emily,Rafftery,,"Stanchfield, MN",
113812,Josie Griffin,Josie,Griffin,,"Winnfield, LA",
113598,Michaela Castro-Delanoe,Michaela,Castro-Delanoe,,"Carlsbad, TX",
113588,Elena Bowling,Elena,Bowling,,"Valley Center, KS",
113383,McLayne Roebuck,McLayne,Roebuck,,"Okeechobee, FL",
113460,Sara Pringle,Sara,Pringle,,"Winfield, KS",
113159,London Gorham,London,Gorham,,"Cotulla, TX",
113245,Lyndee Moser,Lyndee,Moser,,"Las Vegas, NV",
111367,Kaecee Knight,Kaecee,Knight,,"Roosevelt, UT",
111133,Natalia Ramirez,Natalia,Ramirez,,"Laredo, TX",
110934,Chloe Woods,Chloe,Woods,,"Moosomin, SK",
113140,Hannah Bass,Hannah,Bass,,"Brenham, TX",
110605,Colee Charlesworth,Colee,Charlesworth,,"Marathon, TX",
110496,Brett Woolsey,Brett,Woolsey,,"Granbury, TX",
110414,Mariah Earles,Mariah,Earles,,"Clyde, TX",
103322,Madison Bean,Madison,Bean,,"Lubbock, TX",
103110,Londyn Ross,Londyn,Ross,,"Bluff Dale, TX",
103371,Suade Furr,Suade,Furr,,"Boerne, TX",
104092,Mallee Jones,Mallee,Jones,,"Dallas, TX",
103992,Eliza Cooper,Eliza,Cooper,,"Stephenville, TX",
104792,Natasha Sanchez,Natasha,Sanchez,,"Hobbs, NM",
105422,Rebecca St. Martin,Rebecca,St. Martin,,"Houma, LA",
105498,Rachel Werkmen,Rachel,Werkmen,,"Wellsburg, IA",
106568,Lyndsey Tucker,Lyndsey,Tucker,,"Decatur, TX",
109938,Kristin Dunn,Kristin,Dunn,,"Terrell, TX",
109914,Jayci Byler,Jayci,Byler,,"Bellville, TX",
107731,Madison McCaffity,Madison,McCaffity,,"Omaha, TX",
107652,Ceily Simpton,Ceily,Simpton,,"Navasota, TX",
107580,Tessa Arnold,Tessa,Arnold,,"Coleman, TX",
107619,Sadie Miller,Sadie,Miller,,"Jonesboro, AR",
107845,Shantell Hayes,Shantell,Hayes,,"Springtown, TX",
107822,Emma Waldrop,Emma,Waldrop,,"San Angelo, TX",
100772,Tricia Aldridge,Tricia,Aldridge,,"Sanger, TX",
102790,Bryana Hutto,Bryana,Hutto,,"Lexington, TX",
97688,Savannah Braman,Savannah,Braman,,"Refugio, TX",
96735,Kim Hahn,Kim,Hahn,,"Midway, TX",
97084,Suzanne Van Ness,Suzanne,Van Ness,,"Seminole, OK",
97492,Wenda Johnson,Wenda,Johnson,,"Pawhuska, OK",/images/2020/11/5/14_Johnson_Wenda_Blue.png
74723,Cheyenne Kelly Reynolds,Cheyenne,Kelly Reynolds,,"Gonzales, TX",
74577,Reiney Lukas,Reiney,Lukas,,"Stephenville, TX",
73959,Tana Renick,Tana,Renick,,"Kingston, OK",
74374,Dee Tyree,Dee,Tyree,,"Cross Plains, TX",
74436,Lindsay Sears,Lindsay,Sears,,"Lipan, TX",
74496,Tiany Schuster,Tiany,Schuster,,"Krum, TX",/images/2020/11/5/05_Schuster_Tiany_blue.png
74503,Trinity Richardson,Trinity,Richardson,,"Smithville, TX",
74504,Natalie Bland,Natalie,Bland,,"Boyd, TX",
74545,Heidi Tillard,Heidi,Tillard,,"Douglas, WY",
76104,Amanda Wiseheart,Amanda,Wiseheart,,"Stephenville, TX",/images/2021/11/3/2021_Amanda_Welsh.png
76434,Shannon Griffin,Shannon,Griffin,,"La Luz, NM",
90646,Jordon Briggs,Jordon,Briggs,,"Tolar, TX",/images/2021/11/3/2021_Jordon_Briggs.png
91384,Heidi Gunderson,Heidi,Gunderson,,"Murdock, MN",
91531,Kellie Jorgensen,Kellie,Jorgensen,,"Malad City, ID",
92701,Stephanie Brewer,Stephanie,Brewer,,"Ranger, TX",
73664,Clay Sewalt,Clay,Sewalt,,"Del Rio, TX",
73628,Liz Pinkston,Liz,Pinkston,,"Stephenville, TX",
73883,Kassie Mowry,Kassie,Mowry,,"Dublin, TX",/images/2022/10/19/kassie_mowry.png
74726,Jill Tanner,Jill,Tanner,,"Stephenville, TX",
99001,Sadie Dale,Sadie,Dale,,"Plaza, ND",
100221,Cheyenne Britain,Cheyenne,Britain,,"Stephenville, TX",
101249,Zoie Bedke,Zoie,Bedke,,"Oakley, ID",
101386,Kayla Graham,Kayla,Graham,,"Cameron, TX",
101459,Saige Johnson,Saige,Johnson,,"San Saba, TX",
101710,Megan Powell,Megan,Powell,,"Hawley, TX",
102187,Justine Begay,Justine,Begay,,"Fountain Hills, AZ",
102793,Shayla Hall,Shayla,Hall,,"Stephenville, TX",
102818,Montana Brown,Montana,Brown,,"Centerville, TX",
103024,Carly Bedke,Carly,Bedke,,"Oakley, ID",
104716,Hailey Schafer,Hailey,Schafer,,"San Tan Valley, AZ",
105250,Ashlee Carley,Ashlee,Carley,,"Seguin, TX",
105346,Lindsey Baker,Lindsey,Baker,,"Alpine, TX",
107661,Payton Scalzo,Payton,Scalzo,,"Stephenville, TX",
109103,Taniah Nez,Taniah,Nez,,"Ganado, AZ",
110002,Maelee Wade,Maelee,Wade,,"White, GA",
110055,Ashlin Spitzer,Ashlin,Spitzer,,"Telluride, CO",
110088,Kaylee Traylor,Kaylee,Traylor,,"Bynum, TX",
111051,Janae Todacheenie,Janae,Todacheenie,,"Indian Wells, AZ",
111230,Zaili Saculla,Zaili,Saculla,,"Bryan, TX",
112056,Shaylee Baxley,Shaylee,Baxley,,"Paso Robles, CA",
113076,Halle-Mae Gaudry,Halle-Mae,Gaudry,,"Stephenville, TX",
113105,Brooke Henry,Brooke,Henry,,"Waller, TX",
113426,Kimberly Luco,Kimberly,Luco,,"Decatur, TX",
113438,Taylor Bothwell,Taylor,Bothwell,,"Pierce, SD",
113586,Maklain Kleeman,Maklain,Kleeman,,"Hay Springs, NE",
113802,Amy Ohrt,Amy,Ohrt,,"Victoria, TX",
114078,Sage Dunlap,Sage,Dunlap,,"Bear Creek, NC",
100265,Macy Young,Macy,Young,,"Wittmann, AZ",/images/2020/11/10/10_Fuller_Macy_blue.png
104239,Kendal Pierson,Kendal,Pierson,,"Wardlow, AB",
110460,Addison Kinser,Addison,Kinser,,"Stephenville, TX",
111407,Zella Powers,Zella,Powers,,"San Angelo, TX",
113314,Jasmin Bakri,Jasmin,Bakri,,"Knoxville, TN",
113930,Makenzie Dowell,Makenzie,Dowell,,"Marlin, TX",
96276,Taylor Gardner,Taylor,Gardner,,"Purple Springs, AB",
113716,Zayne Hall,Zayne,Hall,,"Wickenberg, AZ",
73700,Jolee Lautaret-Jordan,Jolee,Lautaret-Jordan,,"Kingman, AZ",
74542,Kari Boxleitner,Kari,Boxleitner,,"Loveland, CO",
95786,Taryn Boxleitner,Taryn,Boxleitner,,"Loveland, CO",
103628,Manchi Nace,Manchi,Nace,,"Laurel, MT",
104640,Hayden Madsen,Hayden,Madsen,,"Honeyville, UT",
104743,Shana Stephens,Shana,Stephens,,"Henderson, NV",
105494,Gracie Ludlow,Gracie,Ludlow,,"Spanish Fork, UT",
108310,Caitlyn White,Caitlyn,White,,"Spanish Fork, UT",
109130,Morgan Beckstrom,Morgan,Beckstrom,,"Spanish Fork, UT",
110018,KariAnn Cross,KariAnn,Cross,,"Blackfoot, ID",
112029,Sonya Madsen,Sonya,Madsen,,"Honeyville, UT",
113323,Jessie Havener,Jessie,Havener,,"Lodge Grass, MT",
73638,Terri Wood Gates,Terri,Wood Gates,,"West Jordan, UT",
92379,Rene Audsley,Rene,Audsley,,"Phoenix, AZ",
74462,Buffy Walchli,Buffy,Walchli,,"Aguila, AZ",
92102,Stephanie Kunz,Stephanie,Kunz,,"Willard, UT",
92459,Kelsey Steiger,Kelsey,Steiger,,"Farmington, CA",
102456,Ashley Nelson,Ashley,Nelson,,"Byron, CA",
95649,Taylor Arakelian,Taylor,Arakelian,,"Clovis, CA",
109039,Jenny Sherbo,Jenny,Sherbo,,"Acampo, CA",
109143,Samantha Prock,Samantha,Prock,,"Waterford, CA",
76550,Erin Ricotti,Erin,Ricotti,,"Escalon, CA",
73503,Pat Little Soldier,Pat,Little Soldier,,"Wickenburg, AZ",
100699,Tara Seaton,Tara,Seaton,,"Winslow, AZ",
110339,Sloan Williams,Sloan,Williams,,"Prescott, AZ",
106477,Carly Longo,Carly,Longo,,"Phoenix, AZ",
101912,Doskie Edwards,Doskie,Edwards,,"Casa Grande, AZ",
110383,Brittney Hawley,Brittney,Hawley,,"Suprise, AZ",
97642,Stacey Padilla,Stacey,Padilla,,"San Tan Valley, AZ",
73692,Jill Ferdina,Jill,Ferdina,,"Wolf Point, MT",
106236,Chalee Harms,Chalee,Harms,,"Miles City, MT",
74103,Sharon Harrell,Sharon,Harrell,,"Wickenburg, AZ",
111786,Kylee Schwartz,Kylee,Schwartz,,"Wickenburg, AZ",
73910,Jenna Duhon,Jenna,Duhon,,"Phoenix, AZ",
94048,Kristin Brashears,Kristin,Brashears,,"Casa Grande, AZ",
105321,Kaylee Barker,Kaylee,Barker,,"Camp Verde, AZ",
113405,Shaylee Warner,Shaylee,Warner,,"Rigby, ID",
103427,3 Pollei,3,Pollei,3,"St George, UT",
105179,Erika Frost,Erika,Frost,,"Randlett, UT",
104572,Aubryn Bedke,Aubryn,Bedke,,"Oakley, ID",
111636,Roanie Kasel,Roanie,Kasel,,"Twin Falls, ID",
114196,Mataya Hirschi,Mataya,Hirschi,,"Scipio, UT",
113126,Bailey Fullmer,Bailey,Fullmer,,"North Las Vegas, NV",
104817,Maddison Rogers,Maddison,Rogers,,"Ogden, UT",
113335,Kaycie Ahlstrom,Kaycie,Ahlstrom,,"Genola, UT",
99966,Cooper Ahlstrom,Cooper,Ahlstrom,,"Ogden, UT",
108078,Calli Kaufman,Calli,Kaufman,,"Boundurant, WY",
92413,Samantha Fulton,Samantha,Fulton,,"Miller, SD",
113131,Averie Sanders,Averie,Sanders,,"West Haven, UT",
100452,Oaklie Boren,Oaklie,Boren,,"West Haven, UT",
107906,Marckee Belliston,Marckee,Belliston,,"Collinston, UT",
99401,Laramie Jackson,Laramie,Jackson,,"Cave Creek, AZ",
106888,Ryland Pintar,Ryland,Pintar,,"Menan, ID",
100426,CodiAnne Judkins,CodiAnne,Judkins,,"Garland, UT",
111173,Brylee Smith,Brylee,Smith,,"Georgetown, ID",
111198,Abby Armstrong,Abby,Armstrong,,"Klamath Falls, OR",
107668,Sissy Barnes,Sissy,Barnes,,"Nuevo, CA",
101305,Kaylee Groff,Kaylee,Groff,,"Phoenix, AZ",
113938,Madilyn Parson,Madilyn,Parson,,"Hilmar, CA",
111216,Cora Stewart,Cora,Stewart,,"Weatherford, TX",
100212,Stacie Sorensen,Stacie,Sorensen,,"Flower Mound, TX",
113363,Katy Webb,Katy,Webb,,"Buffalo, TX",
107577,Ariana Varischetti,Ariana,Varischetti,,"Menard, TX",
75796,Hope Raley,Hope,Raley,,"Gladstone, ND",
105974,Kalie Anderson,Kalie,Anderson,,"Carrington, ND",
100756,Emilee Pauley,Emilee,Pauley,,"Wall, SD",
111898,Tracy Boll,Tracy,Boll,,"Bowman, ND",
113740,Kennedi Harstad,Kennedi,Harstad,,"Plaza, ND",
73703,Sindi Jandreau,Sindi,Jandreau,,"Kennebec, SD",
96547,Carey Rivinius,Carey,Rivinius,,"Carson, ND",
92593,Sydney Gray,Sydney,Gray,,"Ridgeview, SD",
106302,Brynn Hartje,Brynn,Hartje,,"Beulah, ND",
102630,Emmy Dockter,Emmy,Dockter,,"Denhoff, ND",
114310,Shasta MacNaught,Shasta,MacNaught,,"Glen Ewen, SK",
113344,Shawna Rynes,Shawna,Rynes,,"Dickinson, ND",
113304,Faith Heim,Faith,Heim,,"Bismark, ND",
90986,Dori Hollenbeck,Dori,Hollenbeck,,"Winner, SD",
102789,Siggy Scheid,Siggy,Scheid,,"Hazen, ND",
101039,Courtney Presthus,Courtney,Presthus,,"Dickinson, ND",
101641,Cydney Peterson,Cydney,Peterson,,"Minot, ND",
109932,Meaghan Rood,Meaghan,Rood,,"Bengough, SK",
108871,Reba Shearer,Reba,Shearer,,"Parshall, ND",
74446,Nikki Hansen,Nikki,Hansen,,"Werner, ND",
105539,Chenessa McGraw,Chenessa,McGraw,,"Corvallis, MT",
92591,Lindsey Horner,Lindsey,Horner,,"Dawson, ND",
99940,Codi Sebastian,Codi,Sebastian,,"Dickinson, ND",
104344,Abby Sigvaldsen,Abby,Sigvaldsen,,"Epping, ND",
111669,Brooke Peterson,Brooke,Peterson,,"Minot, ND",
100437,Cedar Jandreau,Cedar,Jandreau,,"Kennebec, SD",
113755,Madison McGee,Madison,McGee,,"Deloraine, MB",
100910,Teddi Morman,Teddi,Morman,,"Glen Ullin, ND",
113339,Megan Dunlop,Megan,Dunlop,,"Rolla, ND",
76800,Amber Carson,Amber,Carson,,"Grassy Butte, ND",
75608,Candice Osborne,Candice,Osborne,,"Hermiston, OR",
101009,Abby Sutfin,Abby,Sutfin,,"Homedale, ID",
111166,Samantha Merriott,Samantha,Merriott,,"Medical Lake, WA",
90333,Shelly Mull,Shelly,Mull,,"Amity, OR",
76771,Lexi Burgess,Lexi,Burgess,,"Lebanon, OR",
110150,Molly Davis,Molly,Davis,,"Hermiston, OR",
74846,Stevie Willis,Stevie,Willis,,"Terrebonne, OR",
114087,Lily Hallett,Lily,Hallett,,"Tenino, WA",
114199,Amanda Burns,Amanda,Burns,,"Boring, OR",
74016,Kathy Grimes,Kathy,Grimes,,"Medical Lake, WA",
97333,Kacey Gartner,Kacey,Gartner,,"Walla Walla, WA",
113887,Paige Gartner,Paige,Gartner,,"Walla Walla, WA",
76181,Ashlie Stanley,Ashlie,Stanley,,"Hermiston, OR",
114131,Kimber Beers,Kimber,Beers,,"Prineville, OR",
110730,Lacy Stovner,Lacy,Stovner,,"Prineville, OR",
113369,Haley Brown,Haley,Brown,,"Connell, WA",
106393,Grace King,Grace,King,,"Greenleaf, ID",
103754,Erica Luzzi,Erica,Luzzi,,"Montesano, WA",
113687,Brittany Anderson,Brittany,Anderson,,"Silverdale, WA",
108924,Kelly Longfellow,Kelly,Longfellow,,"Moscow, ID",
104329,Kelli Crowley,Kelli,Crowley,,"Molalla, OR",
108958,Alizae Youngblood,Alizae,Youngblood,,"Riverside, WA",
96851,Jessie Plechaty,Jessie,Plechaty,,"Lakeview, OR",
110967,Peyton Sanchey,Peyton,Sanchey,,"Glenwood, WA",
75139,Kara Philippi,Kara,Philippi,,"Hermiston, OR",
110797,Ainsley Philippi,Ainsley,Philippi,,"Hermiston, OR",
104333,Tristan Parrish,Tristan,Parrish,,"Yakima, WA",
111341,Sami Sartin,Sami,Sartin,,"Sunnyside, WA",
89572,Karen Gleason,Karen,Gleason,,"Touchet, WA",
109170,Aysha Martin,Aysha,Martin,,"Battle Ground, WA",
106705,Lacy Diefenbach,Lacy,Diefenbach,,"Stanfield, OR",
75955,Jennifer Kalafatic,Jennifer,Kalafatic,,"Caldwell, ID",
75639,Colleen Kingsbury,Colleen,Kingsbury,,"Powell Butte, OR",
113927,Ellie Beukelman,Ellie,Beukelman,,"Caldwell, ID",
76278,Natalie Deking,Natalie,Deking,,"Pasco, WA",
111268,Megan Cobb,Megan,Cobb,,"Caldwell, ID",
110627,Jeannette Etchebarne,Jeannette,Etchebarne,,"Newberg, OR",
113839,Kassidy Klein,Kassidy,Klein,,"Bend, OR",
97037,Siterra Magee-Anson,Siterra,Magee-Anson,,"Bend, OR",
111537,Ella Stahl,Ella,Stahl,,"Pendleton, OR",
74124,Serena Randall,Serena,Randall,,"Brush Prarire, WA",
107998,Val James,Val,James,,"Sandy, OR",
90989,Pamela Morrison,Pamela,Morrison,,"Celista, BC",
93716,Jackie Lynch,Jackie,Lynch,,"Walla Walla, WA",
75611,Jade Benevides,Jade,Benevides,,"Touchet, WA",
96156,Kaycie Kayser,Kaycie,Kayser,,"Ellensburg, WA",
99429,Hailey Garrison Graham,Hailey,Garrison Graham,,"Glen, MT",
108067,Megan Sharp,Megan,Sharp,,"Powell Butte, OR",
104484,Gretchen Miller,Gretchen,Miller,,"Bend, OR",
114197,Hunter Chevallier,Hunter,Chevallier,,"Stanfield, OR",
110221,Summer Schaffran,Summer,Schaffran,,"Bend, OR",
106558,Amanda King,Amanda,King,,"Moses Lake, WA",
98435,Jami Erwert,Jami,Erwert,,"Stanfield, OR",
90488,Kayde Akins,Kayde,Akins,,"Goldendale, WA",
73764,Jackie Gudmundson,Jackie,Gudmundson,,"Monroe, WA",
108614,Georgia McAuliffe,Georgia,McAuliffe,,"Snohomish, WA",
76354,Cheyenne Allan,Cheyenne,Allan,,"Mabton, WA",
77204,Shawn Massey,Shawn,Massey,,"Hermiston, OR",
103909,Dominique Hart,Dominique,Hart,,"Sisters, OR",
111095,Copper Perry,Copper,Perry,,"Albuquerque, NM",
113120,Sierra Telford,Sierra,Telford,,"Caldwell, ID",
104965,Lindsey Decker,Lindsey,Decker,,"Stephenville, TX",
109821,Caysen Weidenbener,Caysen,Weidenbener,,"Payson, AZ",
107945,Allie Murphy,Allie,Murphy,,"Snyder, TX",
74768,Jessica Williams,Jessica,Williams,,"Ropesville, TX",
113404,Makiah Horton,Makiah,Horton,,"Millsap, TX",
103286,De'Ann Kiehne,De'Ann,Kiehne,,"Ft. Sumner, NM",
112007,Layney Deguara,Layney,Deguara,,"Benjamin, UT",
100796,Trinity Thompson,Trinity,Thompson,,"Anton, TX",
109860,Aspen Adams,Aspen,Adams,,"Merkel, TX",
73526,Dena Kirkpatrick,Dena,Kirkpatrick,,"Post, TX",
107922,Anne Miller,Anne,Miller,,"Surprise, AZ",
103422,Amy Sanborn,Amy,Sanborn,,"Willcox, AZ",
73515,Cindy Reynolds,Cindy,Reynolds,,"Sheridan, WY",
73729,Patsy Alexander,Patsy,Alexander,,"Marana, AZ",
108003,Cara Ness,Cara,Ness,,"Ramona, SD",
109514,Rachel Brooks,Rachel,Brooks,,"Wittmann, AZ",
104693,Sherrie Sommerseth,Sherrie,Sommerseth,,"Wickenburg, AZ",
114074,Kaycee Salter,Kaycee,Salter,,"Potomac, MT",
93381,Kim Eickhoff,Kim,Eickhoff,,"Morristown, AZ",
73829,Juli Miller,Juli,Miller,,"Sonoita, AZ",
95736,Shyann Lucas,Shyann,Lucas,,"Morristown, AZ",
75880,Stacy Glause,Stacy,Glause,,"Payson, UT",
76485,Jen Auth,Jen,Auth,,"Phoenix, AZ",
110099,Brylee Banning,Brylee,Banning,,"Litchfield Park, AZ",
74297,Lisa Warfield,Lisa,Warfield,,"Helena, MT",
103428,Kailee Murdock,Kailee,Murdock,,"Litchfield Park, AZ",
104826,Stevie Taylor,Stevie,Taylor,,"Big Piney, WY",
114182,Joelle Christian,Joelle,Christian,,"Wickenburg, AZ",
113702,Jessica Salisbury,Jessica,Salisbury,,"Prescott, AZ",
109148,Annie Lipscomb,Annie,Lipscomb,,"Cave Creek, AZ",
111300,Fawn Molyneux,Fawn,Molyneux,,"Idaho Falls, ID",
114229,Kylynn Bryson,Kylynn,Bryson,,"Camp Verde, AZ",
97743,Gracie Perry,Gracie,Perry,,"Wilson, WY",
113696,Anna Pethel,Anna,Pethel,,"Belt, MT",
73487,Betsy Lemaire,Betsy,Lemaire,,"Wickenburg, AZ",
114114,Saige Scott,Saige,Scott,,"Chino Valley, AZ",
76205,Sami Buum,Sami,Buum,,"Keenesburg, CO",
111380,Shian Hoyt,Shian,Hoyt,,"Binford, ND",
74350,Katie Rasmussen,Katie,Rasmussen,,"Bozeman, MT",
107525,Sierra Spratt,Sierra,Spratt,,"San Tan Valley, AZ",
74564,Casey Wagner,Casey,Wagner,,"Park City, MT",
77047,Rebecca Kenner,Rebecca,Kenner,,"New River, AZ",
74895,Mollie De la Cruz,Mollie,De la Cruz,,"Phoenix, AZ",
101247,Alex Simpson,Alex,Simpson,,"Nashville, AR",
110685,Sheila Ellis,Sheila,Ellis,,"Carthage, MO",
113699,Randi Preece,Randi,Preece,,"Sarcoxie, MO",
83719,Cindy Dawn,Cindy,Dawn,,"Lowell, AR",
108532,Kara Byars,Kara,Byars,,"Viola, AR",
104492,Cari Titsworth,Cari,Titsworth,,"McAlester, OK",
114081,Brandie Inman,Brandie,Inman,,"Nowata, OK",
110537,Bradee Addison,Bradee,Addison,,"Elmore City, OK",
111590,Jeorgia Floyd,Jeorgia,Floyd,,"Star City, AR",
106695,Lily Wofford,Lily,Wofford,,"Vilonia, AR",
108838,Laramie Wedemeyer,Laramie,Wedemeyer,,"Lindale, TX",
75864,Amber Sullivan,Amber,Sullivan,,"Branch, AR",
88146,Melinda Raasch,Melinda,Raasch,,"Richmond, MO",
113982,Nealia Courtois,Nealia,Courtois,,"Mineral Point, MO",
73484,Jyme Powell,Jyme,Powell,,"Checotah, OK",
111325,Jodi Kolbe,Jodi,Kolbe,,"Bilings, MO",
111271,Hadlie Dixon,Hadlie,Dixon,,"Lockesburg, AR",
109512,Savannah Moran,Savannah,Moran,,"Ripley, XX",
114129,Alli McNealy,Alli,McNealy,,"Washougal, WA",
103150,Morgan Spies,Morgan,Spies,,"Dayton, WA",
114207,Hadley Hoffman,Hadley,Hoffman,,"Chehalis, WA",
113485,Rio Schmidt,Rio,Schmidt,,"Benton City, WA",
114187,Claire Sagiao,Claire,Sagiao,,"Bonney Lake, WA",
100100,Riley Sappington,Riley,Sappington,,"Powell Butte, OR",
104066,Lauren Stafford,Lauren,Stafford,,"Prineville, OR",
100414,Jessica Tye,Jessica,Tye,,"Canby, OR",
111212,Kilee Sofich,Kilee,Sofich,,"Prineville, OR",
100083,Shelbie Allen,Shelbie,Allen,,"Payette, ID",
100111,Coti Fuller,Coti,Fuller,,"Touchet, WA",
107495,Crystal Mathwich,Crystal,Mathwich,,"Milton Freewater, OR",
113826,Joslyn Arnold,Joslyn,Arnold,,"Glenwood, WA",
107005,Brittany Truman,Brittany,Truman,,"Parma, ID",
100196,Rylee Hansen,Rylee,Hansen,,"Weiser, ID",
102435,Taylor Eller,Taylor,Eller,,"Hedley, BC",
90481,Katie McFarlane,Katie,McFarlane,,"Wilder, ID",
111462,Sloan McFarlane,Sloan,McFarlane,,"Wilder, ID",
99948,Kiley McMillan,Kiley,McMillan,,"Marlin, WA",
100201,Jennifer Casey,Jennifer,Casey,,"Mesa, WA",
104947,Anne Meek,Anne,Meek,,"Port Townsend, WA",
109441,Krystal Pennington,Krystal,Pennington,,"Buckley, WA",
73933,Jodi Goodrich,Jodi,Goodrich,,"Stanfield, OR",
114058,Stella Carlson,Stella,Carlson,,"Yelm, WA",
98660,Allie Craig,Allie,Craig,,"Baker City, OR",
111965,Michele Wallace,Michele,Wallace,,"Prosser, WA",
108551,Jess Hartley,Jess,Hartley,,"Ellensburg, WA",
112023,Chelsea Hajny,Chelsea,Hajny,,"Ellensburg, WA",
100422,Bailey Patterson,Bailey,Patterson,,"Pendleton, OR",
108159,Corynn Kayser,Corynn,Kayser,,"Centerville, WA",
90707,Jordan Minor,Jordan,Minor,,"Hermiston, OR",
107718,Brianna Sharp,Brianna,Sharp,,"Powell Butte, OR",
92022,Britni Carlson,Britni,Carlson,,"Herminston, OR",
99196,Shayla Currin,Shayla,Currin,,"Dayton, WA",
100195,Sarah Morrissey,Sarah,Morrissey,,"Burbank, WA",
111093,Talia Seaward,Talia,Seaward,,"New Plymouth, ID",
100211,Shelli Scrivner,Shelli,Scrivner,,"New Plymouth, ID",
107072,Makayla Mccabe,Makayla,Mccabe,,"Hermiston, OR",
114175,Natalie Thompson,Natalie,Thompson,,"Yoncalla, OR",
100402,Annie Minor,Annie,Minor,,"Ellensburg, WA",
110007,Georgia Shields,Georgia,Shields,,"Lubbock, TX",
111694,Chloe Berlin,Chloe,Berlin,,"Oakley, ID",
113606,Clara Barrington,Clara,Barrington,,"New Home, TX",
112061,Colee Cox,Colee,Cox,,"Tell, TX",
105944,MaryBeth Beam,MaryBeth,Beam,,"Honey Grove, TX",
114230,Kassidy Robertson,Kassidy,Robertson,,"Arco, ID",
111273,Sophia Patino,Sophia,Patino,,"Wolfforth, TX",
105647,Brittany Johnson,Brittany,Johnson,,"Artesia, NM",
108700,Kallie Sims,Kallie,Sims,,"Cogress, AZ",
113273,Audrey Kremer,Audrey,Kremer,,"Cody, WY",
113299,Harley Hull,Harley,Hull,,"Congress, AZ",
100332,Melody Hale,Melody,Hale,,"Tenino, WA",
113617,Kacy Smith,Kacy,Smith,,"Kathryn, ND",
108663,Maryn Buchanan,Maryn,Buchanan,,"Marana, AZ",
106894,Cassie Camarillo,Cassie,Camarillo,,"Maricopa, AZ",
94521,Blythe Beshears,Blythe,Beshears,,"Gilbert, AZ",
105005,Megan Burris,Megan,Burris,,"Queen Creek, AZ",
113274,Camela Haalilio,Camela,Haalilio,,"Kealakekua, HI",
102214,Fallon Doka,Fallon,Doka,,"Fort McDowell, AZ",
111197,Jacie Hambrick,Jacie,Hambrick,,"Dewey, AZ",
113697,Janae Blades,Janae,Blades,,"Nanton, AB",
113719,Heather Rogers,Heather,Rogers,,"Round Rock, AZ",
113713,McKenzie Gunter,McKenzie,Gunter,,"Coolidge, AZ",
101002,Anna Jorgenson,Anna,Jorgenson,,"Watford City, ND",
73952,Mary Miller,Mary,Miller,,"Cave Creek, AZ",
104324,Mandi Holland,Mandi,Holland,,"Red Lodge, MT",
114076,Breanna Jenkins,Breanna,Jenkins,,"Rexburg, ID",
110342,Taylor Girvin,Taylor,Girvin,,"Flagstaff, AZ",
110343,Bailey Stringer,Bailey,Stringer,,"Flagstaff, AZ",
109318,Quincy Downey,Quincy,Downey,,"Omak, WA",
103217,Kayse Mahoney,Kayse,Mahoney,,"Florence, AZ",
107166,Kash Gay,Kash,Gay,,"Plain City, UT",
99958,Lynn Smith,Lynn,Smith,,"Elfrida, AZ",
108266,Murphy Gaasch,Murphy,Gaasch,,"Dillon, MT",
110827,Cora Brunori,Cora,Brunori,,"Rimrock, AZ",
110284,Drea Miranda,Drea,Miranda,,"Casa Grande, AZ",
114091,Shaunti Short,Shaunti,Short,,"Kingman, AZ",
73740,ReAnn Crane,ReAnn,Crane,,"Whitewood, SD",
74489,Jamie Farmer,Jamie,Farmer,,"Pineville, MO",
114075,Kylee Bennett,Kylee,Bennett,,"McAlester, OK",
110362,Callie Hewett,Callie,Hewett,,"Branch, AR",
92385,Katie Barton,Katie,Barton,,"West Haven, UT",
111175,Claire Kalafatic,Claire,Kalafatic,,"Caldwell, ID",
90167,Jodi Edwards,Jodi,Edwards,,"Congress, AZ",
105473,McKinlee Kellett,McKinlee,Kellett,,"West Haven, UT",
76984,Jody Hale,Jody,Hale,,"Phoenix, AZ",
113756,Jayme Fish,Jayme,Fish,,"Taylor, AZ",
113639,Madilyn Todd,Madilyn,Todd,,"Wilcox, AZ",
113622,Jaydin Camarena,Jaydin,Camarena,,"Hemet, CA",
96702,Darian Raupers,Darian,Raupers,,"New River, AZ",
73976,Mikell Hougen,Mikell,Hougen,,"Melstone, MT",
74111,Gayleen Malone,Gayleen,Malone,,"Pray, MT",
76435,Milee Dailey,Milee,Dailey,,"Pray, MT",
76576,Amy Stoltzfus,Amy,Stoltzfus,,"Tonopah, AZ",
113897,Sophie Fountaine,Sophie,Fountaine,,"Snohomish, WA",
113757,Kloe McCormick,Kloe,McCormick,,"Danville, PA",
103192,Kiersten Brockett,Kiersten,Brockett,,"Three Forks, MT",
74338,Kimberli Quinn,Kimberli,Quinn,,"Reno, NV",
110030,Harlie Zehnder,Harlie,Zehnder,,"La Salle, CO",
73675,Laura Lambert,Laura,Lambert,,"Wiggins, CO",
76203,Candace Nahrgang,Candace,Nahrgang,,"Maricopa, AZ",
97428,Lindsey Doran,Lindsey,Doran,,"San Tan Valley, AZ",
91774,Julie Kaufman,Julie,Kaufman,,"Scottsdale, AZ",
113348,Alyesha Burford,Alyesha,Burford,,"Haines, OR",
102649,Brooke Curuchet,Brooke,Curuchet,,"Belle Fourche, SD",
107533,Codie Harmon,Codie,Harmon,,"Las Cruces, NM",
111321,Kim Jim,Kim,Jim,,"Shiprock, NM",
113539,Erin Jones,Erin,Jones,,"Chinle, AZ",
73560,Leigh Billingsley,Leigh,Billingsley,,"Phoenix, AZ",
114071,Jareth Curley,Jareth,Curley,,"Ganado, AZ",
73981,Whitney Davison,Whitney,Davison,,"Dublin, TX",
111830,Braxton Brackin,Braxton,Brackin,,"Norman, OK",
108435,Kali Holt,Kali,Holt,,"LaBelle, FL",
74536,Paige Dove,Paige,Dove,,"Hico, TX",
90883,Lindsey Reed,Lindsey,Reed,,"Franklin, TX",
114102,Jordyn Sydoryk-Tresidder,Jordyn,Sydoryk-Tresidder,,"Rockyview County, AB",
114103,Danielle Tresidder,Danielle,Tresidder,,"Calgary, AB",
97634,Sydney Frey,Sydney,Frey,,"Hico, TX",
73725,Gina Suick,Gina,Suick,,"Henderson, TX",
105889,Sydney Nelson,Sydney,Nelson,,"Marlow, OK",
108331,Stephanie Beers,Stephanie,Beers,,"Granbury, TX",
101304,Rio Flaharty,Rio,Flaharty,,"El Dorado, KS",
113868,Hynley Salter,Hynley,Salter,,"Evergreen, AL",
113714,Alona James,Alona,James,,"Ada, OK",
96443,Josey Butler,Josey,Butler,,"Sulphur Springs, TX",
75187,Taylor Carver,Taylor,Carver,,"Broxton, GA",
111915,Tiffany Earp,Tiffany,Earp,,"Poolville, TX",
74171,Brooke McGehee,Brooke,McGehee,,"Stephenville, TX",
94715,Chloe Gray,Chloe,Gray,,"Yatesville, GA",
113119,Mikella Mims,Mikella,Mims,,"Lipan, TX",
96210,Ilyssa Riley,Ilyssa,Riley,,"Hico, TX",
96223,Katie Ferguson,Katie,Ferguson,,"Loveland, CO",
113859,Emma Hayden,Emma,Hayden,,"Ganado, TX",
93013,Cayla Small,Cayla,Small,,"Afton, OK",
102799,Presley Smith,Presley,Smith,,"Danham Springs, LA",
100446,Britta Strain,Britta,Strain,,"Poolville, TX",
102850,Jenna Dallyn,Jenna,Dallyn,,"Nanton, AB",
105769,Shelby Jones,Shelby,Jones,,"Paola, KS",
110785,Tomi Womack,Tomi,Womack,,"Lake Charles, LA",
108129,Lauryn Motley,Lauryn,Motley,,"Fort Morgan, CO",
108788,Leanne Sine,Leanne,Sine,,"Dewinton, AB",
73866,Wendy Greenough,Wendy,Greenough,,"Gillette, WY",
76487,Fonda Melby,Fonda,Melby,,"Backus, MN",
103034,Shaw Nelson,Shaw,Nelson,,"Hartford, SD",
97074,Lexi Thyberg,Lexi,Thyberg,,"Hartford, SD",
99066,Alyssa Allen,Alyssa,Allen,,"Oelrlchs, SD",
94285,Kennedi Lako,Kennedi,Lako,,"Mandan, ND",
97846,Kassidy Rozell,Kassidy,Rozell,,"Brookings, SD",
113324,Kayla Peters,Kayla,Peters,,"Adrian, MN",
113976,Kallista Banister,Kallista,Banister,,"Starbuck, MN",
73762,Amy Schimke,Amy,Schimke,,"Wessington Spgs, SD",
113735,Samantha Maus,Samantha,Maus,,"Appleton, MN",
94103,Sarah Rose,Sarah,Rose,,"Volga, SD",
113337,Amber Sorenson,Amber,Sorenson,,"Starbuck, MN",
73931,TK Leibrand,TK,Leibrand,,"Peerless, MT",
98191,Lakken Bice,Lakken,Bice,,"Killdeer, ND",
113241,Alaina Kringen-Scholtz,Alaina,Kringen-Scholtz,,"Wentworth, SD",
105897,Victoria Viteri,Victoria,Viteri,,"Monticello, MN",
76539,Donna Reeves,Donna,Reeves,,"Palestine, TX",
113466,Tanner Stovall,Tanner,Stovall,,"Winona, TX",
111295,Heather Jordan,Heather,Jordan,,"De Berry, TX",
110547,Katie Halbmaier,Katie,Halbmaier,,"Coushatta, LA",
107204,Cidney Estes,Cidney,Estes,,"Hermiston, OR",
107608,Mattie Hodges,Mattie,Hodges,,"Lorena, TX",
112051,Kerstin Freeman,Kerstin,Freeman,,"Cooper, TX",
113250,Sage Webster,Sage,Webster,,"Kamas, UT",
113784,Katelyn Turner,Katelyn,Turner,,"Huntsville, TX",
107984,Trinity Smith,Trinity,Smith,,"Santa Fe, TX",
113723,Madison Murray,Madison,Murray,,"Cooper, TX",
109912,Katlyn Hooper,Katlyn,Hooper,,"Crescent, OK",
101519,Katelyn Nicholson,Katelyn,Nicholson,,"Lawrence, MS",
76511,Ericka Nelson,Ericka,Nelson,,"Century, FL",
90166,Patti Higdon,Patti,Higdon,,"Terry, MS",
114054,Joy Brunson,Joy,Brunson,,"Terry, MS",
94436,Julia Beaty,Julia,Beaty,,"Glade Hill, VA",
113717,Chloee Abeln,Chloee,Abeln,,"Fort Blackmore, VA",
113810,Sarah Nelms,Sarah,Nelms,,"For Blackmore, VA",
100041,Josey Owens,Josey,Owens,,"Goshen, AL",
101758,Jenna Lummus,Jenna,Lummus,,"Byhalia, MS",
94504,Amie Tyre,Amie,Tyre,,"Jasper, FL",
102089,Casey Byrd,Casey,Byrd,,"OBrien, FL",
106604,Robbie Pella,Robbie,Pella,,"Zolfo Springs, FL",
75084,Katie Smart,Katie,Smart,,"Richton, MS",
111141,Cheyenne McKnight,Cheyenne,McKnight,,"Mitchell, IN",
113747,Ashley Merrill,Ashley,Merrill,,"Abbeville, AL",
111394,Cassie Brantmayer,Cassie,Brantmayer,,"Bridgeton, NJ",
76519,Paige Willis,Paige,Willis,,"Bristol, FL",
73723,Kelley Carrington,Kelley,Carrington,,"Boston, GA",
90696,Wendy Reed,Wendy,Reed,,"Roopville, GA",
74039,Margo Crowther,Margo,Crowther,,"North Fort Myers, FL",/images/2022/10/26/margo_crowther_600x_71.png
108495,Kaitlyn Sims,Kaitlyn,Sims,,"Elkton, FL",
74409,Heather Clemons,Heather,Clemons,,"Okeechobee, FL",
113308,Faith Goergen,Faith,Goergen,,"Lake Charles, LA",
93147,Suzanna Irwin,Suzanna,Irwin,,"McDavid, FL",
75216,Brooke Pope,Brooke,Pope,,"Westville, FL",
105480,Abby Gray,Abby,Gray,,"Yatesville, GA",
113179,Jacee Maraman,Jacee,Maraman,,"Bonifay, FL",
113328,Josie Luttrell,Josie,Luttrell,,"South Fulton, TN",
96122,Alishea Broussard,Alishea,Broussard,,"Estherwood, LA",
101215,Alex Jones,Alex,Jones,,"Town Creek, AL",
76298,Jaime Hinton,Jaime,Hinton,,"Wittman, AZ",
106697,Lane Wills,Lane,Wills,,"Pouce Coupe, BC",
113112,Cindy Grainger,Cindy,Grainger,,"Willow Creek, MT",
96013,Sara Cheeney,Sara,Cheeney,,"Pinedale, WY",
100999,Ryleigh Hauer,Ryleigh,Hauer,,"Eaton, CO",
74555,Allison Resor,Allison,Resor,,"Willcox, AZ",
77086,Julie Daves,Julie,Daves,,"Bosque Farms, NM",
113370,Jacquelyn Garner,Jacquelyn,Garner,,"Morristown, AZ",
108088,Robin Walker,Robin,Walker,,"Peers, AB",
74703,Missy Nelissen,Missy,Nelissen,,"Chino Valley, AZ",
77068,Kati Jundt,Kati,Jundt,,"McNeal, AZ",
111848,Jill Starkey,Jill,Starkey,,"Queen Creek, AZ",
94435,Ashley Haller Novich,Ashley,Haller Novich,,"Marana, AZ",
105719,Sophie Nolen,Sophie,Nolen,,"Stephenville, TX",
97817,Deanna Davis,Deanna,Davis,,"Riggins, ID",
90983,Katie Bray,Katie,Bray,,"Wittmann, AZ",
76983,Krystal Kotzur,Krystal,Kotzur,,"Boerne, TX",
107898,Rebecca Rothlisberger,Rebecca,Rothlisberger,,"Beevile, TX",
102626,Sharee Weaver,Sharee,Weaver,,"Corpus Christi, TX",
106013,Katie Traut,Katie,Traut,,"St Stephen, MN",
74021,Melinda Edwards Dunn,Melinda,Edwards Dunn,,"Pleasanton, TX",
108382,Alicia May,Alicia,May,,"Davie, FL",
103005,Samantha Kaufman,Samantha,Kaufman,,"Newberry, FL",
107208,Haley Bechard,Haley,Bechard,,"Jupiter, FL",
91781,Leigha Bos,Leigha,Bos,,"Dunnellon, FL",
73508,Sabra O'Quinn,Sabra,O'Quinn,,"Ft White, FL",
74273,Jewels DeNapoli,Jewels,DeNapoli,,"Elkton, FL",
110903,Rebeka Wise,Rebeka,Wise,,"Myakka City, FL",
109818,Ace Youngblood,Ace,Youngblood,,"Okeechobee, FL",
107678,Jessica Bennett,Jessica,Bennett,,"Lakeland, FL",
111723,Tristan Evans,Tristan,Evans,,"Osteen, FL",
108509,Morgan Meekins,Morgan,Meekins,,"Lumberton, MS",
109221,Jini Justice,Jini,Justice,,"Springfield, SC",
103678,Heather McLaughlin,Heather,McLaughlin,,"Meadville, MS",
112063,Sophia Corona,Sophia,Corona,,"Moultrie, GA",
108940,Ashten Denney,Ashten,Denney,,"Quitman, GA",
104368,Brooke Ladner,Brooke,Ladner,,"Poplarville, MS",
103805,Hollie Ladner,Hollie,Ladner,,"Poplarville, MS",
113116,Gracie Green,Gracie,Green,,"Roanoke, AL",
113094,Kamey Kennemer,Kamey,Kennemer,,"Danville, AL",
109863,JoDee Sessions,JoDee,Sessions,,"Perry, FL",
113939,Jordan Wade,Jordan,Wade,,"Clanton, AL",
104315,Blythe Odom,Blythe,Odom,,"Perkinston, MS",
105745,Ajae Griffin,Ajae,Griffin,,"Prentiss, MS",
106504,Ashley Henderson,Ashley,Henderson,,"Covington, LA",
110189,Tresley Culpepper,Tresley,Culpepper,,"Poulen, GA",
106296,Whitney Keller,Whitney,Keller,,"Forsyth, GA",
102735,Kelly Stein,Kelly,Stein,,"Scottsville, NY",
113710,April Phillips,April,Phillips,,"Mill Hall, PA",
103332,Jayce Blake,Jayce,Blake,,"Parma, ID",
74456,Carole Hollers,Carole,Hollers,,"Sturgis, SD",
113456,Gracie Greene,Gracie,Greene,,"Rocksprings, TX",
87392,Garen Reese,Garen,Reese,,"Gonzales, TX",
111053,Erin Blandford,Erin,Blandford,,"Stockdale, TX",
73748,Sue Smith,Sue,Smith,,"Blackfoot, ID",
76762,Joey Williams,Joey,Williams,,"Volberg, MT",
94551,Preslie Reid,Preslie,Reid,,"San Angelo, TX",
113118,Meghann Daniel,Meghann,Daniel,,"Bronson, FL",
95582,Lorissa Merritt,Lorissa,Merritt,,"Bryan, TX",
113130,Molly Harper,Molly,Harper,,"Gardendale, TX",
97698,Cathy Allen,Cathy,Allen,,"Morriston, FL",
73941,April Masterson,April,Masterson,,"Lincoln, VT",
73505,Sally Young,Sally,Young,,"Micanopy, FL",
74098,Christine DeRenzo,Christine,DeRenzo,,"Reddick, FL",
110243,Nicole Turner,Nicole,Turner,,"Arcadia, FL",
76666,Nicole Torturo,Nicole,Torturo,,"Norman, OK",
113182,Destinee McCray,Destinee,McCray,,"Bunnell, FL",
100178,Ally Ciaccio,Ally,Ciaccio,,"Brooksville, FL",
113219,Candice Morgan,Candice,Morgan,,"Bunnell, FL",
89778,Cindy Patrick,Cindy,Patrick,,"Brooksville, FL",
93093,Angie Curkovic,Angie,Curkovic,,"Naples, FL",
103120,Ashlee Cirigliano,Ashlee,Cirigliano,,"Hollister, FL",
101081,Kiana Bolognese,Kiana,Bolognese,,"Reddick, FL",
92409,Lois Shelley,Lois,Shelley,,"Apopka, FL",
97919,Randee Prindle,Randee,Prindle,,"Gilman City, MO",
110428,Stephanie Yoder,Stephanie,Yoder,,"Garnett, KS",
100061,Makayla Coffelt,Makayla,Coffelt,,"Ponce De Leon, MO",
114013,Taylor Peterson,Taylor,Peterson,,"Bethalto, IL",
112053,Kayla Hurl,Kayla,Hurl,,"Shandon, CA",
113847,Raelynn Johnson,Raelynn,Johnson,,"BrodHead, WI",
114060,Jenn Hazeleger,Jenn,Hazeleger,,"Guelph, ON",
76532,Stacie Coke-Lisby,Stacie,Coke-Lisby,,"Ashland, MO",
73647,Shandi Scales,Shandi,Scales,,"Pittsburg, KS",
108917,Micala Dummit,Micala,Dummit,,"Centerview, MO",
105926,Kelsey Howard,Kelsey,Howard,,"Sallisaw, OK",
100385,Gracie Gambino,Gracie,Gambino,,"Lindale, TX",
100064,Chelsea Novosad,Chelsea,Novosad,,"Magnolia, TX",
113365,Kolby Boyett,Kolby,Boyett,,"Grove, OK",
113689,Chantel Andrews,Chantel,Andrews,,"Allerton, IA",
111905,Mallory Rock,Mallory,Rock,,"Oakland, IA",
74420,Corenne Duba,Corenne,Duba,,"Chambers, NE",
87883,Amanda Urbanec,Amanda,Urbanec,,"Ashland, NE",
87910,Katie Paulsen,Katie,Paulsen,,"Whiting, IA",
111091,Kylee Ruff,Kylee,Ruff,,"Ashland, NE",
105727,Caitlin Okolovitch,Caitlin,Okolovitch,,"Bruinswick, GA",
94230,Summer Conley,Summer,Conley,,"Folkston, GA",
114016,Morgan Young,Morgan,Young,,"Vero Beach, FL",
101483,Bailey Gubert,Bailey,Gubert,,"Hungerford, TX",
113259,Sage Griswold,Sage,Griswold,,"Geary, OK",
102930,Mollie Bassett,Mollie,Bassett,,"Vinita, OK",
114173,Kristen Daniel,Kristen,Daniel,,"Citra, FL",
113790,Ashtyn Leatherwood,Ashtyn,Leatherwood,,"Auburndale, FL",
93275,Fallon Ratliff,Fallon,Ratliff,,"Live Oak, FL",
109904,Kimberly Spencer,Kimberly,Spencer,,"Leesburg, FL",
110616,Faith John,Faith,John,,"Punta Gorda, FL",
107758,Aldyn Ashton,Aldyn,Ashton,,"Lorida, FL",
110074,Mariel Wrench,Mariel,Wrench,,"Williston, FL",
90932,Brittany Groff,Brittany,Groff,,"Cape Coral, FL",
94379,Deanna Pietsch,Deanna,Pietsch,,"Sarasota, FL",
73849,Doreen Wintermute,Doreen,Wintermute,,"Stuart, FL",
73512,Cheryl Mann,Cheryl,Mann,,"Frostproof, FL",
75414,Willie Horzepa,Willie,Horzepa,,"Millstone, NJ",
94672,Brittany Hostetler,Brittany,Hostetler,,"Myakka City, FL",
113104,Addison Walker,Addison,Walker,,"Bowling Green, FL",
101421,Carley Keene,Carley,Keene,,"San Antonio, FL",
113121,Emily Nuanes,Emily,Nuanes,,"Zolfo Springs, FL",
87022,Ashlee Harrison,Ashlee,Harrison,,"Bowling Green, FL",
107663,Shaeley Jenkins,Shaeley,Jenkins,,"Palatka, FL",
97774,Kalli Kouba,Kalli,Kouba,,"Fort Myers, FL",
90815,Jen Simas,Jen,Simas,,"Danville, PA",
104243,Rebecca Rice,Rebecca,Rice,,"Hyndman, PA",
99298,Cassidy Champlin,Cassidy,Champlin,,"Naples, FL",
92488,Billee Faulkner,Billee,Faulkner,,"Wauchula, FL",
114029,Jordan Sodrel,Jordan,Sodrel,,"Labelle, FL",
73712,Randa Deriso,Randa,Deriso,,"Arcadia, FL",
91071,Madeleine Green,Madeleine,Green,,"Statesville, NC",
99350,Kaitlyn Murphy,Kaitlyn,Murphy,,"Okeechobee, FL",
97497,Ali Merck,Ali,Merck,,"Murrysville, PA",
108179,Kalgary Johns,Kalgary,Johns,,"Okeechobee, FL",
75158,Boogie Johns,Boogie,Johns,,"Okeechobee, FL",
113708,Bigtown Billie,Bigtown,Billie,,"Okeechobee, FL",
98285,Dana Davis,Dana,Davis,,"Blackshear, GA",
96301,Brandi Geiger,Brandi,Geiger,,"Morriston, FL",
113436,Kendall Strickland,Kendall,Strickland,,"Hilliard, FL",
113077,Abby Thrailkill,Abby,Thrailkill,,"Reddick, FL",
113311,Morgan Carroll,Morgan,Carroll,,"Cleveland, TN",
111724,Ryleigh Parker,Ryleigh,Parker,,"Hayesville, NC",
111822,Calee Duncan,Calee,Duncan,,"Franklin, GA",
99403,Kristen Daniel,Kristen,Daniel,,"Citra, FL",
110117,Hadassah Mullet,Hadassah,Mullet,,"Strasburg, OH",
101875,Makayla Purcell,Makayla,Purcell,,"Rockledge, FL",
108916,Ahnie Jumper,Ahnie,Jumper,,"Clewiston, FL",
73950,Mary Munkers,Mary,Munkers,,"Lexington, OR",
113526,Ashley Hill,Ashley,Hill,,"Salem, OR",
113686,KaDee Snyder,KaDee,Snyder,,"Oak Harbor, WA",
113758,Makenzie Bennett,Makenzie,Bennett,,"Cheney, WA",
111469,Amelie Fraki,Amelie,Fraki,,"Brush Prairie, WA",
107345,Mika Guty,Mika,Guty,,"York, ND",
106623,Megan Larson,Megan,Larson,,"Hoople, ND",
105463,Ellie Lemstra,Ellie,Lemstra,,"Exeter, CA",
113600,Maegan McPherson,Maegan,McPherson,,"Box Elder, SD",
98982,Allison Pauley,Allison,Pauley,,"Genoa, NE",
74347,Melinda Mattson,Melinda,Mattson,,"Sturgis, SD",
75146,Christy Willert,Christy,Willert,,"Kadoka, SD",
105831,Morgan Anderson,Morgan,Anderson,,"Brookings, SD",
114104,Tara Webb,Tara,Webb,,"Volin, SD",
109448,Jordy Jehn,Jordy,Jehn,,"Pierre, SD",
110129,Joni Hoffman,Joni,Hoffman,,"Northville, SD",
76391,Ivy Berning,Ivy,Berning,,"Anthon, IA",
73472,Lynn Kohr,Lynn,Kohr,,"Gillette, WY",
90973,Cami Bussmus,Cami,Bussmus,,"Lead, SD",
73783,Amber West,Amber,West,,"New Underwood, SD",
114138,Shea Lang,Shea,Lang,,"Chancellor, SD",
108191,Chantel Kolb,Chantel,Kolb,,"Piedmond, SD",
106520,Courtney Manee,Courtney,Manee,,"Mount Vernon, SD",
109412,Tatum Carey,Tatum,Carey,,"Hot Springs, SD",
111012,Chesney Gjermundson,Chesney,Gjermundson,,"Richardton, ND",
100370,Jenny Belkham,Jenny,Belkham,,"Blunt, SD",
111125,Kellie Dunlop,Kellie,Dunlop,,"Rolla, ND",
109626,Josie Mousel,Josie,Mousel,,"Colman, SD",
108330,Ella Sander,Ella,Sander,,"Buffalo, SD",
103737,Jazz McGirr,Jazz,McGirr,,"Huron, SD",
104762,Kallie Ruland,Kallie,Ruland,,"Wall, SD",
105905,Whitney Knippling,Whitney,Knippling,,"Whitewood, SD",
109729,Hannah Schubert,Hannah,Schubert,,"Brainerd, MN",
102384,Misti Brown,Misti,Brown,,"Valentine, NE",
100207,Bonni Johnson,Bonni,Johnson,,"Parker, SD",
100224,Syerra Christensen,Syerra,Christensen,,"Kennebec, SD",
102220,Taryn Sippel,Taryn,Sippel,,"Box Elder, SD",
106499,Cheznie Best,Cheznie,Best,,"Dickinson, ND",
111626,Makayla Wray,Makayla,Wray,,"Ord, NE",
109503,Alison Rice,Alison,Rice,,"Flandreau, SD",
97788,Heidi Johnson,Heidi,Johnson,,"Flandreau, SD",
113778,Sydney Smith,Sydney,Smith,,"Graham, WA",
109527,Kelly Allen Harmon,Kelly,Allen Harmon,,"Ferndale, WA",
100152,Shelby McDonald,Shelby,McDonald,,"Palisades, WA",
114096,Kiley Patterson,Kiley,Patterson,,"Mercer Island, WA",
113452,Katie Shepp,Katie,Shepp,,"Tenino, WA",
106614,Karli Cowie,Karli,Cowie,,"Mankota, SK",
75371,Mary Hodson,Mary,Hodson,,"Eloy, AZ",
107982,Jordan Bailey,Jordan,Bailey,,"Onalaska, WA",
97714,Madison Wilkerson,Madison,Wilkerson,,"Bozeman, MT",
74781,Erin Williams,Erin,Williams,,"Alzada, MT",
73891,Ashley Day,Ashley,Day,,"Volborg, MT",
96273,Michaela Robertson,Michaela,Robertson,,"Bluff Dale, TX",
90553,Carla Jacobs,Carla,Jacobs,,"Marana, AZ",
114055,Hannah Siggins,Hannah,Siggins,,"Coolidge, AZ",
73624,Suzanne DePaoli,Suzanne,DePaoli,,"Longview, AB",
73558,Kirsty White,Kirsty,White,,"Maricopa, AZ",
74480,Cranna Roberts,Cranna,Roberts,,"Red Deer County, AB",
75461,Cheyenne Hattesen,Cheyenne,Hattesen,,"Kerman, CA",
97777,Kate Quast,Kate,Quast,,"Casa Grande, AZ",
73930,Kim Schulze,Kim,Schulze,,"Larkspur, CO",
114083,Janie Freed,Janie,Freed,,"Pocatello, ID",
106679,Danielle Wray,Danielle,Wray,,"Ord, NE",
110982,Aubrey Ross,Aubrey,Ross,,"Botha, AB",
97931,Lakota Bird,Lakota,Bird,,"Nanton, AB",
103381,Molly Pritchard,Molly,Pritchard,,"Waller, TX",
73747,Tiffani Sonnier,Tiffani,Sonnier,,"Boling, TX",
110681,Melissa Hack,Melissa,Hack,,"Choctaw, OK",
100112,Mandy Carter,Mandy,Carter,,"McAlester, OK",
93797,Jaylie Roper,Jaylie,Roper,,"Oktaha, OK",
73984,Marci Jackson,Marci,Jackson,,"Durant, OK",
113157,Teya Moody,Teya,Moody,,"Woonsocket, SD",
76700,Tera Moody,Tera,Moody,,"Letcher, SD",
99814,Tristen Spivey,Tristen,Spivey,,"Marlow, OK",
111652,Hayley Picchi,Hayley,Picchi,,"Decatur, TX",
113683,Shiney Hughes,Shiney,Hughes,,"Fort Scott, KS",
95836,Karlee Kalberer,Karlee,Kalberer,,"Hazelton, SD",
108635,Morgan Reed,Morgan,Reed,,"Middle River, MN",
74714,Cathy Roesler,Cathy,Roesler,,"Miles City, MT",
76043,Mackenzie McCuistion,Mackenzie,McCuistion,,"Fort Collins, CO",
73887,Jessica Routier,Jessica,Routier,,"Buffalo, SD",/images/2020/11/5/09_Routier_Jessica.png
74680,Hallie Moore,Hallie,Moore,,"Lower Brule, SD",
74889,Kristi Steffes,Kristi,Steffes,,"Vale, SD",
95619,Jodi Nelson,Jodi,Nelson,,"Hartford, SD",
73893,Melora Potter,Melora,Potter,,"Marion, KY",
110913,Emily Bolda,Emily,Bolda,,"Lake Village, IN",
110829,Mallory Parr,Mallory,Parr,,"Doniphan, MO",
109929,Jessie Aylor,Jessie,Aylor,,"Cape Girardeau, MO",
73736,Marne Loosenort,Marne,Loosenort,,"Hazel, KY",
113990,Danielle Hart,Danielle,Hart,,"Marion, KY",
113542,Sydney Herrin,Sydney,Herrin,,"Fort Scott, KS",
74928,Callie Gray-Creager,Callie,Gray-Creager,,"Stillwater, OK",
111068,Trina Wheeldon,Trina,Wheeldon,,"Patagonia, AZ",
76515,Haley Wolfe,Haley,Wolfe,,"Flora Vista, NM",
105509,Chandler Camblin,Chandler,Camblin,,"Holyoke, CO",
75666,Amy Reisdorfer,Amy,Reisdorfer,,"Cheyenne, WY",
76486,Ivy Saebens,Ivy,Saebens,,"Nowata, OK",/images/2021/11/3/2021_Ivy_Sabens.png
74677,Heather Crowley,Heather,Crowley,,"Poplar, MT",
97020,Bertina Olafson,Bertina,Olafson,,"Hudson Bay, SK",
110242,Kayden Kaiser,Kayden,Kaiser,,"Paso Robles, CA",
108603,Madison Syres,Madison,Syres,,"Red Bluff, CA",
102884,Alanna Bobsin,Alanna,Bobsin,,"Paso Robles, CA",
88996,Sherrie Jones,Sherrie,Jones,,"Morro Bay, CA",
102901,Trew Mitchell,Trew,Mitchell,,"Paso Robles, CA",
91053,Michelle Silva,Michelle,Silva,,"Salinas, CA",
74158,Julie Ketscher,Julie,Ketscher,,"Exeter, CA",
109238,Ally Wheeler,Ally,Wheeler,,"San Luis Obispo, CA",
109449,Haven Wennerstrom,Haven,Wennerstrom,,"San Luis Obispo, CA",
90471,Janel Flook,Janel,Flook,,"Paicines, CA",
113923,Cassie Kaufman,Cassie,Kaufman,,"Olympia, WA",
75566,Tonia Forsberg,Tonia,Forsberg,,"Fillmore, CA",
108439,Ella Bramsen,Ella,Bramsen,,"San Luis Obispo, CA",
102600,Hanna Coale,Hanna,Coale,,"Exeter, CA",
113972,Delaney Browder,Delaney,Browder,,"San Luis Obispo, CA",
107786,Jayden Wilson,Jayden,Wilson,,"Gleichen, AB",
104791,Stacey Hansen,Stacey,Hansen,,"North Platte, NE",
113520,Heather Bauman,Heather,Bauman,,"Piedmont, SD",
91046,Mary Dugan,Mary,Dugan,,"Greeley, NE",
110147,Jaycie West,Jaycie,West,,"New Underwood, SD",
75117,Carrie Sutton,Carrie,Sutton,,"Ashby, NE",
100727,Taylor Hanson,Taylor,Hanson,,"St Onge, SD",
97717,Jenna Dobrenz,Jenna,Dobrenz,,"Oshoto, WY",
86952,Robbie Stearns,Robbie,Stearns,,"Freedom, OK",
96026,Kylan Shaw,Kylan,Shaw,,"Springfield, SD",
110680,Darla Hoover,Darla,Hoover,,"Cushing, OK",
113374,Peyton Brown,Peyton,Brown,,"Fort Collins, CO",
73848,Robin Augustad,Robin,Augustad,,"Byers, CO",
106102,Samantha Pike,Samantha,Pike,,"Fountain, CO",
84388,Joy Brunson,Joy,Brunson,,"Terry, MS",
98099,Brianna Burton,Brianna,Burton,,"Saint Cloud, FL",
75039,Melissa McKay,Melissa,McKay,,"Okeechobee, FL",
105956,Angela Mack,Angela,Mack,,"Christmas, FL",
113480,Jade Smith,Jade,Smith,,"Ambrose, GA",
103585,Sierra Bowling,Sierra,Bowling,,"Lakeland, FL",
106417,Caitlin Stevens,Caitlin,Stevens,,"Zolfo Springs, FL",
73663,Fallon Taylor,Fallon,Taylor,,"Collinsville, TX",
73826,Kaylon Rodriguez,Kaylon,Rodriguez,,"Polk City, FL",
75178,Kailey Brooks,Kailey,Brooks,,"Saint Cloud, FL",
111925,Raegan Taylor,Raegan,Taylor,,"Clancy, MT",
75986,Bailee Snow,Bailee,Snow,,"Sallisaw, OK",
74120,Britany Diaz,Britany,Diaz,,"Desdemora, TX",
102189,Melinda Harllee,Melinda,Harllee,,"Floresville, TX",
92157,Crystal Glidden,Crystal,Glidden,,"Norman, OK",
102787,Shelly Lilley,Shelly,Lilley,,"Elgin, TX",
103202,Laura Mote,Laura,Mote,,"Llano, TX",
95163,Jodi Shampang,Jodi,Shampang,,"De Leon, TX",
107599,Sherri Reagan,Sherri,Reagan,,"Hockley, TX",
74844,Jennifer Sharp,Jennifer,Sharp,,"Richards, TX",
111499,Taylor Jennings,Taylor,Jennings,,"Luther, OK",
110123,Wendy Ullman,Wendy,Ullman,,"Marion, TX",
73570,Lana Merrick-Bailey,Lana,Merrick-Bailey,,"Norman, OK",
105467,Emma Jordan,Emma,Jordan,,"Fort Dodge, IA",
73907,Lainie Whitmire,Lainie,Whitmire,,"Overbrook, OK",
103190,Donna Murphy,Donna,Murphy,,"Lipan, TX",
105174,Kendall Kennedy,Kendall,Kennedy,,"Stephenville, TX",
110260,Ashley Restivo,Ashley,Restivo,,"Chico, TX",
86219,Jayde Baumeister,Jayde,Baumeister,,"Goldthwaite, TX",
104630,Taylor Manning,Taylor,Manning,,"Ponoka, AB",
113139,Kagan Davis,Kagan,Davis,,"Wayne, OK",
90999,Liz McManus,Liz,McManus,,"McDade, TX",
90915,Kyndal Schley,Kyndal,Schley,,"Mtn Park, OK",
101076,Annaliese Allshouse,Annaliese,Allshouse,,"Cody, WY",
73547,Jacque Woolman,Jacque,Woolman,,"Bluff Dale, TX",
113715,Annslee Gose,Annslee,Gose,,"Lorida, FL",
113769,Dally Exposito,Dally,Exposito,,"Okeechobee, FL",
102810,Kacie Cranor,Kacie,Cranor,,"Lake Wales, FL",
106330,Morgan Young,Morgan,Young,,"Vero Beach, FL",
105773,Cricket Calcote,Cricket,Calcote,,"DeRidder, LA",
110617,Erin McLaughlin,Erin,McLaughlin,,"Bunnell, FL",
113925,Addie Denton,Addie,Denton,,"Albany, TX",
75927,Sherry Assmann,Sherry,Assmann,,"Cheyenne, OK",
92386,Chelsea Bartlett,Chelsea,Bartlett,,"Kiln, MS",
94589,Kathryn Hawkins,Kathryn,Hawkins,,"Morritton, AR",
107543,Pascale Sylvain,Pascale,Sylvain,,"Gainsville, TX",
113095,Hannah Kilgore,Hannah,Kilgore,,"Moselle, MS",
113117,Jenna Johnson,Jenna,Johnson,,"Mt. Olive, MS",
113888,Taylor Shurden,Taylor,Shurden,,"Winona, MS",
108839,Brandie Inman,Brandie,Inman,,"Nowata, OK",
102752,Taycie Matthews,Taycie,Matthews,,"Wynne, AR",
89271,Dawn Elmore,Dawn,Elmore,,"Campbell, TX",
111907,Helen Beason,Helen,Beason,,"Philadelphia, MS",
91381,Jennifer Rocheleau,Jennifer,Rocheleau,,"Oka, QC",
101256,Cheyenne Rondeaux,Cheyenne,Rondeaux,,"Alpine, TX",
113998,Brooklyn Brungardt,Brooklyn,Brungardt,,"Eudora, KS",
109317,Jackie Heesch,Jackie,Heesch,,"Corydon, IA",
111740,Taylor Davis,Taylor,Davis,,"Rifle, CO",
113850,Jordan Battistone,Jordan,Battistone,,"Tucson, AZ",
74030,Carly Todd,Carly,Todd,,"Willcox, AZ",
95477,Tiffany Accomazzo,Tiffany,Accomazzo,,"Stephenville, TX",
103484,Kaitlyn Duby,Kaitlyn,Duby,,"Pasco, WA",
110072,Renee Eisele,Renee,Eisele,,"Hygiene, CO",
110550,Cordy Cox,Cordy,Cox,,"Tatia Lake, BC",
111494,Kennedy Cook,Kennedy,Cook,,"Willcox, AZ",
113753,Lily Hallett,Lily,Hallett,,"Tenino, WA",
113398,Jayda Staley,Jayda,Staley,,"Cottonwood, CA",
107272,Scotti Erickson,Scotti,Erickson,,"Lewiston, ID",
113666,Hailey Burger,Hailey,Burger,,"Belgrade, MT",
104859,Emma Schmidt,Emma,Schmidt,,"Norris, MT",
105428,Shaya Biever,Shaya,Biever,,"Claresholm, AB",
102528,Kayla Olson,Kayla,Olson,,"Chadron, NE",
101381,Bailey Brown,Bailey,Brown,,"Kaycee, WY",
113937,Rylee Wilson,Rylee,Wilson,,"Gleichen, AB",
113183,Lily Valentine,Lily,Valentine,,"Boerne, TX",
101984,Bradi Whiteside,Bradi,Whiteside,,"Longview, AB",
108257,Karmen Martin,Karmen,Martin,,"Kopperl, TX",
103242,Brooke Andrews,Brooke,Andrews,,"Killeen, TX",
77049,Carman Lambert,Carman,Lambert,,"Savona, BC",
99204,Cassie Bergevin,Cassie,Bergevin,,"Ellensburg, WA",
100383,Kylee Echevarria,Kylee,Echevarria,,"Nampa, ID",
110281,Ava Both,Ava,Both,,"Ellensburg, WA",
102460,Tanna Osmin,Tanna,Osmin,,"Hermiston, OR",
113865,Alicia Baggarley,Alicia,Baggarley,,"Yakima, WA",
76759,Karla Gust,Karla,Gust,,"Kennewick, WA",
110592,Cheyenne Hammer,Cheyenne,Hammer,,"Warden, WA",
82151,Heather Campbell,Heather,Campbell,,"Pendleton, OR",
74991,Samantha Davis,Samantha,Davis,,"Rossville, TN",
100191,Makenly Davis,Makenly,Davis,,"Post Falls, ID",
111536,Lacey Smith,Lacey,Smith,,"Lewiston, ID",
109142,Bailey Nachtigal,Bailey,Nachtigal,,"Davenport, WA",
100401,Jamie Marts,Jamie,Marts,,"Adrian, OR",
98160,Abbie Crews,Abbie,Crews,,"Glen Rose, TX",
74875,Valee Miller,Valee,Miller,,"Billings, MT",
74113,Rachel Viergets,Rachel,Viergets,,"Nisland, SD",
107199,Hannah Lowell,Hannah,Lowell,,"Park City, MT",
73665,Kachena Lesmeister,Kachena,Lesmeister,,"Rozet, WY",
73932,Lacy Sampson,Lacy,Sampson,,"Interior, SD",
97758,Bethany Gabel,Bethany,Gabel,,"Lafayette, CO",
113537,Dusty Willis,Dusty,Willis,,"Deaver, WY",
76516,Kelly Thompson,Kelly,Thompson,,"Whitewood, SD",
105788,Madelyn Chambers,Madelyn,Chambers,,"Fort Lupton, CO",
73766,Wendy Hoefer,Wendy,Hoefer,,"Ft Lupton, CO",
74424,Tannis Kramer,Tannis,Kramer,,"Sheperd, MT",
73874,Lana Tibbetts,Lana,Tibbetts,,"Billings, MT",
111605,Billie Schaff,Billie,Schaff,,"Billings, MT",
94911,Kynzie McNeill,Kynzie,McNeill,,"Valentine, NE",
109381,Landry Haugen,Landry,Haugen,,"Sturgis, SD",
75480,Jamie Wells,Jamie,Wells,,"Nunn, CO",
74544,Becky Halverson,Becky,Halverson,,"Quinn, SD",
99516,Katie Rossow,Katie,Rossow,,"Fairfield, ND",
91976,Ashley Schad,Ashley,Schad,,"Whitefish, MT",
100136,Shelby Boisjoli-Meged,Shelby,Boisjoli-Meged,,"Calgary, AB",/images/2020/11/10/07_Boisjoli_Shelby_blue.png
76979,Tracy Bridwell,Tracy,Bridwell,,"Bismarck, ND",
105514,Cedar Kohr,Cedar,Kohr,,"Buffalo, WY",
74051,Stacey Tate,Stacey,Tate,,"Eunice, LA",
77192,Kacie Robinson,Kacie,Robinson,,"North Fort Myers, FL",
99449,Emilee Carlisle,Emilee,Carlisle,,"Newberry, FL",
74812,Jamie Adams,Jamie,Adams,,"Wauchula, FL",
111972,Sage Dunlap,Sage,Dunlap,,"Bear Creek, NC",
113560,Christy Drummond,Christy,Drummond,,"St. Martinville, LA",
101282,Stevie Perkins,Stevie,Perkins,,"Kinder, LA",
86107,Randie Hartt,Randie,Hartt,,"Zolfo Springs, FL",
102415,Mandy Walker,Mandy,Walker,,"Welsh, LA",
113096,Hadleigh Smith,Hadleigh,Smith,,"Bell City, LA",
112052,Ryla Bryant,Ryla,Bryant,,"Lakeland, FL",
97884,Christy Larsen,Christy,Larsen,,"Fort Collins, CO",
74673,CJ Vondette,CJ,Vondette,,"Rifle, CO",
73878,Shali Lord,Shali,Lord,,"Lamar, CO",
90136,Bonnie Wheatley,Bonnie,Wheatley,,"Kremmling, CO",
105569,Kylie Wells,Kylie,Wells,,"Guffey, CO",
89929,Yvette Vega,Yvette,Vega,,"Charlo, MT",
92641,Jody Tucker,Jody,Tucker,,"Ellensburg, WA",
76588,Amberleigh Moore,Amberleigh,Moore,,"Salem, OR",
94925,Janie Freed,Janie,Freed,,"Pocatello, ID",
73693,Brenda Mays,Brenda,Mays,,"Tonopah, AZ",
103111,Megan White,Megan,White,,"Eloy, AZ",
74376,Bonnie Blain,Bonnie,Blain,,"Lake Shore, UT",
111314,Terri Castle,Terri,Castle,,"Riverton, WY",
87036,Phyllis Owens,Phyllis,Owens,,"Milton Freewater, OR",
113711,Dalli Snyder,Dalli,Snyder,,"Emmett, ID",
103131,Becca Gilley,Becca,Gilley,,"Belle Fourche, SD",
73837,Kristi Youngblood,Kristi,Youngblood,,"Wickenburg, AZ",
73771,Sarah Zaleski,Sarah,Zaleski,,"Tuttle, OK",
100035,Sarah Verhelst,Sarah,Verhelst,,"Pryor, MT",
113718,Remi Wells,Remi,Wells,,"Central City, NE",
96024,Paige Camp,Paige,Camp,,"Belgrade, MT",
101733,Abbea Faris,Abbea,Faris,,"Lucerne, CO",
113736,Whitney Loveland,Whitney,Loveland,,"Sedgwick, KS",
91805,Renee Gardner,Renee,Gardner,,"Stephentown, NY",
107170,Karissa Landis,Karissa,Landis,,"Middleburg, PA",
99436,Madison Toth,Madison,Toth,,"Wolcott, CT",
101389,Sam Vallone,Sam,Vallone,,"Ballston Spa, NY",
105329,Nicole Davidson,Nicole,Davidson,,"Canterbury, CT",
108431,Alyssa LoBello,Alyssa,LoBello,,"Syracuse, NY",
102919,Stephanie Dyer,Stephanie,Dyer,,"Franklinville, NJ",
111911,Georgia Warner,Georgia,Warner,,"Marathon, NY",
101987,Margaret Rusmisel,Margaret,Rusmisel,,"Mount Pleasant, PA",
107737,Ashlyn Goven,Ashlyn,Goven,,"Stephenville, TX",
75478,Tessa Salsedo,Tessa,Salsedo,,"Ranger, TX",
106648,Karsen Jackson,Karsen,Jackson,,"Cornville, AZ",
113269,Alea Hendrick,Alea,Hendrick,,"Bedias, TX",
95517,Shea Durfey,Shea,Durfey,,"Millsap, TX",
93828,Dona Kay Rule,Dona Kay,Rule,Dona Kay,"Minco, OK",/images/2020/11/4/03_Rule_Dona_Kay_cutout.png
110461,Kaci Solberg,Kaci,Solberg,,"Petersburg, TX",
105167,Haley Buchanan,Haley,Buchanan,,"Goldthwaite, TX",
74685,Becky Fuson,Becky,Fuson,,"Conrad, MT",
76600,Abigail Knight,Abigail,Knight,,"Charlo, MT",
109406,Brittney Cox,Brittney,Cox,,"Chinook, MT",
75847,Bailee Murnion,Bailee,Murnion,,"Kinsey, MT",
113312,Makenzie Dowell,Makenzie,Dowell,,"Marlin, TX",
107530,Bailey Currie,Bailey,Currie,,"Wharton, TX",
111752,Maggie King,Maggie,King,,"Granville, NY",
102634,Cheyenne Chamberlain,Cheyenne,Chamberlain,,"Fort Ann, NY",
100781,Brianna Waltz,Brianna,Waltz,,"Jersey Shore, PA",
111550,Britney Butzer,Britney,Butzer,,"Orrville, OH",
101947,Sierra Clement,Sierra,Clement,,"Hudson Falls, NY",
97207,Emily Fabian,Emily,Fabian,,"Gansevort, NY",
101385,Shayne Vallone,Shayne,Vallone,,"Ballston Spa, NY",
109764,Ellie Meeks,Ellie,Meeks,,"Geraldine, MT",
102265,Molly Salmond,Molly,Salmond,,"Choteau, MT",
74346,Alicia Bird,Alicia,Bird,,"Cut Bank, MT",
100086,Anna Callaway,Anna,Callaway,,"Billings, MT",
107020,Dusti Bird,Dusti,Bird,,"Cut Bank, MT",
100062,Jacey Fortier,Jacey,Fortier,,"Billings, MT",
97905,Celie Salmond,Celie,Salmond,,"Choteau, MT",
113158,Ella McCoy,Ella,McCoy,,"Stephenville, TX",
113650,Alex Stephens,Alex,Stephens,,"Leesville, LA",
107658,Emily Harryman,Emily,Harryman,,"Browns Valley, CA",
95176,Amy Brochu-Tripp,Amy,Brochu-Tripp,,"Penrose, CO",
105856,Mejrusa Rustemovic,Mejrusa,Rustemovic,,"Kiowa, CO",
105249,Sage Kohr,Sage,Kohr,,"Laramie, WY",
73438,Caren Lamb,Caren,Lamb,,"New Kirk, NM",
102774,Marcy Tamm,Marcy,Tamm,,"Castle Rock, CO",
103341,Kelby Eastman,Kelby,Eastman,,"Pine Bluffs, WY",
110163,Sierra Neiberger,Sierra,Neiberger,,"Encampment, WY",
73810,Christy Hefley,Christy,Hefley,,"Pine Bluffs, WY",
111799,Sage Wheatley,Sage,Wheatley,,"Kremmling, CO",
73458,Kelly Yates,Kelly,Yates,,"Pueblo, CO",
74694,Cody Adams,Cody,Adams,,"Ault, CO",
110058,Chloe Eichinger,Chloe,Eichinger,,"Erie, CO",
73934,Mandy Tysdal,Mandy,Tysdal,,"New Castle, WY",
105312,Bailey Bryson,Bailey,Bryson,,"Alamosa, CO",
107336,Taylor Robson,Taylor,Robson,,"Pueblo, CO",
113585,Taylor Pankoff,Taylor,Pankoff,,"Parker, CO",
89411,Taleen Vick,Taleen,Vick,,"Byers, CO",
104760,Kohley Longmeyer,Kohley,Longmeyer,,"Mead, CO",
109078,Rachel Huerkamp,Rachel,Huerkamp,,"Delta, CO",
73905,Kathy Pennington,Kathy,Pennington,,"Fort Lupton, CO",
90404,Lorie Diodosio,Lorie,Diodosio,,"Fowler, CO",
110144,Jentry Vandenberg,Jentry,Vandenberg,,"Bellvue, CO",
106054,Della Bird,Della,Bird,,"Williston, FL",
105557,Riley Youngman,Riley,Youngman,,"Centuria, WI",
73986,Toni Gracey,Toni,Gracey,,"Wellington, CO",
89625,Jan Iberlin,Jan,Iberlin,,"Buffalo, WY",
108113,Gwyneth Cheyne,Gwyneth,Cheyne,,"Casper, WY",
113277,Stephanie Root,Stephanie,Root,,"Pinedale, WY",
97739,Cady Erb,Cady,Erb,,"Rozet, WY",
111560,Torri Nicholls,Torri,Nicholls,,"Riverton, WY",
104131,Kady Barr,Kady,Barr,,"Casper, WY",
75921,Lexi Bath,Lexi,Bath,,"Jay Em, WY",
75574,Shanan Doherty,Shanan,Doherty,,"Sterling, CO",
110087,Kamryn Adent,Kamryn,Adent,,"Loveland, CO",
110507,Harley Mackey,Harley,Mackey,,"Burns, WY",
73872,Margaret Jones,Margaret,Jones,,"Farson, WY",
108458,Gracie Blaser,Gracie,Blaser,,"Bowman, ND",
77098,Kathy Korell-Rach,Kathy,Korell-Rach,,"Loveland, CO",
105518,Heather Jacobson,Heather,Jacobson,,"Douglas, WY",
105306,Jessica Jones,Jessica,Jones,,"Lakeside, CA",
95225,Jamie Harris,Jamie,Harris,,"Ramona, CA",
108472,Masyn Powers,Masyn,Powers,,"Escondido, CA",
74109,Jacque Hannon,Jacque,Hannon,,"Brawley, CA",
113316,Ruby Robbins,Ruby,Robbins,,"Brawley, CA",
108526,Brooke Hayes,Brooke,Hayes,,"Huntington Beach, CA",
111975,Shelby Schroeder,Shelby,Schroeder,,"Norco, CA",
99808,Brandi Willson,Brandi,Willson,,"Corona, CA",
111292,Lyndee Moser,Lyndee,Moser,,"Las Vegas, NV",
111142,Maci Harvey,Maci,Harvey,,"Oakdale, CA",
111344,Brylee Wall,Brylee,Wall,,"Roosevelt, UT",
74836,McKale Seitz,McKale,Seitz,,"Taylor, UT",
74939,Kimmie Wall,Kimmie,Wall,,"Roosevelt, UT",
95837,Haylee Moosman Woodward,Haylee,Moosman Woodward,,"Morgan, UT",
110122,Hailey Krahenbuhl,Hailey,Krahenbuhl,,"Henderson, NV",
111264,Jamie McIntyre,Jamie,McIntyre,,"Wittmann, AZ",
111194,Amanda Childers,Amanda,Childers,,"Las Vegas, NV",
102362,Macee McAllister,Macee,McAllister,,"St. George, UT",
107086,Arabella Cook,Arabella,Cook,,"Brookings, SD",
110810,Alix Vandervoort,Alix,Vandervoort,,"Elko, MN",
109423,Carlee Nelson,Carlee,Nelson,,"Coleman, SD",
92664,Annie Gates,Annie,Gates,,"Miller, SD",
109999,Olivia Lewandowski,Olivia,Lewandowski,,"Clear Lake, SD",
105492,Sierra Steele,Sierra,Steele,,"Tomah, WI",
110132,Sloan Stahnke,Sloan,Stahnke,,"Spicer, MN",
111656,Morgan Theisen,Morgan,Theisen,,"Clear Lake, SD",
103732,Cassandra Witt,Cassandra,Witt,,"Henning, MN",
95155,Alyssa Woodward,Alyssa,Woodward,,"Gary, SD",
100391,Megan Burbidge,Megan,Burbidge,,"Tremonton, UT",
100160,Addy Hill,Addy,Hill,,"Thatcher, UT",
107006,Eryn Maddock,Eryn,Maddock,,"Adrian, OR",
107240,Ali Allen,Ali,Allen,,"Linwood, NJ",
97791,Chrissy Chromczak,Chrissy,Chromczak,,"East Greenbush, NY",
109147,Anna Poorbaugh,Anna,Poorbaugh,,"Mount Pleasant, PA",
75929,Loren Altman,Loren,Altman,,"Latrobe, PA",
96241,Erica Edwards,Erica,Edwards,,"Galway, NY",
98655,Madison Quinn,Madison,Quinn,,"Schvylerville, NY",
73777,Beth Borowy,Beth,Borowy,,"Glenn Mills, PA",
111807,Macksi Warner,Macksi,Warner,,"Marathon, NY",
93393,Shelby Nastri,Shelby,Nastri,,"Ballston Spa, NY",
92509,Patricia Galway,Patricia,Galway,,"Cleveland, NY",
113343,Amy Galway,Amy,Galway,,"Cleveland, NY",
104694,Samatha Donahue,Samatha,Donahue,,"Graniteville, VT",
105266,Kim Matthews,Kim,Matthews,,"Oxford, CT",
105020,Madison Dewetering,Madison,Dewetering,,"Ailsa Craig, ON",
101112,Gloria Acosta,Gloria,Acosta,,"Troy, NY",
105392,Caroline Schermerhorn,Caroline,Schermerhorn,,"Chatham, NY",
73573,Jennifer Romriell,Jennifer,Romriell,,"Broadalbin, NY",
107092,Aericka Lindstrom,Aericka,Lindstrom,,"Billerica, MA",
92101,Theresa Stannard,Theresa,Stannard,,"Chestertown, NY",
75750,Kathy Clement,Kathy,Clement,,"Pedricktown, NJ",
75351,Kristin Weber,Kristin,Weber,,"Cochranville, PA",
73875,Sandra Pomykala,Sandra,Pomykala,,"New Egypt, NJ",
75570,Joylynn Leech,Joylynn,Leech,,"Wantage, NJ",
73776,Kristine Roy,Kristine,Roy,,"Hagaman, NY",
109121,Amanda Zemken,Amanda,Zemken,,"Fort Johnson, NY",
110253,Gabby Graham,Gabby,Graham,,"Lake Luzerne, NY",
107819,Shelby Edwards,Shelby,Edwards,,"Broadalbin, NY",
107129,Lindsey Brunelle,Lindsey,Brunelle,,"Schuylerville, NY",
102555,Kasey Kostraba,Kasey,Kostraba,,"Mumford, NY",
106852,Kerri Stein,Kerri,Stein,,"Scottsville, NY",
73943,Jayme Myers,Jayme,Myers,,"Felton, PA",
107392,Jolene Guide,Jolene,Guide,,"Essex, MA",
102355,Taylor Feldeisen,Taylor,Feldeisen,,"Olmstedville, NY",
75878,Shana Graham,Shana,Graham,,"Lake Luzerne, NY",
102962,Courtney Cook,Courtney,Cook,,"Florence, VT",
109997,Kirsten Hartz,Kirsten,Hartz,,"Broadalbin, NY",
103220,Tracey Brennan,Tracey,Brennan,,"Ashburnham, MA",
110090,Eryn Cardinale,Eryn,Cardinale,,"Ballston Spa, NY",
110092,Dee Burch,Dee,Burch,,"Greenwich, NY",
76378,Hannah Cronk,Hannah,Cronk,,"Amsterdam, NY",
107124,Pepper Cronk,Pepper,Cronk,,"Amsterdam, NY",
102556,Jessie Letzelter,Jessie,Letzelter,,"Pottersville, NY",
113196,Emma Watts,Emma,Watts,,"Muncy, PA",
107815,Weslynn Reno,Weslynn,Reno,,"Las Cruces, NM",
103471,Katie Davis,Katie,Davis,,"Ovalo, TX",
110458,Donna Harris,Donna,Harris,,"Canyon, TX",
94222,Lisa Fernandes,Lisa,Fernandes,,"Pecos, TX",
103403,Alexandra Daigle,Alexandra,Daigle,,"Millsap, TX",
98706,Lily Washburn,Lily,Washburn,,"Amarillo, TX",
74549,Kyra Lane,Kyra,Lane,,"Leedey, OK",
97479,Karson Berger,Karson,Berger,,"Saratoga, WY",
108351,Rayne Grant,Rayne,Grant,,"Wheatland, WY",
112054,McLayne Roebuck,McLayne,Roebuck,,"Okeechobee, FL",
105103,Katie Spears,Katie,Spears,,"Sumner, GA",
74303,Amanda Weekley,Amanda,Weekley,,"SW Ranches, FL",
111558,Rylee Elliott,Rylee,Elliott,,"Reddick, FL",
75603,Mandy Amos,Mandy,Amos,,"Ocala, FL",
100459,Willow Wilson,Willow,Wilson,,"Baggs, WY",
102576,Devin Robinson,Devin,Robinson,,"Moorcroft, WY",
91063,Coralee Andersen,Coralee,Andersen,,"Shoshoni, WY",
110035,Maddi Hickmon,Maddi,Hickmon,,"Peaster, TX",
113135,Shay Clements,Shay,Clements,,"Wolfforth, TX",
100942,Kelsey Hallin,Kelsey,Hallin,,"Goodwell, OK",
106664,Tayler Eiguren,Tayler,Eiguren,,"Arock, OR",
113129,Kenzie Beazley,Kenzie,Beazley,,"Mechanicsville, VA",
110910,Lilly Eakes,Lilly,Eakes,,"Cleburne, TX",
107581,Harley Meged,Harley,Meged,,"Miles City, MT",
113134,Olivia Wosnik,Olivia,Wosnik,,"Hyde Park, UT",
110427,Simone Park,Simone,Park,,"Lipan, TX",
113128,Deb Raulerson,Deb,Raulerson,,"San Mateo, FL",
74341,Bigtown Billie,Bigtown,Billie,,"Okeechobee, FL",
110824,Beth Fowler,Beth,Fowler,,"Citra, FL",
110387,Dana Bates,Dana,Bates,,"Arcadia, FL",
113123,Becky Vizcaino,Becky,Vizcaino,,"Pomona, FL",
103098,Katie Smith,Katie,Smith,,"Arcadia, FL",
108388,Lexus Hommer,Lexus,Hommer,,"Fort Pierce, FL",
97957,Alexis King,Alexis,King,,"Avon Park, FL",
73746,Sherrylynn Johnson,Sherrylynn,Johnson,,"Henryetta, OK",
113070,Jasmin Bakri,Jasmin,Bakri,,"Knoxville, TN",
108671,Summer Huston,Summer,Huston,,"La Center, WA",
75419,Lauren Davang,Lauren,Davang,,"Wharton, TX",
112047,Sutton Eddings,Sutton,Eddings,,"Stephenville, TX",
107601,Liz Kidd Kirkham,Liz,Kidd Kirkham,,"Cleveland, TX",
108319,Piper Cordes,Piper,Cordes,,"Wall, SD",
74359,Lacey Lockard,Lacey,Lockard,,"San Miguel, CA",
111210,Kamira Miller,Kamira,Miller,,"Newell, SD",
104977,Sierra Lee,Sierra,Lee,,"Rhame, ND",
106323,Maddie Farmer,Maddie,Farmer,,"New Braunsfel, TX",
96019,Brittany Amos,Brittany,Amos,,"Anderson, TX",
102745,Alea Hendrick,Alea,Hendrick,,"Bedlas, TX",
73533,Terri-Kaye Kirkland,Terri-Kaye,Kirkland,,"Billings, MT",
105501,Jessica Ragsdale,Jessica,Ragsdale,,"Dayton, TX",
74984,Alissa Burson,Alissa,Burson,,"Kilgore, TX",
76873,Mitzi Duke,Mitzi,Duke,,"McDade, TX",
96020,Amanda Slaughter,Amanda,Slaughter,,"Floresville, TX",
90449,Haley Gilliland,Haley,Gilliland,,"San Antonio, TX",
113078,Brooke Krolczyk,Brooke,Krolczyk,,"Cypress, TX",
108277,Ashley Specht,Ashley,Specht,,"Poteet, TX",
96893,Callie Albrecht,Callie,Albrecht,,"Victoria, TX",
73780,Tyra Kane,Tyra,Kane,,"Weatherford, TX",
104759,Jill Mark-elle,Jill,Mark-elle,,"Stephenville, TX",
109616,Harley Potter,Harley,Potter,,"Waxahachie, TX",
111542,Courtlynn Lee,Courtlynn,Lee,,"Crockett, TX",
112050,Kirby Rawlinson,Kirby,Rawlinson,,"Waller, TX",
100456,Rylie Smith,Rylie,Smith,,"Whitsett, TX",
111973,Ryann Packard,Ryann,Packard,,"Mineral Wells, TX",
111138,Bailey Hanson,Bailey,Hanson,,"Itasca, TX",
113079,Kayla Lombardo,Kayla,Lombardo,,"Dublin, TN",
73504,Donelle Jones,Donelle,Jones,,"Bryan, TX",
74014,Tasha Welsh,Tasha,Welsh,,"Dublin, TX",
90443,Chani Graves,Chani,Graves,,"Sulphur Springs, TX",
101000,Olivia Robinson,Olivia,Robinson,,"Bellville, TX",
110289,Emma Smith,Emma,Smith,,"Pleasanton, TX",
76308,Cindy Turner,Cindy,Turner,,"Lawn, TX",
90997,Destri Devenport,Destri,Devenport,,"Prairie View, TX",
106169,Jentri Haivala,Jentri,Haivala,,"Newton, TX",
96328,Zoe Corkill,Zoe,Corkill,,"Victoria, TX",
75451,Mary Thomas,Mary,Thomas,,"Hermiston, OR",
108461,Emily Askew,Emily,Askew,,"Cat Spring, TX",
110312,Josie Carlton,Josie,Carlton,,"Rising Star, TX",
107607,Joelle Watson,Joelle,Watson,,"Cleburne, TX",
110694,Adriana Daunt,Adriana,Daunt,,"Fort Meade, FL",
112019,Shelby Spencer,Shelby,Spencer,,"Middleburg, FL",
109814,Tevarhee Brackin,Tevarhee,Brackin,,"Goldsby, OK",
110032,Macy Hoggett,Macy,Hoggett,,"Garland, TX",
109896,Teryn McWhirter,Teryn,McWhirter,,"Ignacio, CO",
106854,Chloe Lambert,Chloe,Lambert,,"Willis, TX",
100081,Abby Cox,Abby,Cox,,"Stephenville, TX",
109881,Bridget Yates,Bridget,Yates,,"Bryan, TX",
99972,Amanda Hodges,Amanda,Hodges,,"Brazoria, TX",
112032,Katy Webb,Katy,Webb,,"Buffalo, TX",
100409,Bethanie Harkey,Bethanie,Harkey,,"Los Lunas, NM",
110279,Kimberly Luco,Kimberly,Luco,,"Decatur, TX",
113114,Ashton Poole,Ashton,Poole,,"Conroe, TX",
110223,Kinley Shook,Kinley,Shook,,"Needville, TX",
74904,Kendall Purgatorio,Kendall,Purgatorio,,"Hempstead, TX",
94535,Jane Fambro,Jane,Fambro,,"Stephenville, TX",
110012,Jayden Guidry,Jayden,Guidry,,"Winnie, TX",
112049,Cara Calhoun,Cara,Calhoun,,"Brandon, MS",
75684,Wendy Taylor-Monroe,Wendy,Taylor-Monroe,,"Marianna, FL",
73584,Patti Roberts,Patti,Roberts,,"Westville, FL",
101961,Sarah Angelone,Sarah,Angelone,,"Lipan, TX",
103572,Kaci Johnson,Kaci,Johnson,,"Magee, MS",
99739,Bobbi Bond,Bobbi,Bond,,"Florence, MS",
106303,Gracie Green,Gracie,Green,,"Roanoke, AL",
110799,Makayla Maston,Makayla,Maston,,"Lancaster, CA",
111289,Parker Asam,Parker,Asam,,"Murrieta, CA",
111350,Jersi Laughton,Jersi,Laughton,,"Escondido, CA",
109867,Hadley Fannon,Hadley,Fannon,,"Woody, CA",
111951,Stephanie Stanley,Stephanie,Stanley,,"Norco, CA",
102598,Daley Raze,Daley,Raze,,"Stephenville, TX",
94595,Tierra Zapalac,Tierra,Zapalac,,"Bangs, TX",
74582,Emily Cullins,Emily,Cullins,,"Dublin, TX",
99338,Casey Allen,Casey,Allen,,"Stephenville, TX",
109816,Ashley Imming,Ashley,Imming,,"Argyle, TX",
111762,Brooke Henry,Brooke,Henry,,"Waller, XX",
74061,Aimee Kay,Aimee,Kay,,"Bluff Dale, TX",
101325,Jessica Watkins,Jessica,Watkins,,"Hico, TX",
104364,Alexis Tache,Alexis,Tache,,"Decatur, TX",
97419,Lauren Riley,Lauren,Riley,,"Stephenville, TX",
102821,Teneille Angland,Teneille,Angland,,"Grover, CO",
105772,Presley Scalzo,Presley,Scalzo,,"Stephenville, TX",
74507,Kendra Feaser,Kendra,Feaser,,"Stephenville, TX",
74044,Irene Feaser,Irene,Feaser,,"Stephenville, TX",
110283,Blair Stasinski,Blair,Stasinski,,"Weatherford, TX",
99305,Martha Smith,Martha,Smith,,"Lipan, TX",
103596,Dee Jordan,Dee,Jordan,,"Graford, TX",
111685,Falyn Thomson,Falyn,Thomson,,"Encino, NM",
101759,Jessica Hemphill,Jessica,Hemphill,,"Mount Pleasent, TX",
110501,April Field,April,Field,,"Comanche, TX",
107660,Kodi Hansen,Kodi,Hansen,,"Everly, IA",
94020,Calli Van Tassell,Calli,Van Tassell,,"Hooper, UT",
99938,Amanda Butler,Amanda,Butler,,"Payson, UT",
73645,Kali Parker,Kali,Parker,,"Wendell, ID",
110619,Contessa Heaton,Contessa,Heaton,,"Cedar Valley, UT",
109081,Kelsey Larsen,Kelsey,Larsen,,"Bluffdale, UT",
110595,Nicole Knowles,Nicole,Knowles,,"Farmington, UT",
104166,Kaitlyn Absatz,Kaitlyn,Absatz,,"Escondido, CA",
92776,Jamie La Fortune,Jamie,La Fortune,,"Jamul, CA",
73979,Whitney Robinson,Whitney,Robinson,,"Mesilla Park, NM",
91922,Jamie Ramage,Jamie,Ramage,,"Roswell, NM",
108969,Madelyn Schauer Bell,Madelyn,Schauer Bell,,"Corona, NM",
111850,Angel Ballesteros,Angel,Ballesteros,,"Mesilla Park, NM",
112027,Victoria Ballesteros,Victoria,Ballesteros,,"Mesilla Park, NM",
73697,Lisa Anderson,Lisa,Anderson,,"Tularosa, NM",
73847,Teresa Turbeville,Teresa,Turbeville,,"Scurry, TX",
90390,Tami Burklund,Tami,Burklund,,"Lexington, TX",
112048,Blaine Fisher,Blaine,Fisher,,"Hearne, TX",
104184,Audrey Story,Audrey,Story,,"Lake Wales, FL",
86380,Shawna Turner,Shawna,Turner,,"Whitesboro, TX",
102470,Millie Frey,Millie,Frey,,"Eunice, LA",
109800,Margot LaPay,Margot,LaPay,,"Park City, UT",
108169,Zoey Thygesen,Zoey,Thygesen,,"Spring Branch, TX",
95283,Chelly Zerlotti,Chelly,Zerlotti,,"Pleasanton, TX",
110604,Kaidyn Holland,Kaidyn,Holland,,"Greenville, CA",
103900,Audrie Mann,Audrie,Mann,,"Tehachapi, CA",
108701,Chelsea James,Chelsea,James,,"Porterville, CA",
106883,Cierra Farquer,Cierra,Farquer,,"Acampo, CA",
73660,Kim Coleman,Kim,Coleman,,"Mayhill, NM",
110794,Jeanette Scott,Jeanette,Scott,,"Orla, TX",
107703,Jordan Kirkes,Jordan,Kirkes,,"Carlsbad, NM",
101059,Kim Gray,Kim,Gray,,"Middleburg, FL",
103200,Melissa O'Connor,Melissa,O'Connor,,"New Smyrna Beach, FL",
109933,Rebecca Vizcaino,Rebecca,Vizcaino,,"Pomona Park, FL",
110944,Bree Rupert,Bree,Rupert,,"Sanford, FL",
106508,Mackie Saavedra,Mackie,Saavedra,,"Tome, NM",
108702,Kadence Dorman,Kadence,Dorman,,"Las Cruces, NM",
100304,Erin Jones,Erin,Jones,,"Chinle, AZ",
73822,Rosie Bradley,Rosie,Bradley,,"Collinsville, TX",
110791,Emma Springer,Emma,Springer,,"De Leon, TX",
94073,Bobbie Griswold,Bobbie,Griswold,,"Lake Luzerne, NY",
95928,Joanna Reid,Joanna,Reid,,"Thorndike, ME",
103622,Carri Crockett,Carri,Crockett,,"New Sharon, ME",
99953,Paige Pursel,Paige,Pursel,,"Danville, PA",
92387,Kerri Frazier,Kerri,Frazier,,"South Easton, MA",
74008,Sheena Robbins,Sheena,Robbins,,"Fresno, CA",
110389,Julie Murphy,Julie,Murphy,,"Keachi, LA",
110031,Madison Hamilton,Madison,Hamilton,,"Jefferson, TX",
102518,Brooklyn Berg,Brooklyn,Berg,,"Mandan, ND",
100435,Lacey Hewitt,Lacey,Hewitt,,"Whitewood, SD",
109988,Alissa Erickson,Alissa,Erickson,,"Snelling, XX",
110826,Sophia Corona,Sophia,Corona,,"Moultrie, XX",
110927,Patricia Rincon,Patricia,Rincon,,"Auburn, CA",
104233,Gianna O'Day,Gianna,O'Day,,"Ferndale, CA",
74588,Lacinda Rose,Lacinda,Rose,,"Willard, MO",
76258,Jamie Lenzner,Jamie,Lenzner,,"Wausau, WI",
110187,Cameron Shoultz,Cameron,Shoultz,,"Muscatine, IA",
108028,Kylie Hecht,Kylie,Hecht,,"Merrill, IA",
83600,Racquel Ware,Racquel,Ware,,"Wolfforth, TX",
103556,Jacy Daughenbaugh,Jacy,Daughenbaugh,,"Shallowater, TX",
108014,Hailey Thompson,Hailey,Thompson,,"Columbia, XX",
107450,Landan English,Landan,English,,"Bossier City, XX",
109913,Kerstin Freeman,Kerstin,Freeman,,"Cooper, XX",
111415,Jaci Hammons,Jaci,Hammons,,"Dublin, TX",
110961,Allye Stark,Allye,Stark,,"Bellevue, TX",
110589,Makenna Morford,Makenna,Morford,,"Stanfield, AZ",
100424,Charity Hoar,Charity,Hoar,,"Pine Bluffs, WY",
111061,Kyla Jones,Kyla,Jones,,"Vilonia, AR",
98708,Danyelle Hovland,Danyelle,Hovland,,"Maiden Rock, WI",
73671,Patti Hovland,Patti,Hovland,,"Maiden Rock, WI",
74037,Kristen Loomis,Kristen,Loomis,,"Mondovi, WI",
105472,Lauren Valentin,Lauren,Valentin,,"Hayward, WI",
111358,Erin Bowen,Erin,Bowen,,"Crystal Lake, IL",
91985,Heidi Smith,Heidi,Smith,,"Spooner, WI",
109760,Alexa Thorsheim,Alexa,Thorsheim,,"Clear Lake, WI",
77208,Carrie Kriel,Carrie,Kriel,,"Princeton, MN",
